qv,q2,ex,nu,RTTOT,RLTOT,RTQE,RLQE,RTIE,RLIE,RTE,RLE,RTNS,RLNS
0.158,0.02496,-0.00102,0.0001,5.458724e-10,2.425655e-08,0.0,0.0,0.0,0.0,0.0,0.0,5.458724e-10,2.425655e-08
0.158,0.02496,-0.00092,0.0002,5.913e-10,2.617788e-08,0.0,0.0,0.0,0.0,0.0,0.0,5.913e-10,2.617788e-08
0.158,0.02496,-0.00082,0.0003,6.403509e-10,2.824675e-08,0.0,0.0,0.0,0.0,0.0,0.0,6.403509e-10,2.824675e-08
0.158,0.02496,-0.00072,0.0004,6.933006e-10,3.047404e-08,0.0,0.0,0.0,0.0,0.0,0.0,6.933006e-10,3.047404e-08
0.158,0.02496,-0.00062,0.0005,7.504443e-10,3.287143e-08,0.0,0.0,0.0,0.0,0.0,0.0,7.504443e-10,3.287143e-08
0.158,0.02496,-0.00052,0.0006,8.120985e-10,3.545141e-08,0.0,0.0,0.0,0.0,0.0,0.0,8.120985e-10,3.545141e-08
0.158,0.02496,-0.00042,0.0007,8.786023e-10,3.822732e-08,0.0,0.0,0.0,0.0,0.0,0.0,8.786023e-10,3.822732e-08
0.158,0.02496,-0.00032,0.0008,9.503188e-10,4.121347e-08,0.0,0.0,0.0,0.0,0.0,0.0,9.503188e-10,4.121347e-08
0.158,0.02496,-0.00022,0.0009,1.027637e-09,4.442512e-08,0.0,0.0,0.0,0.0,0.0,0.0,1.027637e-09,4.442512e-08
0.158,0.02496,-0.00012,0.001,1.110973e-09,4.787863e-08,0.0,0.0,0.0,0.0,0.0,0.0,1.110973e-09,4.787863e-08
0.158,0.02496,-2e-05,0.0011,1.200772e-09,5.159145e-08,0.0,0.0,0.0,0.0,0.0,0.0,1.200772e-09,5.159145e-08
0.158,0.02496,8e-05,0.0012,1.29751e-09,5.558223e-08,0.0,0.0,0.0,0.0,0.0,0.0,1.29751e-09,5.558223e-08
0.158,0.02496,0.00018,0.0013,1.401698e-09,5.987093e-08,0.0,0.0,0.0,0.0,0.0,0.0,1.401698e-09,5.987093e-08
0.158,0.02496,0.00028,0.0014,1.513881e-09,6.447884e-08,0.0,0.0,0.0,0.0,0.0,0.0,1.513881e-09,6.447884e-08
0.158,0.02496,0.00038,0.0015,1.63464e-09,6.942869e-08,0.0,0.0,0.0,0.0,0.0,0.0,1.63464e-09,6.942869e-08
0.158,0.02496,0.00048,0.0016,1.764599e-09,7.474477e-08,0.0,0.0,0.0,0.0,0.0,0.0,1.764599e-09,7.474477e-08
0.158,0.02496,0.00058,0.0017,1.904421e-09,8.045298e-08,0.0,0.0,0.0,0.0,0.0,0.0,1.904421e-09,8.045298e-08
0.158,0.02496,0.00068,0.0018,2.054819e-09,8.658097e-08,0.0,0.0,0.0,0.0,0.0,0.0,2.054819e-09,8.658097e-08
0.158,0.02496,0.00078,0.0019,2.216549e-09,9.315825e-08,0.0,0.0,0.0,0.0,0.0,0.0,2.216549e-09,9.315825e-08
0.158,0.02496,0.00088,0.002,2.390421e-09,1.002163e-07,0.0,0.0,0.0,0.0,0.0,0.0,2.390421e-09,1.002163e-07
0.158,0.02496,0.00098,0.0021,2.577299e-09,1.077886e-07,0.0,0.0,0.0,0.0,0.0,0.0,2.577299e-09,1.077886e-07
0.158,0.02496,0.00108,0.0022,2.778105e-09,1.15911e-07,0.0,0.0,0.0,0.0,0.0,0.0,2.778105e-09,1.15911e-07
0.158,0.02496,0.00118,0.0023,2.99382e-09,1.246216e-07,0.0,0.0,0.0,0.0,0.0,0.0,2.99382e-09,1.246216e-07
0.158,0.02496,0.00128,0.0024,3.225493e-09,1.339609e-07,0.0,0.0,0.0,0.0,0.0,0.0,3.225493e-09,1.339609e-07
0.158,0.02496,0.00138,0.0025,3.474241e-09,1.439724e-07,0.0,0.0,0.0,0.0,0.0,0.0,3.474241e-09,1.439724e-07
0.158,0.02496,0.00148,0.0026,3.741252e-09,1.54702e-07,0.0,0.0,0.0,0.0,0.0,0.0,3.741252e-09,1.54702e-07
0.158,0.02496,0.00158,0.0027,4.027794e-09,1.661989e-07,0.0,0.0,0.0,0.0,0.0,0.0,4.027794e-09,1.661989e-07
0.158,0.02496,0.00168,0.0028,4.335218e-09,1.785154e-07,0.0,0.0,0.0,0.0,0.0,0.0,4.335218e-09,1.785154e-07
0.158,0.02496,0.00178,0.0029,4.66496e-09,1.917071e-07,0.0,0.0,0.0,0.0,0.0,0.0,4.66496e-09,1.917071e-07
0.158,0.02496,0.00188,0.003,5.01855e-09,2.058333e-07,0.0,0.0,0.0,0.0,0.0,0.0,5.01855e-09,2.058333e-07
0.158,0.02495,0.00198,0.0031,5.397614e-09,2.209583e-07,0.0,0.0,0.0,0.0,0.0,0.0,5.397614e-09,2.209583e-07
0.158,0.02495,0.00208,0.0032,5.803884e-09,2.371587e-07,0.0,0.0,0.0,0.0,0.0,0.0,5.803884e-09,2.371587e-07
0.158,0.02495,0.00218,0.0033,6.2392e-09,2.545733e-07,0.0,0.0,0.0,0.0,0.0,0.0,6.2392e-09,2.545733e-07
0.158,0.02495,0.00228,0.0034,6.705519e-09,2.737157e-07,0.0,0.0,0.0,0.0,0.0,0.0,6.705519e-09,2.737157e-07
0.158,0.02495,0.00238,0.0035,7.204921e-09,2.972529e-07,0.0,0.0,0.0,0.0,0.0,0.0,7.204921e-09,2.972529e-07
0.158,0.02495,0.00248,0.0036,7.739615e-09,3.392042e-07,0.0,0.0,0.0,0.0,0.0,0.0,7.739615e-09,3.392042e-07
0.158,0.02495,0.00258,0.0037,8.311947e-09,4.680548e-07,0.0,0.0,0.0,0.0,0.0,0.0,8.311947e-09,4.680548e-07
0.158,0.02495,0.00268,0.0038,8.92441e-09,9.894712e-07,0.0,0.0,0.0,0.0,0.0,0.0,8.92441e-09,9.894712e-07
0.158,0.02495,0.00278,0.0039,9.579648e-09,3.144733e-06,0.0,0.0,0.0,0.0,0.0,0.0,9.579648e-09,3.144733e-06
0.158,0.02495,0.00288,0.004,1.028047e-08,1.151076e-05,0.0,0.0,0.0,0.0,0.0,0.0,1.028047e-08,1.151076e-05
0.158,0.02495,0.00298,0.0041,1.102985e-08,4.138146e-05,0.0,0.0,0.0,0.0,0.0,0.0,1.102985e-08,4.138146e-05
0.158,0.02495,0.00308,0.0042,1.183095e-08,0.0001389624,0.0,0.0,0.0,0.0,0.0,0.0,1.183095e-08,0.0001389624
0.158,0.02495,0.00318,0.0043,1.268712e-08,0.0004300842,0.0,0.0,0.0,0.0,0.0,0.0,1.268712e-08,0.0004300842
0.158,0.02494,0.00328,0.0044,1.36019e-08,0.001222376,0.0,0.0,0.0,0.0,0.0,0.0,1.36019e-08,0.001222376
0.158,0.02494,0.00338,0.0045,1.457907e-08,0.003187156,0.0,0.0,0.0,0.0,0.0,0.0,1.457907e-08,0.003187156
0.158,0.02494,0.00348,0.0046,1.562259e-08,0.007620991,0.0,0.0,0.0,0.0,0.0,0.0,1.562259e-08,0.007620991
0.158,0.02494,0.00358,0.0047,1.67367e-08,0.01671028,0.0,0.0,0.0,0.0,0.0,0.0,1.67367e-08,0.01671028
0.158,0.02494,0.00368,0.0048,1.792587e-08,0.03359723,0.0,0.0,0.0,0.0,0.0,0.0,1.792587e-08,0.03359723
0.158,0.02494,0.00378,0.0049,1.919481e-08,0.06193896,0.0,0.0,0.0,0.0,0.0,0.0,1.919481e-08,0.06193896
0.158,0.02494,0.00388,0.005,2.054855e-08,0.1047036,0.0,0.0,0.0,0.0,0.0,0.0,2.054855e-08,0.1047036
0.158,0.02494,0.00398,0.0051,2.199236e-08,0.162291,0.0,0.0,0.0,0.0,0.0,0.0,2.199236e-08,0.162291
0.158,0.02494,0.00408,0.0052,2.353185e-08,0.2306541,0.0,0.0,0.0,0.0,0.0,0.0,2.353185e-08,0.2306541
0.158,0.02494,0.00418,0.0053,2.517295e-08,0.3005803,0.0,0.0,0.0,0.0,0.0,0.0,2.517295e-08,0.3005803
0.158,0.02493,0.00428,0.0054,2.69219e-08,0.3591629,0.0,0.0,0.0,0.0,0.0,0.0,2.69219e-08,0.3591629
0.158,0.02493,0.00438,0.0055,2.878532e-08,0.3935072,0.0,0.0,0.0,0.0,0.0,0.0,2.878532e-08,0.3935072
0.158,0.02493,0.00448,0.0056,3.07702e-08,0.3953151,0.0,0.0,0.0,0.0,0.0,0.0,3.07702e-08,0.3953151
0.158,0.02493,0.00458,0.0057,3.288392e-08,0.3641351,0.0,0.0,0.0,0.0,0.0,0.0,3.288392e-08,0.3641351
0.158,0.02493,0.00468,0.0058,3.513426e-08,0.3075453,0.0,0.0,0.0,0.0,0.0,0.0,3.513426e-08,0.3075453
0.158,0.02493,0.00478,0.0059,3.752947e-08,0.2381674,0.0,0.0,0.0,0.0,0.0,0.0,3.752947e-08,0.2381674
0.158,0.02493,0.00488,0.006,4.007821e-08,0.1691147,0.0,0.0,0.0,0.0,0.0,0.0,4.007821e-08,0.1691147
0.158,0.02493,0.00498,0.0061,4.278966e-08,0.1101047,0.0,0.0,0.0,0.0,0.0,0.0,4.278966e-08,0.1101047
0.158,0.02493,0.00509,0.0062,4.567349e-08,0.06572891,0.0,0.0,0.0,0.0,0.0,0.0,4.567349e-08,0.06572891
0.158,0.02492,0.00519,0.0063,4.873989e-08,0.03597785,0.0,0.0,0.0,0.0,0.0,0.0,4.873989e-08,0.03597785
0.158,0.02492,0.00529,0.0064,5.199963e-08,0.01805719,0.0,0.0,0.0,0.0,0.0,0.0,5.199963e-08,0.01805719
0.158,0.02492,0.00539,0.0065,5.546406e-08,0.00831045,0.0,0.0,0.0,0.0,0.0,0.0,5.546406e-08,0.00831045
0.158,0.02492,0.00549,0.0066,5.914516e-08,0.003507749,0.0,0.0,0.0,0.0,0.0,0.0,5.914516e-08,0.003507749
0.158,0.02492,0.00559,0.0067,6.305554e-08,0.001358583,0.0,0.0,0.0,0.0,0.0,0.0,6.305554e-08,0.001358583
0.158,0.02492,0.00569,0.0068,6.720852e-08,0.0004836834,0.0,0.0,0.0,0.0,0.0,0.0,6.720852e-08,0.0004836834
0.158,0.02492,0.00579,0.0069,7.161815e-08,0.000159319,0.0,0.0,0.0,0.0,0.0,0.0,7.161815e-08,0.000159319
0.158,0.02491,0.00589,0.007,7.629923e-08,4.985035e-05,0.0,0.0,0.0,0.0,0.0,0.0,7.629923e-08,4.985035e-05
0.158,0.02491,0.00599,0.0071,8.126738e-08,1.670618e-05,0.0,0.0,0.0,0.0,0.0,0.0,8.126738e-08,1.670618e-05
0.158,0.02491,0.00609,0.0072,8.653911e-08,9.521255e-06,0.0,0.0,0.0,0.0,0.0,0.0,8.653911e-08,9.521255e-06
0.158,0.02491,0.00619,0.0073,9.213179e-08,1.506362e-05,0.0,0.0,0.0,0.0,0.0,0.0,9.213179e-08,1.506362e-05
0.158,0.02491,0.00629,0.0074,9.806382e-08,4.03442e-05,0.0,0.0,0.0,0.0,0.0,0.0,9.806382e-08,4.03442e-05
0.158,0.02491,0.00639,0.0075,1.043546e-07,0.0001175247,0.0,0.0,0.0,0.0,0.0,0.0,1.043546e-07,0.0001175247
0.158,0.02491,0.00649,0.0076,1.110246e-07,0.0003291446,0.0,0.0,0.0,0.0,0.0,0.0,1.110246e-07,0.0003291446
0.158,0.0249,0.00659,0.0077,1.180955e-07,0.0008578214,0.0,0.0,0.0,0.0,0.0,0.0,1.180955e-07,0.0008578214
0.158,0.0249,0.00669,0.0078,1.255903e-07,0.002060196,0.0,0.0,0.0,0.0,0.0,0.0,1.255903e-07,0.002060196
0.158,0.0249,0.00679,0.0079,1.335334e-07,0.004544983,0.0,0.0,0.0,0.0,0.0,0.0,1.335334e-07,0.004544983
0.158,0.0249,0.00689,0.008,1.419504e-07,0.009199882,0.0,0.0,0.0,0.0,0.0,0.0,1.419504e-07,0.009199882
0.158,0.0249,0.00699,0.0081,1.508687e-07,0.01707956,0.0,0.0,0.0,0.0,0.0,0.0,1.508687e-07,0.01707956
0.158,0.0249,0.00709,0.0082,1.603174e-07,0.02907654,0.0,0.0,0.0,0.0,0.0,0.0,1.603174e-07,0.02907654
0.158,0.0249,0.00719,0.0083,1.703276e-07,0.04538885,0.0,0.0,0.0,0.0,0.0,0.0,1.703276e-07,0.04538885
0.158,0.02489,0.00729,0.0084,1.809322e-07,0.06496532,0.0,0.0,0.0,0.0,0.0,0.0,1.809322e-07,0.06496532
0.158,0.02489,0.00739,0.0085,1.921664e-07,0.08525748,0.0,0.0,0.0,0.0,0.0,0.0,1.921664e-07,0.08525748
0.158,0.02489,0.00749,0.0086,2.040681e-07,0.1025883,0.0,0.0,0.0,0.0,0.0,0.0,2.040681e-07,0.1025883
0.158,0.02489,0.00759,0.0087,2.166776e-07,0.1131816,0.0,0.0,0.0,0.0,0.0,0.0,2.166776e-07,0.1131816
0.158,0.02489,0.00769,0.0088,2.300386e-07,0.1144892,0.0,0.0,0.0,0.0,0.0,0.0,2.300386e-07,0.1144892
0.158,0.02488,0.00779,0.0089,2.441979e-07,0.1061851,0.0,0.0,0.0,0.0,0.0,0.0,2.441979e-07,0.1061851
0.158,0.02488,0.00789,0.009,2.592062e-07,0.09029724,0.0,0.0,0.0,0.0,0.0,0.0,2.592062e-07,0.09029724
0.158,0.02488,0.00799,0.0091,2.751185e-07,0.07040473,0.0,0.0,0.0,0.0,0.0,0.0,2.751185e-07,0.07040473
0.158,0.02488,0.00809,0.0092,2.919943e-07,0.05033448,0.0,0.0,0.0,0.0,0.0,0.0,2.919943e-07,0.05033448
0.158,0.02488,0.00819,0.0093,3.098987e-07,0.03300312,0.0,0.0,0.0,0.0,0.0,0.0,3.098987e-07,0.03300312
0.158,0.02488,0.00829,0.0094,3.289026e-07,0.01986643,0.0,0.0,0.0,0.0,0.0,0.0,3.289026e-07,0.01986643
0.158,0.02487,0.00839,0.0095,3.490841e-07,0.0110396,0.0,0.0,0.0,0.0,0.0,0.0,3.490841e-07,0.0110396
0.158,0.02487,0.00849,0.0096,3.705287e-07,0.00583103,0.0,0.0,0.0,0.0,0.0,0.0,3.705287e-07,0.00583103
0.158,0.02487,0.00859,0.0097,3.933309e-07,0.003349763,0.0,0.0,0.0,0.0,0.0,0.0,3.933309e-07,0.003349763
0.158,0.02487,0.00869,0.0098,4.17595e-07,0.002958261,0.0,0.0,0.0,0.0,0.0,0.0,4.17595e-07,0.002958261
0.158,0.02487,0.00879,0.0099,4.43437e-07,0.004498523,0.0,0.0,0.0,0.0,0.0,0.0,4.43437e-07,0.004498523
0.158,0.02486,0.00889,0.01,4.709858e-07,0.008305486,0.0,0.0,0.0,0.0,0.0,0.0,4.709858e-07,0.008305486
0.158,0.02486,0.00899,0.0101,5.003849e-07,0.01502544,0.0,0.0,0.0,0.0,0.0,0.0,5.003849e-07,0.01502544
0.158,0.02486,0.00909,0.0102,5.317949e-07,0.02524557,0.0,0.0,0.0,0.0,0.0,0.0,5.317949e-07,0.02524557
0.158,0.02486,0.00919,0.0103,5.653959e-07,0.03898737,0.0,0.0,0.0,0.0,0.0,0.0,5.653959e-07,0.03898737
0.158,0.02486,0.00929,0.0104,6.013897e-07,0.0552326,0.0,0.0,0.0,0.0,0.0,0.0,6.013897e-07,0.0552326
0.158,0.02485,0.00939,0.0105,6.400036e-07,0.07175198,0.0,0.0,0.0,0.0,0.0,0.0,6.400036e-07,0.07175198
0.158,0.02485,0.00949,0.0106,6.814934e-07,0.08546908,0.0,0.0,0.0,0.0,0.0,0.0,6.814934e-07,0.08546908
0.158,0.02485,0.00959,0.0107,7.261479e-07,0.0933544,0.0,0.0,0.0,0.0,0.0,0.0,7.261479e-07,0.0933544
0.158,0.02485,0.00969,0.0108,7.742932e-07,0.09351428,0.0,0.0,0.0,0.0,0.0,0.0,7.742932e-07,0.09351428
0.158,0.02485,0.00979,0.0109,8.262981e-07,0.08594816,0.0,0.0,0.0,0.0,0.0,0.0,8.262981e-07,0.08594816
0.158,0.02484,0.00989,0.011,8.825801e-07,0.07257229,0.0,0.0,0.0,0.0,0.0,0.0,8.825801e-07,0.07257229
0.158,0.02484,0.00999,0.0111,9.436117e-07,0.05649931,0.0,0.0,0.0,0.0,0.0,0.0,9.436117e-07,0.05649931
0.158,0.02484,0.01009,0.0112,1.009929e-06,0.04095727,0.0,0.0,0.0,0.0,0.0,0.0,1.009929e-06,0.04095727
0.158,0.02484,0.01019,0.0113,1.082138e-06,0.02836255,0.0,0.0,0.0,0.0,0.0,0.0,1.082138e-06,0.02836255
0.158,0.02483,0.01029,0.0114,1.160928e-06,0.01987905,0.0,0.0,0.0,0.0,0.0,0.0,1.160928e-06,0.01987905
0.158,0.02483,0.01039,0.0115,1.247078e-06,0.01547883,0.0,0.0,0.0,0.0,0.0,0.0,1.247078e-06,0.01547883
0.158,0.02483,0.01049,0.0116,1.341473e-06,0.01429927,0.0,0.0,0.0,0.0,0.0,0.0,1.341473e-06,0.01429927
0.158,0.02483,0.01059,0.0117,1.445115e-06,0.01506825,0.0,0.0,0.0,0.0,0.0,0.0,1.445115e-06,0.01506825
0.158,0.02482,0.01069,0.0118,1.559137e-06,0.0164704,0.0,0.0,0.0,0.0,0.0,0.0,1.559137e-06,0.0164704
0.158,0.02482,0.01079,0.0119,1.684826e-06,0.01742513,0.0,0.0,0.0,0.0,0.0,0.0,1.684826e-06,0.01742513
0.158,0.02482,0.01089,0.012,1.823634e-06,0.01727312,0.0,0.0,0.0,0.0,0.0,0.0,1.823634e-06,0.01727312
0.158,0.02482,0.01099,0.0121,1.977206e-06,0.01584945,0.0,0.0,0.0,0.0,0.0,0.0,1.977206e-06,0.01584945
0.158,0.02482,0.01109,0.0122,2.147397e-06,0.01342118,0.0,0.0,0.0,0.0,0.0,0.0,2.147397e-06,0.01342118
0.158,0.02481,0.01119,0.0123,2.336305e-06,0.01050884,0.0,0.0,0.0,0.0,0.0,0.0,2.336305e-06,0.01050884
0.158,0.02481,0.01129,0.0124,2.546293e-06,0.00766439,0.0,0.0,0.0,0.0,0.0,0.0,2.546293e-06,0.00766439
0.158,0.02481,0.01139,0.0125,2.780025e-06,0.005295414,0.0,0.0,0.0,0.0,0.0,0.0,2.780025e-06,0.005295414
0.158,0.02481,0.01149,0.0126,3.0405e-06,0.003590968,0.0,0.0,0.0,0.0,0.0,0.0,3.0405e-06,0.003590968
0.158,0.0248,0.01159,0.0127,3.331087e-06,0.002546414,0.0,0.0,0.0,0.0,0.0,0.0,3.331087e-06,0.002546414
0.158,0.0248,0.01169,0.0128,3.655572e-06,0.002042253,0.0,0.0,0.0,0.0,0.0,0.0,3.655572e-06,0.002042253
0.158,0.0248,0.01179,0.0129,4.0182e-06,0.001925582,0.0,0.0,0.0,0.0,0.0,0.0,4.0182e-06,0.001925582
0.158,0.0248,0.01189,0.013,4.42373e-06,0.002063376,0.0,0.0,0.0,0.0,0.0,0.0,4.42373e-06,0.002063376
0.158,0.02479,0.01199,0.0131,4.877482e-06,0.002362603,0.0,0.0,0.0,0.0,0.0,0.0,4.877482e-06,0.002362603
0.158,0.02479,0.01209,0.0132,5.385404e-06,0.002767788,0.0,0.0,0.0,0.0,0.0,0.0,5.385404e-06,0.002767788
0.158,0.02479,0.01219,0.0133,5.95413e-06,0.003249442,0.0,0.0,0.0,0.0,0.0,0.0,5.95413e-06,0.003249442
0.158,0.02478,0.01229,0.0134,6.591058e-06,0.003792347,0.0,0.0,0.0,0.0,0.0,0.0,6.591058e-06,0.003792347
0.158,0.02478,0.01239,0.0135,7.304414e-06,0.004387272,0.0,0.0,0.0,0.0,0.0,0.0,7.304414e-06,0.004387272
0.158,0.02478,0.01249,0.0136,8.103345e-06,0.005026235,0.0,0.0,0.0,0.0,0.0,0.0,8.103345e-06,0.005026235
0.158,0.02478,0.01259,0.0137,8.997996e-06,0.00570023,0.0,0.0,0.0,0.0,0.0,0.0,8.997996e-06,0.00570023
0.158,0.02477,0.01269,0.0138,9.999609e-06,0.006398363,0.0,0.0,0.0,0.0,0.0,0.0,9.999609e-06,0.006398363
0.158,0.02477,0.01279,0.0139,1.112062e-05,0.0071077,0.0,0.0,0.0,0.0,0.0,0.0,1.112062e-05,0.0071077
0.158,0.02477,0.01289,0.014,1.237478e-05,0.007813498,0.0,0.0,0.0,0.0,0.0,0.0,1.237478e-05,0.007813498
0.158,0.02477,0.01299,0.0141,1.377729e-05,0.008499662,0.0,0.0,0.0,0.0,0.0,0.0,1.377729e-05,0.008499662
0.158,0.02476,0.01309,0.0142,1.534511e-05,0.009149354,0.0,0.0,0.0,0.0,0.0,0.0,1.534511e-05,0.009149354
0.158,0.02476,0.01319,0.0143,1.709811e-05,0.00974572,0.0,0.0,0.0,0.0,0.0,0.0,1.709811e-05,0.00974572
0.158,0.02476,0.01329,0.0144,1.906352e-05,0.01027267,0.0,0.0,0.0,0.0,0.0,0.0,1.906352e-05,0.01027267
0.158,0.02475,0.01339,0.0145,2.129371e-05,0.01071569,0.0,0.0,0.0,0.0,0.0,0.0,2.129371e-05,0.01071569
0.158,0.02475,0.01349,0.0146,2.39305e-05,0.0110627,0.0,0.0,0.0,0.0,0.0,0.0,2.39305e-05,0.0110627
0.158,0.02475,0.01359,0.0147,2.741444e-05,0.01130495,0.0,0.0,0.0,0.0,0.0,0.0,2.741444e-05,0.01130495
0.158,0.02474,0.01369,0.0148,3.309365e-05,0.01143832,0.0,0.0,0.0,0.0,0.0,0.0,3.309365e-05,0.01143832
0.158,0.02474,0.01379,0.0149,4.479335e-05,0.01146567,0.0,0.0,0.0,0.0,0.0,0.0,4.479335e-05,0.01146567
0.158,0.02474,0.01389,0.015,7.236146e-05,0.01140151,0.0,0.0,0.0,0.0,0.0,0.0,7.236146e-05,0.01140151
0.158,0.02474,0.01399,0.0151,0.000138562,0.01128067,0.0,0.0,0.0,0.0,0.0,0.0,0.000138562,0.01128067
0.158,0.02473,0.01409,0.0152,0.0002902288,0.01117237,0.0,0.0,0.0,0.0,0.0,0.0,0.0002902288,0.01117237
0.158,0.02473,0.01419,0.0153,0.00061216,0.01119739,0.0,0.0,0.0,0.0,0.0,0.0,0.00061216,0.01119739
0.158,0.02473,0.01429,0.0154,0.001237063,0.01154027,0.0,0.0,0.0,0.0,0.0,0.0,0.001237063,0.01154027
0.158,0.02472,0.01439,0.0155,0.00233842,0.01243941,0.0,0.0,0.0,0.0,0.0,0.0,0.00233842,0.01243941
0.158,0.02472,0.01449,0.0156,0.004090737,0.01413547,0.0,0.0,0.0,0.0,0.0,0.0,0.004090737,0.01413547
0.158,0.02472,0.01459,0.0157,0.006591019,0.01677038,0.0,0.0,0.0,0.0,0.0,0.0,0.006591019,0.01677038
0.158,0.02471,0.01469,0.0158,0.009759757,0.02026066,0.0,0.0,0.0,0.0,0.0,0.0,0.009759757,0.02026066
0.158,0.02471,0.01479,0.0159,0.01326973,0.02420751,0.0,0.0,0.0,0.0,0.0,0.0,0.01326973,0.02420751
0.158,0.02471,0.01489,0.016,0.01656305,0.02792255,0.0,0.0,0.0,0.0,0.0,0.0,0.01656305,0.02792255
0.158,0.0247,0.01499,0.0161,0.01898916,0.03061231,0.0,0.0,0.0,0.0,0.0,0.0,0.01898916,0.03061231
0.158,0.0247,0.0151,0.0162,0.02003154,0.0316817,0.0,0.0,0.0,0.0,0.0,0.0,0.02003154,0.0316817
0.158,0.0247,0.0152,0.0163,0.0195266,0.0310308,0.0,0.0,0.0,0.0,0.0,0.0,0.0195266,0.0310308
0.158,0.0247,0.0153,0.0164,0.01776259,0.02919304,0.0,0.0,0.0,0.0,0.0,0.0,0.01776259,0.02919304
0.158,0.02469,0.0154,0.0165,0.0153986,0.02722235,0.0,0.0,0.0,0.0,0.0,0.0,0.0153986,0.02722235
0.158,0.02469,0.0155,0.0166,0.01323382,0.02634854,0.0,0.0,0.0,0.0,0.0,0.0,0.01323382,0.02634854
0.158,0.02469,0.0156,0.0167,0.01192702,0.02752182,0.0,0.0,0.0,0.0,0.0,0.0,0.01192702,0.02752182
0.158,0.02468,0.0157,0.0168,0.01177957,0.03101375,0.0,0.0,0.0,0.0,0.0,0.0,0.01177957,0.03101375
0.158,0.02468,0.0158,0.0169,0.01265739,0.03623017,0.0,0.0,0.0,0.0,0.0,0.0,0.01265739,0.03623017
0.158,0.02467,0.0159,0.017,0.01406854,0.0418311,0.0,0.0,0.0,0.0,0.0,0.0,0.01406854,0.0418311
0.158,0.02467,0.016,0.0171,0.01535935,0.04614905,0.0,0.0,0.0,0.0,0.0,0.0,0.01535935,0.04614905
0.158,0.02467,0.0161,0.0172,0.01595274,0.04776805,0.0,0.0,0.0,0.0,0.0,0.0,0.01595274,0.04776805
0.158,0.02466,0.0162,0.0173,0.01553759,0.04602845,0.0,0.0,0.0,0.0,0.0,0.0,0.01553759,0.04602845
0.158,0.02466,0.0163,0.0174,0.01413838,0.04123211,0.0,0.0,0.0,0.0,0.0,0.0,0.01413838,0.04123211
0.158,0.02466,0.0164,0.0175,0.01204947,0.03446212,0.0,0.0,0.0,0.0,0.0,0.0,0.01204947,0.03446212
0.158,0.02465,0.0165,0.0176,0.009682667,0.02712713,0.0,0.0,0.0,0.0,0.0,0.0,0.009682667,0.02712713
0.158,0.02465,0.0166,0.0177,0.007530015,0.02067649,0.0001093241,0.0002097915,0.0,0.0,9.885824e-06,0.0,0.007410805,0.0204667
0.158,0.02465,0.0167,0.0178,0.005657909,0.01555906,0.0001691534,0.0003247193,0.0,0.0,1.440533e-05,0.0,0.005474351,0.01523434
0.158,0.02464,0.0168,0.0179,0.004212206,0.0120723,0.0002244496,0.0004310257,0.0,0.0,1.812716e-05,0.0,0.003969629,0.01164128
0.158,0.02464,0.0169,0.018,0.003193222,0.01003608,0.0002789561,0.0005358937,0.0,0.0,2.149195e-05,0.0,0.002892774,0.009500187
0.158,0.02464,0.017,0.0181,0.002557087,0.009081496,0.000333912,0.0006417038,0.0,0.0,2.466558e-05,0.0,0.00219851,0.008439792
0.158,0.02463,0.0171,0.0182,0.002262794,0.00883136,0.0003898515,0.0007494855,0.0,0.0,2.773118e-05,0.0,0.001845211,0.008081875
0.158,0.02463,0.0172,0.0183,0.002295526,0.008995745,0.0004470332,0.0008597392,0.0,0.0,3.073702e-05,0.0,0.001817756,0.008136006
0.158,0.02463,0.0173,0.0184,0.002670527,0.009395147,0.0005055872,0.0009727192,0.0,0.0,3.371387e-05,0.0,0.002131226,0.008422428
0.158,0.02462,0.0174,0.0185,0.003421427,0.009944346,0.000565577,0.001088552,0.0,0.0,3.668257e-05,0.0,0.002819167,0.008855794
0.158,0.02462,0.0175,0.0186,0.004574397,0.01062471,0.0006270294,0.001207293,0.0,0.0,3.96579e-05,0.0,0.00390771,0.009417412
0.158,0.02461,0.0176,0.0187,0.00611163,0.0114572,0.0006899492,0.001328957,0.0,0.0,4.265069e-05,0.0,0.00537903,0.01012824
0.158,0.02461,0.0177,0.0188,0.007935426,0.01247622,0.0007543286,0.001453533,0.0,0.0,4.566909e-05,0.0,0.007135429,0.01102269
0.158,0.02461,0.0178,0.0189,0.009851606,0.01370114,0.0008201514,0.001580995,0.0,0.0,4.871934e-05,0.0,0.008982736,0.01212014
0.158,0.0246,0.0179,0.019,0.01158988,0.01510747,0.0008873966,0.001711306,0.0,0.0,5.180628e-05,0.0,0.01065068,0.01339617
0.158,0.0246,0.018,0.0191,0.01286532,0.01660793,0.0009560404,0.001844426,0.0,0.0,5.493372e-05,0.0,0.01185435,0.01476351
0.158,0.0246,0.0181,0.0192,0.01346385,0.01805694,0.001026057,0.00198031,0.0,0.0,5.810467e-05,0.0,0.01237969,0.01607663
0.158,0.02459,0.0182,0.0193,0.01331829,0.01928545,0.001097419,0.002118909,0.0,0.0,6.132152e-05,0.0,0.01215955,0.01716654
0.158,0.02459,0.0183,0.0194,0.01254155,0.02015666,0.0011701,0.002260177,0.0,0.0,6.458616e-05,0.0,0.01130686,0.01789648
0.158,0.02458,0.0184,0.0195,0.01140193,0.02061776,0.001244073,0.002404066,0.0,0.0,6.790011e-05,0.0,0.01008996,0.01821369
0.158,0.02458,0.0185,0.0196,0.0102524,0.02072111,0.001319309,0.002550526,0.0,0.0,7.126454e-05,0.0,0.00886183,0.01817059
0.158,0.02458,0.0186,0.0197,0.009443661,0.02060324,0.001395782,0.002699512,0.0,0.0,7.468038e-05,0.0,0.007973198,0.01790373
0.158,0.02457,0.0187,0.0198,0.00925133,0.02043333,0.001473466,0.002850975,0.0,0.0,7.814831e-05,0.0,0.007699716,0.01758235
0.158,0.02457,0.0188,0.0199,0.009832739,0.02035817,0.001552333,0.003004869,0.0,0.0,8.166887e-05,0.0,0.008198736,0.0173533
0.158,0.02456,0.0189,0.02,0.0112115,0.02046832,0.001632359,0.003161151,0.0,0.0,8.524241e-05,0.0,0.009493895,0.01730717
0.158,0.02456,0.019,0.0201,0.01327972,0.02079431,0.001713518,0.003319774,0.0,0.0,8.886916e-05,0.0,0.01147733,0.01747454
0.158,0.02456,0.0191,0.0202,0.01581099,0.02132524,0.001795785,0.003480696,0.0,0.0,9.254925e-05,0.0,0.01392265,0.01784455
0.158,0.02455,0.0192,0.0203,0.01848548,0.02203358,0.001879135,0.003643873,0.0,0.0,9.628268e-05,0.0,0.01651007,0.01838971
0.158,0.02455,0.0193,0.0204,0.02093316,0.02289272,0.001963546,0.003809265,0.0,0.0,0.0001000694,0.0,0.01886954,0.01908345
0.158,0.02454,0.0194,0.0205,0.02279602,0.02388153,0.002048992,0.003976829,0.0,0.0,0.0001039093,0.0,0.02064312,0.01990471
0.158,0.02454,0.0195,0.0206,0.02379984,0.0249781,0.002135452,0.004146526,0.0,0.0,0.0001078021,0.0,0.02155659,0.02083157
0.158,0.02454,0.0196,0.0207,0.02381549,0.02614921,0.002222901,0.004318317,0.0,0.0,0.0001117477,0.0,0.02148085,0.02183089
0.158,0.02453,0.0197,0.0208,0.02288868,0.02734361,0.002311319,0.004492162,0.0,0.0,0.0001157456,0.0,0.02046162,0.02285145
0.158,0.02453,0.0198,0.0209,0.02122568,0.02849458,0.002400683,0.004668024,0.0,0.0,0.0001197956,0.0,0.0187052,0.02382655
0.158,0.02452,0.0199,0.021,0.01913831,0.02953292,0.002490972,0.004845865,0.0,0.0,0.0001238973,0.0,0.01652344,0.02468705
0.158,0.02452,0.02,0.0211,0.0169658,0.03040595,0.002582164,0.005025647,0.0,0.0,0.0001280502,0.0,0.01425559,0.02538031
0.158,0.02451,0.0201,0.0212,0.01499823,0.03109408,0.002674238,0.005207336,0.0,0.0,0.000132254,0.0,0.01219173,0.02588674
0.158,0.02451,0.0202,0.0213,0.0134231,0.03161699,0.002767173,0.005390894,0.0,0.0,0.0001365081,0.0,0.01051942,0.0262261
0.158,0.02451,0.0203,0.0214,0.01230711,0.03202643,0.00286095,0.005576288,0.0,0.0,0.000140812,0.0,0.009305349,0.02645014
0.158,0.0245,0.0204,0.0215,0.0116121,0.03238869,0.002955547,0.005763481,0.0,0.0,0.0001451653,0.0,0.00851139,0.02662521
0.158,0.0245,0.0205,0.0216,0.01123468,0.0327649,0.003050946,0.00595244,0.0,0.0,0.0001495674,0.0,0.008034163,0.02681247
0.158,0.02449,0.0206,0.0217,0.01105313,0.03319672,0.003147125,0.00614313,0.0,0.0,0.0001540177,0.0,0.007751988,0.02705359
0.158,0.02449,0.0207,0.0218,0.0109662,0.0337015,0.003244067,0.006335518,0.0,0.0,0.0001585156,0.0,0.007563618,0.02736599
0.158,0.02448,0.0208,0.0219,0.0109135,0.03427609,0.00334175,0.00652957,0.0,0.0,0.0001630607,0.0,0.007408692,0.02774652
0.158,0.02448,0.0209,0.022,0.01087598,0.03490496,0.003440157,0.006725254,0.0,0.0,0.0001676522,0.0,0.007268167,0.0281797
0.158,0.02448,0.02101,0.0221,0.0108622,0.03556854,0.003539268,0.006922537,0.0,0.0,0.0001722897,0.0,0.007150639,0.02864601
0.158,0.02447,0.02111,0.0222,0.01089022,0.036249,0.003639065,0.007121386,0.0,0.0,0.0001769724,0.0,0.007074185,0.02912762
0.158,0.02447,0.02121,0.0223,0.01097341,0.03693274,0.003739528,0.00732177,0.0,0.0,0.0001816998,0.0,0.007052183,0.02961097
0.158,0.02446,0.02131,0.0224,0.0111142,0.03761063,0.00384064,0.007523655,0.0,0.0,0.0001864712,0.0,0.007087085,0.03008698
0.158,0.02446,0.02141,0.0225,0.01130498,0.03827703,0.003942381,0.007727012,0.0,0.0,0.000191286,0.0,0.007171318,0.03055002
0.158,0.02445,0.02151,0.0226,0.01153274,0.03892858,0.004044734,0.007931807,0.0,0.0,0.0001961436,0.0,0.00729186,0.03099677
0.158,0.02445,0.02161,0.0227,0.01178373,0.03956321,0.00414768,0.00813801,0.0,0.0,0.0002010432,0.0,0.007435012,0.0314252
0.158,0.02444,0.02171,0.0228,0.0120466,0.04017954,0.004251201,0.00834559,0.0,0.0,0.0002059843,0.0,0.007589414,0.03183395
0.158,0.02444,0.02181,0.0229,0.01231329,0.04077648,0.004355279,0.008554515,0.0,0.0,0.0002109662,0.0,0.007747048,0.03222196
0.158,0.02443,0.02191,0.023,0.01257877,0.04135314,0.004459897,0.008764755,0.0,0.0,0.0002159882,0.0,0.007902887,0.03258839
0.158,0.02443,0.02201,0.0231,0.0128401,0.0419087,0.004565036,0.008976279,0.0,0.0,0.0002210497,0.0,0.008054018,0.03293242
0.158,0.02443,0.02211,0.0232,0.01309563,0.04244241,0.00467068,0.009189055,0.0,0.0,0.0002261499,0.0,0.008198797,0.03325336
0.158,0.02442,0.02221,0.0233,0.01334434,0.0429536,0.004776809,0.009403054,0.0,0.0,0.0002312884,0.0,0.008336248,0.03355054
0.158,0.02442,0.02231,0.0234,0.01358558,0.04344162,0.004883406,0.009618245,0.0,0.0,0.0002364642,0.0,0.008465714,0.03382337
0.158,0.02441,0.02241,0.0235,0.01381882,0.04390592,0.004990455,0.009834598,0.0,0.0,0.0002416769,0.0,0.008586685,0.03407133
0.158,0.02441,0.02251,0.0236,0.01404358,0.04434601,0.005097937,0.01005208,0.0,0.0,0.0002469257,0.0,0.008698719,0.03429393
0.158,0.0244,0.02261,0.0237,0.01425947,0.04476144,0.005205835,0.01027067,0.0,0.0,0.0002522099,0.0,0.008801421,0.03449078
0.158,0.0244,0.02271,0.0238,0.01446609,0.04515186,0.005314132,0.01049032,0.0,0.0,0.000257529,0.0,0.008894427,0.03466154
0.158,0.02439,0.02281,0.0239,0.0146631,0.04551697,0.00542281,0.01071102,0.0,0.0,0.0002628821,0.0,0.008977408,0.03480595
0.158,0.02439,0.02291,0.024,0.01485019,0.04585654,0.005531852,0.01093272,0.0,0.0,0.0002682686,0.0,0.009050071,0.03492382
0.158,0.02438,0.02301,0.0241,0.01502709,0.04617042,0.005641241,0.01115541,0.0,0.0,0.0002736879,0.0,0.009112157,0.03501501
0.158,0.02438,0.02311,0.0242,0.01519354,0.04645854,0.005750959,0.01137905,0.0,0.0,0.0002791393,0.0,0.009163444,0.03507949
0.158,0.02437,0.02321,0.0243,0.01534936,0.04672087,0.005860989,0.0116036,0.0,0.0,0.0002846221,0.0,0.009203752,0.03511727
0.158,0.02437,0.02331,0.0244,0.01549439,0.04695748,0.005971315,0.01182905,0.0,0.0,0.0002901357,0.0,0.009232939,0.03512843
0.158,0.02436,0.02341,0.0245,0.0156285,0.0471685,0.006081919,0.01205535,0.0,0.0,0.0002956793,0.0,0.009250902,0.03511315
0.158,0.02436,0.02351,0.0246,0.01575162,0.04735413,0.006192784,0.01228249,0.0,0.0,0.0003012523,0.0,0.009257583,0.03507165
0.158,0.02435,0.02361,0.0247,0.01586371,0.04751465,0.006303893,0.01251042,0.0,0.0,0.000306854,0.0,0.009252964,0.03500423
0.158,0.02435,0.02371,0.0248,0.01596478,0.04765039,0.006415228,0.01273912,0.0,0.0,0.0003124838,0.0,0.00923707,0.03491127
0.158,0.02434,0.02381,0.0249,0.01605488,0.04776176,0.006526774,0.01296857,0.0,0.0,0.000318141,0.0,0.009209966,0.0347932
0.158,0.02434,0.02391,0.025,0.0161341,0.04784923,0.006638512,0.01319872,0.0,0.0,0.000323825,0.0,0.009171759,0.03465051
0.158,0.02433,0.02401,0.0251,0.01620256,0.04791332,0.006750427,0.01342955,0.0,0.0,0.000329535,0.0,0.009122599,0.03448377
0.158,0.02433,0.02411,0.0252,0.01626044,0.04795463,0.0068625,0.01366103,0.0,0.0,0.0003352704,0.0,0.009062672,0.0342936
0.158,0.02432,0.02421,0.0253,0.01630795,0.0479738,0.006974716,0.01389313,0.0,0.0,0.0003410306,0.0,0.008992206,0.03408067
0.158,0.02432,0.02431,0.0254,0.01634534,0.04797153,0.007087057,0.01412581,0.0,0.0,0.000346815,0.0,0.008911464,0.03384572
0.158,0.02431,0.02441,0.0255,0.01637288,0.04794857,0.007199506,0.01435906,0.0,0.0,0.0003526227,0.0,0.008820747,0.03358951
0.158,0.02431,0.02451,0.0256,0.01639089,0.04790571,0.007312047,0.01459283,0.0,0.0,0.0003584533,0.0,0.008720387,0.03331288
0.158,0.0243,0.02461,0.0257,0.01639972,0.0478438,0.007424663,0.01482711,0.0,0.0,0.000364306,0.0,0.008610751,0.03301669
0.158,0.0243,0.02471,0.0258,0.01639975,0.04776371,0.007537338,0.01506185,0.0,0.0,0.0003701803,0.0,0.008492232,0.03270186
0.158,0.02429,0.02481,0.0259,0.01639138,0.04766635,0.007650053,0.01529703,0.0,0.0,0.0003760754,0.0,0.008365253,0.03236933
0.158,0.02429,0.02491,0.026,0.01637505,0.04755268,0.007762794,0.01553261,0.0,0.0,0.0003819907,0.0,0.008230262,0.03202007
0.158,0.02428,0.02501,0.0261,0.01634399,0.0474099,0.007868673,0.01575482,0.0,0.0,0.0003875873,0.0,0.008087727,0.03165508
0.158,0.02428,0.02511,0.0262,0.01626413,0.04717303,0.007934749,0.01589763,0.0,0.0,0.0003912399,0.0,0.007938139,0.0312754
0.158,0.02427,0.02521,0.0263,0.01617719,0.04692171,0.008000303,0.01603963,0.0,0.0,0.0003948816,0.0,0.007782003,0.03088207
0.158,0.02427,0.02531,0.0264,0.01608368,0.04665698,0.008065328,0.01618082,0.0,0.0,0.0003985119,0.0,0.007619839,0.03047615
0.158,0.02426,0.02541,0.0265,0.01598413,0.04637991,0.008129821,0.01632119,0.0,0.0,0.0004021307,0.0,0.007452178,0.03005872
0.158,0.02426,0.02551,0.0266,0.01587907,0.04609156,0.008193776,0.01646071,0.0,0.0,0.0004057376,0.0,0.00727956,0.02963085
0.158,0.02425,0.02562,0.0267,0.01576905,0.04579302,0.008257187,0.01659939,0.0,0.0,0.0004093323,0.0,0.00710253,0.02919363
0.158,0.02425,0.02572,0.0268,0.0156546,0.04548535,0.00832005,0.01673721,0.0,0.0,0.0004129146,0.0,0.006921636,0.02874814
0.158,0.02424,0.02582,0.0269,0.01553627,0.04516962,0.008382359,0.01687416,0.0,0.0,0.0004164842,0.0,0.006737426,0.02829546
0.158,0.02423,0.02592,0.027,0.0154146,0.04484689,0.00844411,0.01701024,0.0,0.0,0.0004200409,0.0,0.006550446,0.02783666
0.158,0.02423,0.02602,0.0271,0.01529012,0.0445182,0.008505297,0.01714542,0.0,0.0,0.0004235844,0.0,0.006361234,0.02737278
0.158,0.02422,0.02612,0.0272,0.01516335,0.04418459,0.008565916,0.0172797,0.0,0.0,0.0004271145,0.0,0.006170323,0.02690489
0.158,0.02422,0.02622,0.0273,0.01503483,0.04384706,0.008625962,0.01741307,0.0,0.0,0.0004306308,0.0,0.005978236,0.02643399
0.158,0.02421,0.02632,0.0274,0.01490504,0.04350661,0.00868543,0.01754553,0.0,0.0,0.0004341332,0.0,0.005785481,0.02596108
0.158,0.02421,0.02642,0.0275,0.01477449,0.0431642,0.008744315,0.01767705,0.0,0.0,0.0004376215,0.0,0.005592554,0.02548715
0.158,0.0242,0.02652,0.0276,0.01464364,0.04282077,0.008802614,0.01780763,0.0,0.0,0.0004410953,0.0,0.005399934,0.02501314
0.158,0.0242,0.02662,0.0277,0.01451296,0.04247722,0.00886032,0.01793726,0.0,0.0,0.0004445545,0.0,0.005208081,0.02453996
0.158,0.02419,0.02672,0.0278,0.01438287,0.04213442,0.00891743,0.01806593,0.0,0.0,0.0004479989,0.0,0.005017437,0.02406849
0.158,0.02419,0.02682,0.0279,0.01425379,0.04179322,0.00897394,0.01819363,0.0,0.0,0.0004514282,0.0,0.00482842,0.0235996
0.158,0.02418,0.02692,0.028,0.01412612,0.04145442,0.009029844,0.01832035,0.0,0.0,0.0004548422,0.0,0.004641429,0.02313407
0.158,0.02417,0.02702,0.0281,0.01400022,0.04111877,0.009085139,0.01844608,0.0,0.0,0.0004582407,0.0,0.004456837,0.0226727
0.158,0.02417,0.02712,0.0282,0.01387644,0.040787,0.009139821,0.01857081,0.0,0.0,0.0004616235,0.0,0.004274994,0.0222162
0.158,0.02416,0.02722,0.0283,0.0137551,0.0404598,0.009193886,0.01869453,0.0,0.0,0.0004649904,0.0,0.004096224,0.02176527
0.158,0.02416,0.02732,0.0284,0.0136365,0.04013779,0.009247328,0.01881723,0.0,0.0,0.0004683412,0.0,0.003920827,0.02132055
0.158,0.02415,0.02742,0.0285,0.0135209,0.03982157,0.009300146,0.01893891,0.0,0.0,0.0004716757,0.0,0.003749076,0.02088266
0.158,0.02415,0.02752,0.0286,0.01340855,0.0395117,0.009352334,0.01905956,0.0,0.0,0.0004749937,0.0,0.003581219,0.02045214
0.158,0.02414,0.02762,0.0287,0.01329966,0.03920868,0.009403889,0.01917916,0.0,0.0,0.0004782951,0.0,0.003417476,0.02002952
0.158,0.02413,0.02772,0.0288,0.01319443,0.03891297,0.009454808,0.0192977,0.0,0.0,0.0004815796,0.0,0.003258044,0.01961526
0.158,0.02413,0.02782,0.0289,0.01309303,0.03862499,0.009505087,0.01941519,0.0,0.0,0.0004848471,0.0,0.003103092,0.0192098
0.158,0.02412,0.02792,0.029,0.01299559,0.03834511,0.009554722,0.01953161,0.0,0.0,0.0004880974,0.0,0.002952766,0.0188135
0.158,0.02412,0.02802,0.0291,0.01290223,0.03807366,0.00960371,0.01964695,0.0,0.0,0.0004913302,0.0,0.002807187,0.01842672
0.158,0.02411,0.02812,0.0292,0.01281304,0.03781094,0.009652047,0.0197612,0.0,0.0,0.0004945456,0.0,0.002666452,0.01804974
0.158,0.02411,0.02822,0.0293,0.01272811,0.03755717,0.009699732,0.01987436,0.0,0.0,0.0004977433,0.0,0.002530634,0.01768281
0.158,0.0241,0.02832,0.0294,0.01264747,0.03731257,0.00974676,0.01998642,0.0,0.0,0.000500923,0.0,0.002399786,0.01732616
0.158,0.02409,0.02842,0.0295,0.01257115,0.0370773,0.009793129,0.02009737,0.0,0.0,0.0005040848,0.0,0.002273938,0.01697993
0.158,0.02409,0.02852,0.0296,0.01249917,0.03685148,0.009838836,0.0202072,0.0,0.0,0.0005072284,0.0,0.002153102,0.01664428
0.158,0.02408,0.02862,0.0297,0.0124315,0.03663519,0.009883878,0.02031591,0.0,0.0,0.0005103537,0.0,0.00203727,0.01631928
0.158,0.02408,0.02872,0.0298,0.01236813,0.03642848,0.009928253,0.02042349,0.0,0.0,0.0005134605,0.0,0.001926416,0.01600499
0.158,0.02406,0.02892,0.03,0.01225407,0.03604383,0.01001499,0.02063523,0.0,0.0,0.0005196181,0.0,0.001719457,0.01540859
0.158,0.024,0.02993,0.031,0.01191337,0.03467003,0.0104079,0.021624,0.0,0.0,0.0005492524,0.0,0.0009562237,0.01304603
0.158,0.02394,0.03093,0.032,0.0118583,0.0340508,0.01073183,0.0224926,0.0,0.0,0.0005768799,0.0,0.0005495893,0.0115582
0.158,0.02388,0.03193,0.033,0.01194823,0.03388742,0.01098639,0.02323782,0.0,0.0,0.0006024087,0.0,0.0003594311,0.0106496
0.158,0.02381,0.03294,0.034,0.01207547,0.0338916,0.01117239,0.02385868,0.0,0.0,0.0006257714,0.0,0.0002773174,0.01003292
0.158,0.02374,0.03394,0.035,0.012178,0.0338561,0.01129177,0.02435636,0.0,0.0,0.0006469231,0.0,0.0002393005,0.009499739
0.158,0.02367,0.03494,0.036,0.01222846,0.03366776,0.01134754,0.02473404,0.0,0.0,0.0006658388,0.0,0.0002150808,0.008933723
0.158,0.02359,0.03594,0.037,0.0122192,0.03328887,0.01134352,0.02499669,0.0,0.0,0.000682511,0.0,0.0001931695,0.008292178
0.158,0.02352,0.03695,0.038,0.01215168,0.03272966,0.01128422,0.02515073,0.0,0.0,0.0006969485,0.0,0.0001705024,0.007578929
0.158,0.02344,0.03795,0.039,0.01203091,0.03202473,0.01117464,0.02520369,0.0,0.0,0.0007091741,0.0,0.000147104,0.006821045
0.158,0.02336,0.03895,0.04,0.0118631,0.03121684,0.01102001,0.02516389,0.0,0.0,0.0007192232,0.0,0.000123867,0.006052946
0.158,0.02328,0.03996,0.041,0.01165462,0.03034718,0.01082572,0.02504013,0.0,0.0,0.0007271427,0.0,0.0001017551,0.00530705
0.158,0.0232,0.04096,0.042,0.01141162,0.02945036,0.01059709,0.02484136,0.0,0.0,0.000732989,0.0,8.154289e-05,0.004609
0.158,0.02312,0.04197,0.043,0.01113986,0.02855233,0.01033929,0.02457649,0.0,0.0,0.0007368274,0.0,6.374338e-05,0.003975843
0.158,0.02303,0.04297,0.044,0.01084456,0.02767028,0.01005723,0.02425417,0.0,0.0,0.0007387307,0.0,4.860702e-05,0.003416107
0.158,0.02294,0.04397,0.045,0.01053043,0.02681366,0.009755493,0.02388264,0.0,0.0,0.0007387779,0.0,3.615553e-05,0.002931012
0.158,0.02285,0.04498,0.046,0.01020161,0.02598596,0.009438319,0.02346966,0.0,0.0,0.0007370535,0.0,2.623368e-05,0.002516303
0.158,0.02275,0.04598,0.047,0.009861759,0.02518663,0.009109545,0.02302237,0.0,0.0,0.0007336466,0.0,1.856735e-05,0.002164255
0.158,0.02266,0.04699,0.048,0.009514084,0.02441286,0.008772616,0.02254734,0.0,0.0,0.0007286496,0.0,1.281869e-05,0.001865524
0.158,0.02256,0.04799,0.049,0.009161377,0.02366112,0.008430587,0.02205049,0.0,0.0,0.0007221579,0.0,8.632521e-06,0.001610637
0.158,0.02246,0.049,0.05,0.008806077,0.02292814,0.008086138,0.02153711,0.0,0.0,0.0007142688,0.0,5.670599e-06,0.001391025
0.158,0.02236,0.05,0.051,0.008450306,0.02221151,0.007741592,0.02101192,0.0,0.0,0.0007050806,0.0,3.633413e-06,0.001199597
0.158,0.02226,0.051,0.052,0.008095908,0.02150995,0.007398944,0.02047903,0.0,0.0,0.0006946925,0.0,2.27087e-06,0.001030915
0.158,0.02215,0.05201,0.053,0.007744473,0.02082316,0.007059885,0.01994206,0.0,0.0,0.0006832037,0.0,1.38439e-06,0.0008810983
0.158,0.02205,0.05301,0.054,0.007397366,0.02015164,0.00672583,0.01940409,0.0,0.0,0.0006707125,0.0,8.232095e-07,0.0007475493
0.158,0.02194,0.05402,0.055,0.007055743,0.0194964,0.006397949,0.01886779,0.0,0.0,0.0006573164,0.0,4.774691e-07,0.0006286075
0.158,0.02183,0.05502,0.056,0.006720574,0.0188586,0.006077193,0.01833539,0.0,0.0,0.0006431112,0.0,2.701222e-07,0.0005232117
0.158,0.02171,0.05603,0.057,0.006392659,0.0182394,0.005764319,0.01780879,0.0,0.0,0.0006281907,0.0,1.49057e-07,0.000430612
0.158,0.0216,0.05703,0.058,0.006072645,0.01763969,0.005459918,0.01728953,0.0,0.0,0.0006126463,0.0,8.022671e-08,0.000350157
0.158,0.02148,0.05804,0.059,0.005761041,0.01706004,0.005164432,0.01677889,0.0,0.0,0.0005965666,0.0,4.211695e-08,0.0002811585
0.158,0.02136,0.05904,0.06,0.005458238,0.0165007,0.004878179,0.01627788,0.0,0.0,0.0005800374,0.0,2.156569e-08,0.0002228252
0.158,0.02124,0.06005,0.061,0.00516452,0.01596155,0.004601369,0.01578731,0.0,0.0,0.000563141,0.0,1.077049e-08,0.0001742478
0.158,0.02112,0.06106,0.062,0.004880082,0.0154422,0.00433412,0.01530778,0.0,0.0,0.0005459561,0.0,5.246506e-09,0.0001344205
0.158,0.02099,0.06206,0.063,0.004605038,0.01494202,0.004076477,0.01483974,0.0,0.0,0.0005285581,0.0,2.492671e-09,0.0001022804
0.158,0.02087,0.06307,0.064,0.004339437,0.01446024,0.003828418,0.01438349,0.0,0.0,0.0005110181,0.0,1.155092e-09,7.675429e-05
0.158,0.02074,0.06407,0.065,0.004083273,0.01399602,0.003589869,0.01393922,0.0,0.0,0.0004934035,0.0,5.220623e-10,5.680213e-05
0.158,0.02061,0.06508,0.066,0.003836493,0.01354846,0.003360715,0.01350701,0.0,0.0,0.0004757775,0.0,2.301333e-10,4.145312e-05
0.158,0.02047,0.06608,0.067,0.003599004,0.0131167,0.003140805,0.01308687,0.0,0.0,0.0004581993,0.0,9.894292e-11,2.983087e-05
0.158,0.02034,0.06709,0.068,0.003370686,0.01269988,0.002929962,0.01267872,0.0,0.0,0.0004407238,0.0,4.148924e-11,2.116805e-05
0.158,0.0202,0.0681,0.069,0.003151388,0.01229724,0.002727986,0.01228243,0.0,0.0,0.0004234018,0.0,1.696793e-11,1.481137e-05
0.158,0.02006,0.0691,0.07,0.00294133,0.01190806,0.002534664,0.01189784,3.860575e-07,5.866953e-09,0.0004062801,0.0,6.768022e-12,1.021889e-05
0.158,0.01992,0.07011,0.071,0.002739565,0.01153168,0.002349769,0.01152472,3.940486e-07,5.641858e-09,0.0003894012,0.0,2.632883e-12,6.951891e-06
0.158,0.01978,0.07112,0.072,0.002546751,0.01116752,0.002173069,0.01116284,8.790213e-07,1.268536e-08,0.0003728037,0.0,9.989303e-13,4.663263e-06
0.158,0.01963,0.07212,0.073,0.002362317,0.01081503,0.002004324,0.01081193,1.471533e-06,2.151062e-08,0.0003565222,0.0,3.696323e-13,3.08434e-06
0.158,0.01949,0.07313,0.074,0.002186072,0.01047374,0.001843294,0.0104717,2.190838e-06,3.256415e-08,0.0003405875,0.0,1.333929e-13,2.01149e-06
0.158,0.01934,0.07413,0.075,0.002016994,0.01014318,0.001689739,0.01014186,2.228808e-06,3.20967e-08,0.0003250267,0.0,4.694838e-14,1.293466e-06
0.158,0.01919,0.07514,0.076,0.001856397,0.00982297,0.00154342,0.009822104,3.113427e-06,4.566777e-08,0.0003098631,0.0,1.611502e-14,8.201087e-07
0.158,0.01903,0.07615,0.077,0.001703395,0.0095127,0.001404102,0.009512125,4.176606e-06,6.250344e-08,0.0002951168,0.0,5.394619e-15,5.12703e-07
0.158,0.01888,0.07716,0.078,0.001557805,0.009212009,0.001271552,0.00921161,5.447884e-06,8.330336e-08,0.0002808043,0.0,0.0,3.160359e-07
0.158,0.01872,0.07816,0.079,0.001418023,0.008920523,0.001145545,0.008920248,5.53837e-06,8.292819e-08,0.0002669393,0.0,0.0,1.920797e-07
0.158,0.01856,0.07917,0.08,0.001286471,0.008637954,0.001025859,0.008637731,7.080317e-06,1.082365e-07,0.0002535322,0.0,0.0,1.151064e-07
0.158,0.0184,0.08018,0.081,0.001161777,0.008363962,0.0009122782,0.008363755,8.908206e-06,1.391244e-07,0.0002405906,0.0,0.0,6.801251e-08
0.158,0.01824,0.08118,0.082,0.001043779,0.008098235,0.0008045944,0.008098019,1.106482e-05,1.766557e-07,0.0002281197,0.0,0.0,3.962303e-08
0.158,0.01807,0.08219,0.083,0.0009299754,0.007840431,0.000702605,0.007840231,1.124834e-05,1.769421e-07,0.000216122,0.0,0.0,2.276012e-08
0.158,0.01791,0.0832,0.084,0.0008245434,0.007590341,0.0006061141,0.007590106,1.38314e-05,2.221044e-07,0.0002045979,0.0,0.0,1.289044e-08
0.158,0.01774,0.08421,0.085,0.0007253321,0.007347647,0.0005149326,0.007347363,1.685409e-05,2.763339e-07,0.0001935454,0.0,0.0,7.198228e-09
0.158,0.01757,0.08521,0.086,0.0006322136,0.007112079,0.0004288775,0.007111734,2.037515e-05,3.411621e-07,0.0001829609,0.0,0.0,3.963206e-09
0.158,0.01739,0.08622,0.087,0.0005450696,0.006883376,0.0003477727,0.006882955,2.445797e-05,4.183375e-07,0.0001728389,0.0,0.0,2.151439e-09
0.158,0.01722,0.08723,0.088,0.0004595035,0.006661196,0.0002714482,0.006660774,2.488306e-05,4.205215e-07,0.0001631722,0.0,0.0,1.15152e-09
0.158,0.01704,0.08824,0.089,0.0003833897,0.006445457,0.00019974,0.006444945,2.969726e-05,5.117588e-07,0.0001539524,0.0,0.0,6.076757e-10
0.158,0.01686,0.08925,0.09,0.0003128958,0.006235851,0.0001324902,0.006235232,3.523578e-05,6.191312e-07,0.0001451698,0.0,0.0,3.16176e-10
0.158,0.01668,0.09025,0.091,0.0002479391,0.006032152,6.95465e-05,0.006031407,4.157917e-05,7.449521e-07,0.0001368134,0.0,0.0,1.621963e-10
0.158,0.0165,0.09126,0.092,0.0001819435,0.005834003,1.076196e-05,0.00583325,4.230989e-05,7.522258e-07,0.0001288716,0.0,0.0,8.203634e-11
0.158,0.01631,0.09227,0.093,0.0001710314,0.005607785,0.0,0.005606885,4.969959e-05,8.995951e-07,0.0001213318,0.0,0.0,4.090942e-11
0.158,0.01613,0.09328,0.094,0.0001722782,0.005380739,0.0,0.005379669,5.809756e-05,1.070433e-06,0.0001141807,0.0,0.0,2.011363e-11
0.158,0.01594,0.09429,0.095,0.0001750043,0.005160768,0.0,0.005159501,6.759968e-05,1.267611e-06,0.0001074047,0.0,0.0,9.750028e-12
0.158,0.01575,0.0953,0.096,0.0001697892,0.004947435,0.0,0.004946149,6.879962e-05,1.285335e-06,0.0001009895,0.0,0.0,4.65981e-12
0.158,0.01555,0.0963,0.097,0.0001746573,0.004740909,0.0,0.004739395,7.97363e-05,1.514262e-06,9.492096e-05,0.0,0.0,2.195713e-12
0.158,0.01536,0.09731,0.098,0.0001812,0.004540801,0.0,0.004539025,9.201567e-05,1.775833e-06,8.918434e-05,0.0,0.0,1.020062e-12
0.158,0.01516,0.09832,0.099,0.0001895086,0.004346912,0.0,0.004344839,0.0001057436,2.073386e-06,8.376505e-05,0.0,0.0,4.67218e-13
0.158,0.01496,0.09933,0.1,0.0001862842,0.004158754,0.0,0.004156644,0.0001076357,2.110564e-06,7.864848e-05,0.0,0.0,2.109856e-13
0.158,0.01476,0.10034,0.101,0.0001970674,0.00397671,0.0,0.003974257,0.0001232473,2.45314e-06,7.382012e-05,0.0,0.0,9.393439e-14
0.158,0.01456,0.10135,0.102,0.0002098327,0.003800342,0.0,0.003797503,0.000140567,2.839186e-06,6.926568e-05,0.0,0.0,4.123191e-14
0.158,0.01435,0.10236,0.103,0.0002246724,0.003629487,0.0,0.003626214,0.0001597013,3.272303e-06,6.497108e-05,0.0,0.0,0.0
0.158,0.01415,0.10337,0.104,0.000241674,0.00346399,0.0,0.003460234,0.0001807514,3.756133e-06,6.092257e-05,0.0,0.0,0.0
0.158,0.01394,0.10438,0.105,0.0002411838,0.003303247,0.0,0.003299409,0.000184077,3.83764e-06,5.710678e-05,0.0,0.0,0.0
0.158,0.01373,0.10539,0.106,0.0002611611,0.003147984,0.0,0.003143596,0.0002076504,4.387759e-06,5.351073e-05,0.0,0.0,0.0
0.158,0.01351,0.1064,0.107,0.0002835118,0.002997655,0.0,0.002992658,0.0002333899,4.996929e-06,5.012192e-05,0.0,0.0,0.0
0.158,0.0133,0.10741,0.108,0.0003083077,0.002852134,0.0,0.002846465,0.0002613794,5.668616e-06,4.69283e-05,0.0,0.0,0.0
0.158,0.01308,0.10841,0.109,0.0003101097,0.002710704,0.0,0.002704892,0.0002661913,5.811964e-06,4.391835e-05,0.0,0.0,0.0
0.158,0.01286,0.10942,0.11,0.0003382467,0.002574392,0.0,0.002567822,0.0002971657,6.570186e-06,4.108108e-05,0.0,0.0,0.0
0.158,0.01264,0.11043,0.111,0.000369004,0.002442543,0.0,0.002435143,0.0003305979,7.39955e-06,3.840604e-05,0.0,0.0,0.0
0.158,0.01242,0.11144,0.112,0.0004024227,0.002315051,0.0,0.002306748,0.0003665394,8.302999e-06,3.588333e-05,0.0,0.0,0.0
0.158,0.01219,0.11245,0.113,0.0004385285,0.00219182,0.0,0.002182537,0.0004050249,9.283179e-06,3.350361e-05,0.0,0.0,0.0
0.158,0.01197,0.11346,0.114,0.0004438548,0.002071966,0.0,0.002062414,0.0004125967,9.551921e-06,3.125811e-05,0.0,0.0,0.0
0.158,0.01174,0.11447,0.115,0.0004836887,0.001956935,0.0,0.001946288,0.00045455,1.064703e-05,2.91386e-05,0.0,0.0,0.0
0.158,0.01151,0.11549,0.116,0.0005262874,0.0018459,0.0,0.001834073,0.00049915,1.182671e-05,2.71374e-05,0.0,0.0,0.0
0.158,0.01127,0.1165,0.117,0.0005716293,0.001738781,0.0,0.001725688,0.000546382,1.309269e-05,2.524735e-05,0.0,0.0,0.0
0.158,0.01104,0.11751,0.118,0.0006196727,0.001635502,0.0,0.001621056,0.0005962108,1.444623e-05,2.346183e-05,0.0,0.0,0.0
0.158,0.0108,0.11852,0.119,0.0006292339,0.001535016,0.0,0.001520102,0.0006074592,1.491402e-05,2.177471e-05,0.0,0.0,0.0
0.158,0.01056,0.11953,0.12,0.0006811677,0.001439172,0.0,0.001422759,0.0006609874,1.641269e-05,2.018036e-05,0.0,0.0,0.0
0.158,0.01032,0.12054,0.121,0.0007357435,0.001346966,0.0,0.001328961,0.0007170699,1.800535e-05,1.867358e-05,0.0,0.0,0.0
0.158,0.01008,0.12155,0.122,0.0007928654,0.001258337,0.0,0.001238645,0.0007756157,1.969225e-05,1.724963e-05,0.0,0.0,0.0
0.158,0.00983,0.12256,0.123,0.0008060584,0.00117213,0.0,0.001151754,0.0007901543,2.037631e-05,1.590418e-05,0.0,0.0,0.0
0.158,0.00959,0.12357,0.124,0.0008669933,0.001090465,0.0,0.001068232,0.00085236,2.223346e-05,1.46333e-05,0.0,0.0,0.0
0.158,0.00934,0.12458,0.125,0.0009303004,0.001012216,0.0,0.0009880258,0.000916867,2.419049e-05,1.343339e-05,0.0,0.0,0.0
0.158,0.00909,0.12559,0.126,0.0009958339,0.0009373339,0.0,0.000911087,0.0009835327,2.624691e-05,1.230121e-05,0.0,0.0,0.0
0.158,0.00883,0.1266,0.127,0.001063433,0.0008657701,0.0,0.0008373681,0.001052199,2.840201e-05,1.123382e-05,0.0,0.0,0.0
0.158,0.00858,0.12762,0.128,0.001082201,0.0007962854,0.0,0.0007668245,0.001071973,2.946081e-05,1.022854e-05,0.0,0.0,0.0
0.158,0.00832,0.12863,0.129,0.001153247,0.0007312331,0.0,0.0006994142,0.001143964,3.181889e-05,9.282972e-06,0.0,0.0,0.0
0.158,0.00806,0.12964,0.13,0.001226058,0.000669379,0.0,0.000635097,0.001217663,3.428192e-05,8.394909e-06,0.0,0.0,0.0
0.158,0.0078,0.13065,0.131,0.001300445,0.000610685,0.0,0.0005738351,0.001292882,3.684989e-05,7.562351e-06,0.0,0.0,0.0
0.158,0.00754,0.13166,0.132,0.001376208,0.0005551159,0.0,0.0005155926,0.001369424,3.95233e-05,6.783457e-06,0.0,0.0,0.0
0.158,0.00727,0.13267,0.133,0.001401206,0.0005014261,0.0,0.0004603358,0.00139515,4.109029e-05,6.056529e-06,0.0,0.0,0.0
0.158,0.00701,0.13369,0.134,0.001479812,0.000452048,0.0,0.0004080336,0.001474432,4.401438e-05,5.379976e-06,0.0,0.0,0.0
0.158,0.00674,0.1347,0.135,0.001559431,0.000405718,0.0,0.0003586576,0.001554679,4.706044e-05,4.752295e-06,0.0,0.0,0.0
0.158,0.00647,0.13571,0.136,0.001639864,0.0003624184,0.0,0.0003121831,0.001635691,5.02353e-05,4.172042e-06,0.0,0.0,0.0
0.158,0.00619,0.13672,0.137,0.001720915,0.0003221399,0.0,0.0002685905,0.001717277,5.354933e-05,3.637811e-06,0.0,0.0,0.0
0.158,0.00592,0.13774,0.138,0.001752612,0.000283731,0.0,0.0002278674,0.001749464,5.58636e-05,3.148207e-06,0.0,0.0,0.0
0.158,0.00564,0.13875,0.139,0.001835803,0.0002495773,0.0,0.0001900119,0.001833101,5.956539e-05,2.701829e-06,0.0,0.0,0.0
0.158,0.00536,0.13976,0.14,0.001919263,0.0002185206,0.0,0.0001550379,0.001916966,6.348273e-05,2.297244e-06,0.0,0.0,0.0
0.158,0.00508,0.14077,0.141,0.002002826,0.0001906455,0.0,0.0001229834,0.002000893,6.766214e-05,1.932972e-06,0.0,0.0,0.0
0.158,0.0048,0.14179,0.142,0.002086338,0.0001660944,0.0,9.392322e-05,0.002084731,7.217114e-05,1.607466e-06,0.0,0.0,0.0
0.158,0.00451,0.1428,0.143,0.002124991,0.0001440651,0.0,6.798928e-05,0.002123672,7.607584e-05,1.319095e-06,0.0,0.0,0.0
0.158,0.00423,0.14381,0.144,0.002210001,0.000127058,0.0,4.540272e-05,0.002208935,8.165531e-05,1.066134e-06,0.0,0.0,0.0
0.158,0.00394,0.14482,0.145,0.002294699,0.000114551,0.0,2.652599e-05,0.002293852,8.802497e-05,8.467443e-07,0.0,0.0,0.0
0.158,0.00365,0.14584,0.146,0.002378981,0.0001074545,0.0,1.194862e-05,0.002378322,9.550584e-05,6.589712e-07,0.0,0.0,0.0
0.158,0.00335,0.14685,0.147,0.002462763,0.0001072193,0.0,2.631997e-06,0.002462262,0.0001045873,5.007319e-07,0.0,0.0,0.0
0.158,0.00306,0.14786,0.148,0.002508456,0.0001151571,-0.0,0.0,0.002508086,0.0001151571,3.698128e-07,0.0,0.0,0.0
0.158,0.00276,0.14888,0.149,0.002593304,0.0001302365,-0.0,0.0,0.00259304,0.0001302365,2.638692e-07,0.0,0.0,0.0
0.158,0.00246,0.14989,0.15,0.002677538,0.000150841,-0.0,0.0,0.002677357,0.000150841,1.80429e-07,0.0,0.0,0.0
0.158,0.00216,0.1509,0.151,0.002761145,0.0001802679,-0.0,0.0,0.002761028,0.0001802679,1.169018e-07,0.0,0.0,0.0
0.158,0.00186,0.15192,0.152,0.002844147,0.0002243024,-0.0,0.0,0.002844077,0.0002243024,7.059528e-08,0.0,0.0,0.0
0.158,0.00155,0.15293,0.153,0.002897108,0.0002929753,-0.0,0.0,0.002897069,0.0002929753,3.873914e-08,0.0,0.0,0.0
0.158,0.00125,0.15394,0.154,0.002981384,0.0004092535,-0.0,0.0,0.002981365,0.0004092535,1.852119e-08,0.0,0.0,0.0
0.158,0.00094,0.15496,0.155,0.003065545,0.0006207732,-0.0,0.0,0.003065538,0.0006207732,7.13858e-09,0.0,0.0,0.0
0.158,0.00063,0.15597,0.156,0.003150366,0.001060035,-0.0,0.0,0.003150364,0.001060035,1.872494e-09,0.0,0.0,0.0
0.158,0.00031,0.15699,0.157,0.00323844,0.00227282,-0.0,0.0,0.00323844,0.00227282,2.018379e-10,0.0,0.0,0.0
