Z,A,E0,ThetaDeg,nu,cross,error,dataSet
6,12,0.68,36,0.0125,3770,240,25
6,12,0.68,36,0.0225,8200,390,25
6,12,0.68,36,0.0325,11500,500,25
6,12,0.68,36,0.0425,14740,610,25
6,12,0.68,36,0.0525,18490,740,25
6,12,0.68,36,0.0625,23630,910,25
6,12,0.68,36,0.0725,26870,1020,25
6,12,0.68,36,0.0825,29420,1120,25
6,12,0.68,36,0.0925,31890,1210,25
6,12,0.68,36,0.1025,31620,1230,25
6,12,0.68,36,0.1125,30230,1200,25
6,12,0.68,36,0.1225,28090,1150,25
6,12,0.68,36,0.1325,26550,1040,25
6,12,0.68,36,0.1425,22520,930,25
6,12,0.68,36,0.1525,19110,830,25
6,12,0.68,36,0.1625,16730,760,25
6,12,0.68,36,0.1725,12990,650,25
6,12,0.68,36,0.1825,11710,600,25
6,12,0.68,36,0.1925,10240,550,25
6,12,0.68,36,0.2025,9260,510,25
6,12,0.68,36,0.2125,8380,480,25
6,12,0.68,36,0.2225,7460,450,25
6,12,0.68,36,0.2325,8010,460,25
6,12,0.68,36,0.2425,7940,410,25
6,12,0.68,36,0.2525,8260,420,25
6,12,0.68,36,0.2625,8380,470,25
6,12,0.68,36,0.2725,9170,500,25
6,12,0.68,36,0.2825,9680,520,25
6,12,0.68,36,0.2925,10210,540,25
6,12,0.68,36,0.3025,10200,550,25
6,12,0.68,36,0.3125,10870,580,25
6,12,0.68,36,0.3225,10930,590,25
6,12,0.68,36,0.3325,11280,570,25
6,12,0.68,36,0.3425,11430,640,25
6,12,0.68,36,0.3525,11700,670,25
6,12,0.68,36,0.3625,11680,680,25
6,12,0.68,36,0.3725,11920,710,25
6,12,0.68,36,0.3825,10860,700,25
6,12,0.68,36,0.3925,10860,720,25
6,12,0.68,36,0.4025,9460,710,25
6,12,0.68,36,0.4125,9500,740,25
6,12,0.68,36,0.4225,9060,770,25
6,12,0.68,36,0.4325,8550,790,25
6,12,0.68,36,0.4425,8350,840,25
6,12,0.68,36,0.4525,8390,840,25
6,12,0.68,36,0.4625,7650,930,25
6,12,0.68,36,0.4725,7200,1000,25
6,12,0.68,36,0.4825,7200,1090,25
6,12,0.68,36,0.4925,7090,1210,25
6,12,0.68,36,0.5025,7050,1400,25
6,12,0.62,36,0.0125,16870,590,25
6,12,0.62,36,0.0225,18290,660,25
6,12,0.62,36,0.0325,18310,690,25
6,12,0.62,36,0.0425,25880,930,25
6,12,0.62,36,0.0525,30210,1080,25
6,12,0.62,36,0.0625,35980,1270,25
6,12,0.62,36,0.0725,41130,1370,25
6,12,0.62,36,0.0825,42830,1450,25
6,12,0.62,36,0.0925,42220,1460,25
6,12,0.62,36,0.1025,39590,1410,25
6,12,0.62,36,0.1125,36340,1350,25
6,12,0.62,36,0.1225,30800,1200,25
6,12,0.62,36,0.1325,26490,1080,25
6,12,0.62,36,0.1425,21550,930,25
6,12,0.62,36,0.1525,17850,810,25
6,12,0.62,36,0.1625,14580,710,25
6,12,0.62,36,0.1725,12240,630,25
6,12,0.62,36,0.1825,10630,560,25
6,12,0.62,36,0.1925,9760,520,25
6,12,0.62,36,0.2025,9100,570,25
6,12,0.62,36,0.2125,8380,550,25
6,12,0.62,36,0.2225,8540,550,25
6,12,0.62,36,0.2325,9150,580,25
6,12,0.62,36,0.2425,9730,590,25
6,12,0.62,36,0.2525,9880,600,25
6,12,0.62,36,0.2625,10880,640,25
6,12,0.62,36,0.2725,11160,610,25
6,12,0.62,36,0.2825,11500,700,25
6,12,0.62,36,0.2925,12170,740,25
6,12,0.62,36,0.3025,12420,770,25
6,12,0.62,36,0.3125,12290,790,25
6,12,0.62,36,0.3225,13420,850,25
6,12,0.62,36,0.3325,13190,880,25
6,12,0.62,36,0.3425,13440,860,25
6,12,0.62,36,0.3525,12860,970,25
6,12,0.62,36,0.3625,12710,1010,25
6,12,0.62,36,0.3725,11580,1030,25
6,12,0.62,36,0.3825,12510,1120,25
6,12,0.62,36,0.3925,12170,1180,25
6,12,0.62,36,0.4025,11130,1210,25
6,12,0.62,36,0.4125,11570,1320,25
6,12,0.62,36,0.4225,9990,1370,25
6,12,0.62,36,0.4325,9720,1500,25
6,12,0.62,36,0.4425,10150,1610,25
6,12,0.56,36,0.0125,52550,1650,25
6,12,0.56,36,0.0225,30650,1090,25
6,12,0.56,36,0.0325,35030,1250,25
6,12,0.56,36,0.0425,44090,1550,25
6,12,0.56,36,0.0525,51190,2000,25
6,12,0.56,36,0.0625,55510,2170,25
6,12,0.56,36,0.0725,58570,2300,25
6,12,0.56,36,0.0825,55270,2250,25
6,12,0.56,36,0.0925,53500,2220,25
6,12,0.56,36,0.1025,45030,2000,25
6,12,0.56,36,0.1125,37340,1770,25
6,12,0.56,36,0.1225,30420,1350,25
6,12,0.56,36,0.1325,23200,1130,25
6,12,0.56,36,0.1425,18790,1040,25
6,12,0.56,36,0.1525,15700,940,25
6,12,0.56,36,0.1625,12760,840,25
6,12,0.56,36,0.1725,10740,760,25
6,12,0.56,36,0.1825,9150,710,25
6,12,0.56,36,0.1925,9990,730,25
6,12,0.56,36,0.2025,9560,720,25
6,12,0.56,36,0.2125,9830,630,25
6,12,0.56,36,0.2225,9760,670,25
6,12,0.56,36,0.2325,10560,710,25
6,12,0.56,36,0.24252,10890,740,25
6,12,0.56,36,0.2525,12560,810,25
6,12,0.56,36,0.2625,11700,820,25
6,12,0.56,36,0.2725,13180,900,25
6,12,0.56,36,0.2825,14010,920,25
6,12,0.56,36,0.2925,14230,1050,25
6,12,0.56,36,0.3025,13360,1080,25
6,12,0.56,36,0.3125,14040,1160,25
6,12,0.56,36,0.3225,13960,1230,25
6,12,0.56,36,0.3325,14960,1350,25
6,12,0.56,36,0.3425,14280,1460,25
6,12,0.56,36,0.3525,14780,1590,25
6,12,0.56,36,0.3625,13730,1680,25
6,12,0.56,36,0.3725,14170,1860,25
6,12,0.56,36,0.3825,12780,1920,25
6,12,0.48,36,0.0125,101700,3380,25
6,12,0.48,36,0.0175,82540,2880,25
6,12,0.48,36,0.0225,62480,2380,25
6,12,0.48,36,0.0275,60700,2360,25
6,12,0.48,36,0.0325,74870,2790,25
6,12,0.48,36,0.0375,76930,2880,25
6,12,0.48,36,0.0425,82520,2820,25
6,12,0.48,36,0.0475,86680,2970,25
6,12,0.48,36,0.0525,90870,3130,25
6,12,0.48,36,0.0575,90590,3180,25
6,12,0.48,36,0.0625,88260,3150,25
6,12,0.48,36,0.0675,86560,3130,25
6,12,0.48,36,0.0725,80110,2970,25
6,12,0.48,36,0.0775,74390,2820,25
6,12,0.48,36,0.0825,68270,2660,25
6,12,0.48,36,0.0875,62230,2490,25
6,12,0.48,36,0.0925,55530,2290,25
6,12,0.48,36,0.0975,48520,2090,25
6,12,0.48,36,0.1025,42720,1910,25
6,12,0.48,36,0.1075,36610,1730,25
6,12,0.48,36,0.1125,32870,1610,25
6,12,0.48,36,0.1175,28140,1460,25
6,12,0.48,36,0.1225,24910,1360,25
6,12,0.48,36,0.1275,22050,1240,25
6,12,0.48,36,0.1325,19570,1160,25
6,12,0.48,36,0.1375,17090,1230,25
6,12,0.48,36,0.1425,14850,1150,25
6,12,0.48,36,0.1475,14320,1130,25
6,12,0.48,36,0.1525,12820,1090,25
6,12,0.48,36,0.1575,11860,1060,25
6,12,0.48,36,0.1625,11580,1050,25
6,12,0.48,36,0.1675,11460,1050,25
6,12,0.48,36,0.1725,11510,1060,25
6,12,0.48,36,0.1775,11320,1060,25
6,12,0.48,36,0.1825,10280,1040,25
6,12,0.48,36,0.1875,9870,1040,25
6,12,0.48,36,0.1925,9100,1030,25
6,12,0.48,36,0.1975,9870,960,25
6,12,0.48,36,0.2025,10450,990,25
6,12,0.48,36,0.2075,11760,1130,25
6,12,0.48,36,0.2125,12070,1170,25
6,12,0.48,36,0.2175,12000,1190,25
6,12,0.48,36,0.2225,12410,1240,25
6,12,0.48,36,0.2275,13280,1300,25
6,12,0.48,36,0.2325,13460,1350,25
6,12,0.48,36,0.2375,13960,1410,25
6,12,0.48,36,0.2425,13920,1450,25
6,12,0.48,36,0.2475,14660,1520,25
6,12,0.48,36,0.2525,15660,1610,25
6,12,0.48,36,0.2575,14070,1610,25
6,12,0.48,36,0.2625,15270,1710,25
6,12,0.48,36,0.2675,14210,1740,25
6,12,0.48,36,0.2725,16380,1980,25
6,12,0.48,36,0.2775,16540,1970,25
6,12,0.48,36,0.2825,16230,2040,25
6,12,0.48,36,0.2875,16310,2140,25
6,12,0.48,36,0.2925,16800,2260,25
6,12,0.48,36,0.2975,15240,2240,25
6,12,0.48,36,0.3025,16810,2420,25
6,12,0.48,36,0.3075,19220,2720,25
6,12,0.4,36,0.0125,181000,7550,25
6,12,0.4,36,0.0175,124500,5700,25
6,12,0.4,36,0.0225,110900,5260,25
6,12,0.4,36,0.0275,125700,5650,25
6,12,0.4,36,0.0325,137900,5990,25
6,12,0.4,36,0.0375,139800,6060,25
6,12,0.4,36,0.0425,132400,5870,25
6,12,0.4,36,0.0475,134200,5510,25
6,12,0.4,36,0.0525,129900,5400,25
6,12,0.4,36,0.0575,122900,5190,25
6,12,0.4,36,0.0625,115400,4980,25
6,12,0.4,36,0.0675,96580,4440,25
6,12,0.4,36,0.0725,89120,4220,25
6,12,0.4,36,0.0775,77230,3850,25
6,12,0.4,36,0.0825,63340,3430,25
6,12,0.4,36,0.0875,56660,3210,25
6,12,0.4,36,0.0925,48490,2950,25
6,12,0.4,36,0.0975,41300,2720,25
6,12,0.4,36,0.1025,34030,2490,25
6,12,0.4,36,0.1075,30360,2370,25
6,12,0.4,36,0.1125,24060,2170,25
6,12,0.4,36,0.1175,21810,1970,25
6,12,0.4,36,0.1225,19590,2060,25
6,12,0.4,36,0.1275,16400,1960,25
6,12,0.4,36,0.1325,15700,1960,25
6,12,0.4,36,0.1375,13260,1900,25
6,12,0.4,36,0.1425,12450,1900,25
6,12,0.4,36,0.1475,13530,1960,25
6,12,0.4,36,0.1525,11870,1940,25
6,12,0.4,36,0.1575,10200,1920,25
6,12,0.32,36,0.0125,284100,17800,25
6,12,0.32,36,0.0175,154200,11790,25
6,12,0.32,36,0.0225,187100,11970,25
6,12,0.32,36,0.0275,260200,13810,25
6,12,0.32,36,0.0325,227700,12390,25
6,12,0.32,36,0.0375,204300,11440,25
6,12,0.32,36,0.0425,188000,10770,25
6,12,0.32,36,0.0475,175900,10270,25
6,12,0.32,36,0.0525,151700,9410,25
6,12,0.32,36,0.0575,133700,8770,25
6,12,0.32,36,0.0625,107500,7860,25
6,12,0.32,36,0.0675,91440,7270,25
6,12,0.32,36,0.0725,78750,6800,25
6,12,0.32,36,0.0775,61850,6190,25
6,12,0.32,36,0.0825,51520,5810,25
6,12,0.32,36,0.0875,43880,5520,25
6,12,0.32,36,0.0925,32750,4790,25
6,12,0.24,36,0.0125,361300,50450,25
6,12,0.24,36,0.0175,304100,41200,25
6,12,0.24,36,0.0225,497200,43530,25
6,12,0.24,36,0.0275,462100,39490,25
6,12,0.24,36,0.0325,361500,34100,25
6,12,0.24,36,0.0375,291200,30190,25
6,12,0.24,36,0.0425,260000,28030,25
6,12,0.24,36,0.0475,206600,25240,25
6,12,0.24,36,0.0525,137900,24360,25
6,12,0.24,36,0.0575,138300,19810,25
6,12,0.24,36,0.0625,102200,18420,25
6,12,0.2,36,0.0175,435600,78230,25
6,12,0.2,36,0.0225,601100,75240,25
6,12,0.2,36,0.0275,650100,70570,25
6,12,0.2,36,0.0325,455800,58990,25
6,12,0.2,36,0.0375,375600,53380,25
6,12,0.2,36,0.0425,276200,47410,25
6,12,0.2,36,0.0475,200300,42920,25
6,12,0.16,36,0.0125,410600,183200,25
6,12,0.16,36,0.0175,409000,147500,25
6,12,0.16,36,0.0225,790800,146500,25
6,12,0.16,36,0.0275,542100,123000,25
6,12,0.68,60,0.0475,50,10,25
6,12,0.68,60,0.0575,40,10,25
6,12,0.68,60,0.0675,120,10,25
6,12,0.68,60,0.0775,160,20,25
6,12,0.68,60,0.0875,310,20,25
6,12,0.68,60,0.0975,450,30,25
6,12,0.68,60,0.1075,610,40,25
6,12,0.68,60,0.1175,770,40,25
6,12,0.68,60,0.1275,1020,100,25
6,12,0.68,60,0.1375,1220,50,25
6,12,0.68,60,0.1475,1570,60,25
6,12,0.68,60,0.1575,1830,70,25
6,12,0.68,60,0.1675,1990,80,25
6,12,0.68,60,0.1775,2240,90,25
6,12,0.68,60,0.1875,2400,100,25
6,12,0.68,60,0.1975,2510,100,25
6,12,0.68,60,0.2075,2450,100,25
6,12,0.68,60,0.2175,2530,100,25
6,12,0.68,60,0.2275,2430,100,25
6,12,0.68,60,0.2375,2290,100,25
6,12,0.68,60,0.2475,2130,90,25
6,12,0.68,60,0.2575,1950,90,25
6,12,0.68,60,0.2675,1620,80,25
6,12,0.68,60,0.2775,1600,80,25
6,12,0.68,60,0.2875,1470,80,25
6,12,0.68,60,0.2975,1440,70,25
6,12,0.68,60,0.3075,1390,70,25
6,12,0.68,60,0.3175,1510,80,25
6,12,0.68,60,0.3275,1430,70,25
6,12,0.68,60,0.3375,1460,80,25
6,12,0.68,60,0.3475,1540,80,25
6,12,0.68,60,0.3575,1650,90,25
6,12,0.68,60,0.3675,1740,90,25
6,12,0.68,60,0.3775,1780,100,25
6,12,0.68,60,0.3875,1990,100,25
6,12,0.68,60,0.3975,1980,100,25
6,12,0.68,60,0.4075,1990,110,25
6,12,0.68,60,0.4175,2050,120,25
6,12,0.68,60,0.4275,2220,120,25
6,12,0.68,60,0.4375,2000,120,25
6,12,0.68,60,0.4475,2250,130,25
6,12,0.68,60,0.4575,2080,140,25
6,12,0.68,60,0.4675,2140,150,25
6,12,0.68,60,0.4775,1950,150,25
6,12,0.68,60,0.4875,2030,170,25
6,12,0.68,60,0.4975,1740,160,25
6,12,0.68,60,0.5075,1740,180,25
6,12,0.68,60,0.5175,1680,200,25
6,12,0.68,60,0.5275,1580,230,25
6,12,0.68,60,0.5375,1480,250,25
6,12,0.68,60,0.5475,1480,300,25
6,12,0.62,60,0.0375,90,10,25
6,12,0.62,60,0.0475,150,10,25
6,12,0.62,60,0.0575,260,10,25
6,12,0.62,60,0.0675,430,20,25
6,12,0.62,60,0.0775,660,30,25
6,12,0.62,60,0.0875,980,40,25
6,12,0.62,60,0.0975,1320,50,25
6,12,0.62,60,0.1075,1700,60,25
6,12,0.62,60,0.1175,2010,80,25
6,12,0.62,60,0.1275,2480,100,25
6,12,0.62,60,0.1375,2910,110,25
6,12,0.62,60,0.1475,3110,120,25
6,12,0.62,60,0.1575,3350,130,25
6,12,0.62,60,0.1675,3670,140,25
6,12,0.62,60,0.1775,3650,150,25
6,12,0.62,60,0.1875,3570,140,25
6,12,0.62,60,0.1975,3490,150,25
6,12,0.62,60,0.2075,3140,140,25
6,12,0.62,60,0.2175,2840,130,25
6,12,0.62,60,0.2275,2510,120,25
6,12,0.62,60,0.2375,2380,120,25
6,12,0.62,60,0.2475,2160,110,25
6,12,0.62,60,0.2575,1970,100,25
6,12,0.62,60,0.2675,1870,90,25
6,12,0.62,60,0.2775,1670,100,25
6,12,0.62,60,0.2875,1670,100,25
6,12,0.62,60,0.2975,1790,100,25
6,12,0.62,60,0.3075,1830,100,25
6,12,0.62,60,0.3175,1890,110,25
6,12,0.62,60,0.3275,2150,120,25
6,12,0.62,60,0.3375,2270,110,25
6,12,0.62,60,0.3475,2320,130,25
6,12,0.62,60,0.3575,2370,130,25
6,12,0.62,60,0.3675,2580,140,25
6,12,0.62,60,0.3775,2640,150,25
6,12,0.62,60,0.3875,2800,160,25
6,12,0.62,60,0.3975,2680,170,25
6,12,0.62,60,0.4075,2750,180,25
6,12,0.62,60,0.4175,2590,190,25
6,12,0.62,60,0.4275,2690,200,25
6,12,0.62,60,0.4375,2680,210,25
6,12,0.62,60,0.4475,2430,270,25
6,12,0.62,60,0.4575,2180,290,25
6,12,0.62,60,0.4675,2300,320,25
6,12,0.62,60,0.4775,2000,310,25
6,12,0.62,60,0.4875,2170,370,25
6,12,0.62,60,0.4975,1890,430,25
6,12,0.56,60,0.0125,30,10,25
6,12,0.56,60,0.0225,30,10,25
6,12,0.56,60,0.0325,320,20,25
6,12,0.56,60,0.0425,480,20,25
6,12,0.56,60,0.0525,750,40,25
6,12,0.56,60,0.0625,1170,60,25
6,12,0.56,60,0.0725,1620,70,25
6,12,0.56,60,0.0825,2210,90,25
6,12,0.56,60,0.0925,2780,110,25
6,12,0.56,60,0.1025,3430,140,25
6,12,0.56,60,0.1125,3930,150,25
6,12,0.56,60,0.1225,4540,160,25
6,12,0.56,60,0.1325,4760,170,25
6,12,0.56,60,0.1425,4960,190,25
6,12,0.56,60,0.1525,4950,190,25
6,12,0.56,60,0.1625,4800,190,25
6,12,0.56,60,0.1725,4670,190,25
6,12,0.56,60,0.1825,4260,180,25
6,12,0.56,60,0.1925,3970,170,25
6,12,0.56,60,0.2025,3510,160,25
6,12,0.56,60,0.2125,2930,130,25
6,12,0.56,60,0.2225,2560,140,25
6,12,0.56,60,0.2325,2380,130,25
6,12,0.56,60,0.2425,2120,120,25
6,12,0.56,60,0.2525,2100,120,25
6,12,0.56,60,0.2625,2050,120,25
6,12,0.56,60,0.2725,2210,130,25
6,12,0.56,60,0.2825,2240,120,25
6,12,0.56,60,0.2925,2330,140,25
6,12,0.56,60,0.3025,2520,150,25
6,12,0.56,60,0.3125,2760,160,25
6,12,0.56,60,0.3225,2820,170,25
6,12,0.56,60,0.3325,3110,180,25
6,12,0.56,60,0.3425,3240,200,25
6,12,0.56,60,0.3525,3100,210,25
6,12,0.56,60,0.3625,3420,230,25
6,12,0.56,60,0.3725,3630,260,25
6,12,0.56,60,0.3825,3400,260,25
6,12,0.56,60,0.3925,3360,300,25
6,12,0.56,60,0.4025,3280,330,25
6,12,0.56,60,0.4125,3130,360,25
6,12,0.56,60,0.4225,2890,420,25
6,12,0.56,60,0.4325,2860,490,25
6,12,0.56,60,0.4425,2490,590,25
6,12,0.5188,60,0.0113,250,20,25
6,12,0.5188,60,0.0213,90,10,25
6,12,0.5188,60,0.0313,820,30,25
6,12,0.5188,60,0.0413,1040,40,25
6,12,0.5188,60,0.0513,1590,40,25
6,12,0.5188,60,0.0613,2300,50,25
6,12,0.5188,60,0.0713,3130,70,25
6,12,0.5188,60,0.0813,3830,80,25
6,12,0.5188,60,0.0913,4660,90,25
6,12,0.5188,60,0.1013,5300,100,25
6,12,0.5188,60,0.1113,5980,120,25
6,12,0.5188,60,0.1213,6280,120,25
6,12,0.5188,60,0.1313,6400,120,25
6,12,0.5188,60,0.1413,6440,130,25
6,12,0.5188,60,0.1513,6060,130,25
6,12,0.5188,60,0.1613,5490,120,25
6,12,0.5188,60,0.1713,4910,120,25
6,12,0.5188,60,0.1813,4280,110,25
6,12,0.5188,60,0.1913,3530,100,25
6,12,0.5188,60,0.2013,3190,100,25
6,12,0.5188,60,0.2113,2880,90,25
6,12,0.5188,60,0.2213,2510,80,25
6,12,0.5188,60,0.2313,2360,80,25
6,12,0.5188,60,0.2413,2310,80,25
6,12,0.5188,60,0.2513,2430,80,25
6,12,0.5188,60,0.2613,2620,90,25
6,12,0.5188,60,0.2713,2650,100,25
6,12,0.5188,60,0.2813,3090,100,25
6,12,0.5188,60,0.2913,3200,110,25
6,12,0.5188,60,0.3013,3470,120,25
6,12,0.5188,60,0.3113,3560,120,25
6,12,0.5188,60,0.3213,3810,140,25
6,12,0.5188,60,0.3313,3850,150,25
6,12,0.5188,60,0.3413,3840,170,25
6,12,0.5188,60,0.3513,4130,200,25
6,12,0.5188,60,0.3613,4000,230,25
6,12,0.5188,60,0.3713,3920,270,25
6,12,0.4798,60,0.0123,380,10,25
6,12,0.4798,60,0.0173,350,20,25
6,12,0.4798,60,0.0223,490,20,25
6,12,0.4798,60,0.0273,1260,30,25
6,12,0.4798,60,0.0323,1700,30,25
6,12,0.4798,60,0.0373,1770,40,25
6,12,0.4798,60,0.0423,2250,40,25
6,12,0.4798,60,0.0473,2600,50,25
6,12,0.4798,60,0.0523,3140,60,25
6,12,0.4798,60,0.0573,3600,60,25
6,12,0.4798,60,0.0623,4150,70,25
6,12,0.4798,60,0.0673,4780,80,25
6,12,0.4798,60,0.0723,5270,90,25
6,12,0.4798,60,0.0773,5740,100,25
6,12,0.4798,60,0.0823,6260,100,25
6,12,0.4798,60,0.0873,6660,110,25
6,12,0.4798,60,0.0923,6990,120,25
6,12,0.4798,60,0.0973,7510,130,25
6,12,0.4798,60,0.1023,7690,130,25
6,12,0.4798,60,0.1073,7890,140,25
6,12,0.4798,60,0.1123,8190,140,25
6,12,0.4798,60,0.1173,8010,150,25
6,12,0.4798,60,0.1223,8120,150,25
6,12,0.4798,60,0.1273,8150,150,25
6,12,0.4798,60,0.1323,7930,150,25
6,12,0.4798,60,0.1373,7650,150,25
6,12,0.4798,60,0.1423,7140,150,25
6,12,0.4798,60,0.1473,6640,140,25
6,12,0.4798,60,0.1523,6290,140,25
6,12,0.4798,60,0.1573,5860,140,25
6,12,0.4798,60,0.1623,5500,130,25
6,12,0.4798,60,0.1673,5170,120,25
6,12,0.4798,60,0.1723,4680,110,25
6,12,0.4798,60,0.1773,4330,110,25
6,12,0.4798,60,0.1823,3990,110,25
6,12,0.4798,60,0.1873,3680,100,25
6,12,0.4798,60,0.1923,3410,100,25
6,12,0.4798,60,0.1973,3260,90,25
6,12,0.4798,60,0.2023,3100,90,25
6,12,0.4798,60,0.2073,2960,90,25
6,12,0.4798,60,0.2123,2850,90,25
6,12,0.4798,60,0.2173,2760,90,25
6,12,0.4798,60,0.2223,2690,90,25
6,12,0.4798,60,0.2273,2710,90,25
6,12,0.4798,60,0.2323,2700,90,25
6,12,0.4798,60,0.2373,2790,90,25
6,12,0.4798,60,0.2423,2770,100,25
6,12,0.4798,60,0.2473,2940,100,25
6,12,0.4798,60,0.2523,3070,110,25
6,12,0.4798,60,0.2573,3180,110,25
6,12,0.4798,60,0.2623,3210,120,25
6,12,0.4798,60,0.2673,3300,120,25
6,12,0.4798,60,0.2723,3330,140,25
6,12,0.4798,60,0.2773,3470,140,25
6,12,0.4798,60,0.2823,3650,140,25
6,12,0.4798,60,0.2873,3700,150,25
6,12,0.4798,60,0.2923,3820,170,25
6,12,0.4798,60,0.2973,4040,170,25
6,12,0.4798,60,0.3023,4000,180,25
6,12,0.4798,60,0.3073,4110,190,25
6,12,0.4798,60,0.3123,4340,210,25
6,12,0.4798,60,0.3173,4380,220,25
6,12,0.4798,60,0.3223,4260,240,25
6,12,0.4798,60,0.3273,4450,260,25
6,12,0.4798,60,0.3323,4550,290,25
6,12,0.4798,60,0.3373,4530,310,25
6,12,0.4798,60,0.3423,4620,400,25
6,12,0.44,60,0.0075,830,30,25
6,12,0.44,60,0.0125,1210,40,25
6,12,0.44,60,0.0175,1320,30,25
6,12,0.44,60,0.0225,1770,30,25
6,12,0.44,60,0.0275,2960,50,25
6,12,0.44,60,0.0325,3140,60,25
6,12,0.44,60,0.0375,3640,60,25
6,12,0.44,60,0.0425,4360,70,25
6,12,0.44,60,0.0475,4940,80,25
6,12,0.44,60,0.0525,5800,90,25
6,12,0.44,60,0.0575,6530,100,25
6,12,0.44,60,0.0625,7440,120,25
6,12,0.44,60,0.0675,8090,130,25
6,12,0.44,60,0.0725,8920,140,25
6,12,0.44,60,0.0775,9470,150,25
6,12,0.44,60,0.0825,9950,160,25
6,12,0.44,60,0.0875,10260,170,25
6,12,0.44,60,0.0925,10760,180,25
6,12,0.44,60,0.0975,10920,190,25
6,12,0.44,60,0.1025,11230,200,25
6,12,0.44,60,0.1075,11070,200,25
6,12,0.44,60,0.1125,10810,200,25
6,12,0.44,60,0.1175,10590,200,25
6,12,0.44,60,0.1225,10170,210,25
6,12,0.44,60,0.1275,9640,200,25
6,12,0.44,60,0.1325,8810,200,25
6,12,0.44,60,0.1375,8380,200,25
6,12,0.44,60,0.1425,7560,190,25
6,12,0.44,60,0.1475,7010,180,25
6,12,0.44,60,0.1525,6290,160,25
6,12,0.44,60,0.1575,5290,150,25
6,12,0.44,60,0.1625,5360,200,25
6,12,0.44,60,0.1675,4730,150,25
6,12,0.44,60,0.1725,4410,130,25
6,12,0.44,60,0.1775,3900,130,25
6,12,0.44,60,0.1825,3550,120,25
6,12,0.44,60,0.1875,3550,120,25
6,12,0.44,60,0.1925,3250,110,25
6,12,0.44,60,0.1975,3380,110,25
6,12,0.44,60,0.2025,3280,110,25
6,12,0.44,60,0.2075,3160,110,25
6,12,0.44,60,0.2125,3200,110,25
6,12,0.44,60,0.2175,3230,120,25
6,12,0.44,60,0.2225,3250,120,25
6,12,0.44,60,0.2275,3280,120,25
6,12,0.44,60,0.2325,3380,130,25
6,12,0.44,60,0.2375,3490,140,25
6,12,0.44,60,0.2425,3680,150,25
6,12,0.44,60,0.2475,3760,150,25
6,12,0.44,60,0.2525,3900,160,25
6,12,0.44,60,0.2575,3990,180,25
6,12,0.44,60,0.2625,4100,190,25
6,12,0.44,60,0.2675,4260,200,25
6,12,0.44,60,0.2725,4380,220,25
6,12,0.44,60,0.2775,4540,240,25
6,12,0.401,60,0.0085,1050,40,25
6,12,0.401,60,0.0135,4440,100,25
6,12,0.401,60,0.0185,4710,100,25
6,12,0.401,60,0.0235,4200,90,25
6,12,0.401,60,0.0285,6150,120,25
6,12,0.401,60,0.0335,5830,110,25
6,12,0.401,60,0.0385,6940,130,25
6,12,0.401,60,0.0435,7880,140,25
6,12,0.401,60,0.0485,8910,160,25
6,12,0.401,60,0.0535,10170,180,25
6,12,0.401,60,0.0585,10980,190,25
6,12,0.401,60,0.0635,11980,200,25
6,12,0.401,60,0.0685,12940,220,25
6,12,0.401,60,0.0735,13590,240,25
6,12,0.401,60,0.0785,13680,250,25
6,12,0.401,60,0.0835,14260,270,25
6,12,0.401,60,0.0885,14610,270,25
6,12,0.401,60,0.0935,14300,270,25
6,12,0.401,60,0.0985,13830,280,25
6,12,0.401,60,0.1035,13420,280,25
6,12,0.401,60,0.1085,12540,270,25
6,12,0.401,60,0.1135,12050,260,25
6,12,0.401,60,0.1185,11140,240,25
6,12,0.401,60,0.1235,10350,230,25
6,12,0.401,60,0.1285,9110,220,25
6,12,0.401,60,0.1335,8280,210,25
6,12,0.401,60,0.1385,7530,200,25
6,12,0.401,60,0.1435,6800,190,25
6,12,0.401,60,0.1485,6270,180,25
6,12,0.401,60,0.1535,5640,170,25
6,12,0.401,60,0.1585,5140,160,25
6,12,0.401,60,0.1635,4740,160,25
6,12,0.401,60,0.1685,4410,150,25
6,12,0.401,60,0.1735,4150,150,25
6,12,0.401,60,0.1785,3840,150,25
6,12,0.401,60,0.1835,3690,150,25
6,12,0.401,60,0.1885,3520,150,25
6,12,0.401,60,0.1935,3450,150,25
6,12,0.401,60,0.1985,3430,150,25
6,12,0.401,60,0.2035,3450,160,25
6,12,0.401,60,0.2085,3420,170,25
6,12,0.401,60,0.2135,3490,180,25
6,12,0.401,60,0.2185,3650,190,25
6,12,0.401,60,0.2235,3770,210,25
6,12,0.401,60,0.2285,3880,220,25
6,12,0.401,60,0.2335,4040,240,25
6,12,0.401,60,0.2385,4230,260,25
6,12,0.401,60,0.2435,4420,280,25
6,12,0.401,60,0.2485,4570,310,25
6,12,0.401,60,0.2535,4780,340,25
6,12,0.401,60,0.2585,5080,370,25
6,12,0.401,60,0.2635,5170,410,25
6,12,0.401,60,0.2685,5110,440,25
6,12,0.3609,60,0.0034,200,80,25
6,12,0.3609,60,0.0084,8010,270,25
6,12,0.3609,60,0.0134,8530,210,25
6,12,0.3609,60,0.0184,8810,160,25
6,12,0.3609,60,0.0234,9200,190,25
6,12,0.3609,60,0.0284,9240,170,25
6,12,0.3609,60,0.0334,10600,190,25
6,12,0.3609,60,0.0384,11880,210,25
6,12,0.3609,60,0.0434,13230,230,25
6,12,0.3609,60,0.0484,14690,260,25
6,12,0.3609,60,0.0534,16020,280,25
6,12,0.3609,60,0.0584,17330,300,25
6,12,0.3609,60,0.0634,18280,320,25
6,12,0.3609,60,0.0684,19050,330,25
6,12,0.3609,60,0.0734,19330,350,25
6,12,0.3609,60,0.0784,19400,360,25
6,12,0.3609,60,0.0834,18910,360,25
6,12,0.3609,60,0.0884,17980,350,25
6,12,0.3609,60,0.0934,17180,340,25
6,12,0.3609,60,0.0984,15760,330,25
6,12,0.3609,60,0.1034,14450,320,25
6,12,0.3609,60,0.1084,12910,300,25
6,12,0.3609,60,0.1134,11670,290,25
6,12,0.3609,60,0.1184,10250,270,25
6,12,0.3609,60,0.1234,9050,250,25
6,12,0.3609,60,0.1284,8070,240,25
6,12,0.3609,60,0.1334,7050,230,25
6,12,0.3609,60,0.1384,6350,220,25
6,12,0.3609,60,0.1434,5560,210,25
6,12,0.3609,60,0.1484,5020,210,25
6,12,0.3609,60,0.1534,4670,210,25
6,12,0.3609,60,0.1584,4230,200,25
6,12,0.3609,60,0.1634,3810,200,25
6,12,0.3609,60,0.1684,3710,210,25
6,12,0.3609,60,0.1734,3420,210,25
6,12,0.3609,60,0.1784,3330,220,25
6,12,0.3609,60,0.1834,3200,230,25
6,12,0.3609,60,0.1884,3180,250,25
6,12,0.3609,60,0.1934,3220,260,25
6,12,0.3609,60,0.1984,3240,280,25
6,12,0.3609,60,0.2034,3330,300,25
6,12,0.3609,60,0.2084,3400,330,25
6,12,0.3609,60,0.2134,3590,360,25
6,12,0.3609,60,0.2184,3870,390,25
6,12,0.3609,60,0.2234,4060,430,25
6,12,0.3609,60,0.2284,4290,480,25
6,12,0.3203,60,0.0028,4690,160,25
6,12,0.3203,60,0.0078,30210,780,25
6,12,0.3203,60,0.0128,23290,430,25
6,12,0.3203,60,0.0178,16330,320,25
6,12,0.3203,60,0.0228,18660,360,25
6,12,0.3203,60,0.0278,17660,350,25
6,12,0.3203,60,0.0328,20770,400,25
6,12,0.3203,60,0.0378,21380,410,25
6,12,0.3203,60,0.0428,23300,440,25
6,12,0.3203,60,0.0478,24740,470,25
6,12,0.3203,60,0.0528,25830,490,25
6,12,0.3203,60,0.0578,26260,510,25
6,12,0.3203,60,0.0628,26370,530,25
6,12,0.3203,60,0.0678,25960,540,25
6,12,0.3203,60,0.0728,24810,540,25
6,12,0.3203,60,0.0778,22320,510,25
6,12,0.3203,60,0.0828,20460,490,25
6,12,0.3203,60,0.0878,18140,460,25
6,12,0.3203,60,0.0928,15960,440,25
6,12,0.3203,60,0.0978,14210,420,25
6,12,0.3203,60,0.1028,12220,400,25
6,12,0.3203,60,0.1078,10730,380,25
6,12,0.3203,60,0.1128,9320,370,25
6,12,0.3203,60,0.1178,8150,350,25
6,12,0.3203,60,0.1228,7140,340,25
6,12,0.3203,60,0.1278,6180,330,25
6,12,0.3203,60,0.1328,5680,320,25
6,12,0.3203,60,0.1378,5260,320,25
6,12,0.3203,60,0.1428,4600,320,25
6,12,0.3203,60,0.1478,4180,330,25
6,12,0.3203,60,0.1528,3810,340,25
6,12,0.3203,60,0.1578,3390,350,25
6,12,0.3203,60,0.1628,3050,360,25
6,12,0.3203,60,0.1678,2860,390,25
6,12,0.2803,60,0.0028,48190,1180,25
6,12,0.2803,60,0.0078,56900,1650,25
6,12,0.2803,60,0.0128,39620,810,25
6,12,0.2803,60,0.0178,21640,530,25
6,12,0.2803,60,0.0228,26140,580,25
6,12,0.2803,60,0.0278,26300,570,25
6,12,0.2803,60,0.0328,31910,650,25
6,12,0.2803,60,0.0378,34420,710,25
6,12,0.2803,60,0.0428,36160,740,25
6,12,0.2803,60,0.0478,38100,790,25
6,12,0.2803,60,0.0528,38150,810,25
6,12,0.2803,60,0.0578,36760,810,25
6,12,0.2803,60,0.0628,34670,800,25
6,12,0.2803,60,0.0678,31680,780,25
6,12,0.2803,60,0.0728,28410,740,25
6,12,0.2803,60,0.0778,24830,700,25
6,12,0.2803,60,0.0828,21360,660,25
6,12,0.2803,60,0.0878,18460,630,25
6,12,0.2803,60,0.0928,15560,590,25
6,12,0.2803,60,0.0978,13460,570,25
6,12,0.2803,60,0.1028,11320,550,25
6,12,0.2803,60,0.1078,10140,550,25
6,12,0.2803,60,0.1128,8640,540,25
6,12,0.2803,60,0.1178,7660,540,25
6,12,0.2803,60,0.1228,6490,540,25
6,12,0.2803,60,0.1278,5840,550,25
6,12,0.2803,60,0.1328,5370,570,25
6,12,0.2803,60,0.1378,4930,600,25
6,12,0.2404,60,0.0029,270700,7180,25
6,12,0.2404,60,0.0079,106700,4120,25
6,12,0.2404,60,0.0129,60580,1800,25
6,12,0.2404,60,0.0179,33090,1320,25
6,12,0.2404,60,0.0229,43270,1400,25
6,12,0.2404,60,0.0279,45830,1370,25
6,12,0.2404,60,0.0329,48900,1400,25
6,12,0.2404,60,0.0379,47980,1400,25
6,12,0.2404,60,0.0429,48650,1440,25
6,12,0.2404,60,0.0479,46250,1420,25
6,12,0.2404,60,0.0529,43750,1410,25
6,12,0.2404,60,0.0579,39630,1390,25
6,12,0.2404,60,0.0629,33680,1310,25
6,12,0.2404,60,0.0679,29580,1250,25
6,12,0.2404,60,0.0729,24830,1220,25
6,12,0.2404,60,0.0779,19880,1160,25
6,12,0.2404,60,0.0829,16970,1110,25
6,12,0.2404,60,0.0879,14830,1110,25
6,12,0.2404,60,0.0929,12020,1090,25
6,12,0.2404,60,0.0979,10710,1100,25
6,12,0.2404,60,0.1029,9650,1140,25
6,12,0.2404,60,0.1079,7140,1120,25
6,12,0.2,60,0.0075,164000,12880,25
6,12,0.2,60,0.0125,84410,5990,25
6,12,0.2,60,0.0175,51280,4270,25
6,12,0.2,60,0.0225,77990,4760,25
6,12,0.2,60,0.0275,82410,4700,25
6,12,0.2,60,0.0325,74080,4350,25
6,12,0.2,60,0.0375,68520,4170,25
6,12,0.2,60,0.0425,64950,4070,25
6,12,0.2,60,0.0475,56440,3840,25
6,12,0.2,60,0.0525,47050,3640,25
6,12,0.2,60,0.0575,39000,3570,25
6,12,0.2,60,0.0625,31660,3380,25
6,12,0.2,60,0.0675,26050,3200,25
6,12,0.1609,60,0.0084,146800,19250,25
6,12,0.1609,60,0.0134,81090,10790,25
6,12,0.1609,60,0.0184,96280,9250,25
6,12,0.1609,60,0.0234,147100,9330,25
6,12,0.1609,60,0.0284,132800,8350,25
6,12,0.1609,60,0.0334,101000,7350,25
6,12,0.1609,60,0.0384,84780,6800,25
6,12,0.1609,60,0.0434,71350,6380,25
6,12,0.1609,60,0.0484,58670,6040,25
6,12,0.5568,90,0.0793,14,2,25
6,12,0.5568,90,0.0893,24,2,25
6,12,0.5568,90,0.0993,40,3,25
6,12,0.5568,90,0.1093,60,4,25
6,12,0.5568,90,0.1193,100,10,25
6,12,0.5568,90,0.1293,140,10,25
6,12,0.5568,90,0.1393,190,10,25
6,12,0.5568,90,0.1493,270,10,25
6,12,0.5568,90,0.1593,360,10,25
6,12,0.5568,90,0.1693,470,20,25
6,12,0.5568,90,0.1793,560,20,25
6,12,0.5568,90,0.1893,670,30,25
6,12,0.5568,90,0.1993,740,30,25
6,12,0.5568,90,0.2093,800,30,25
6,12,0.5568,90,0.2193,860,30,25
6,12,0.5568,90,0.2293,880,40,25
6,12,0.5568,90,0.2393,890,40,25
6,12,0.5568,90,0.2493,850,40,25
6,12,0.5568,90,0.2593,840,40,25
6,12,0.5568,90,0.2693,810,40,25
6,12,0.5193,90,0.0518,10,2,25
6,12,0.5193,90,0.0618,20,3,25
6,12,0.5193,90,0.0718,30,4,25
6,12,0.5193,90,0.0818,60,10,25
6,12,0.5193,90,0.0918,80,10,25
6,12,0.5193,90,0.1018,130,10,25
6,12,0.5193,90,0.1118,200,10,25
6,12,0.5193,90,0.1218,290,10,25
6,12,0.5193,90,0.1318,390,20,25
6,12,0.5193,90,0.1418,500,20,25
6,12,0.5193,90,0.1518,660,30,25
6,12,0.5193,90,0.1618,780,30,25
6,12,0.5193,90,0.1718,880,30,25
6,12,0.5193,90,0.1818,1010,40,25
6,12,0.5193,90,0.1918,1100,40,25
6,12,0.5193,90,0.2018,1160,50,25
6,12,0.5193,90,0.2118,1160,50,25
6,12,0.5193,90,0.2218,1170,50,25
6,12,0.5193,90,0.2318,1140,50,25
6,12,0.4794,90,0.0419,20,2,25
6,12,0.4794,90,0.0519,30,3,25
6,12,0.4794,90,0.0619,60,4,25
6,12,0.4794,90,0.0719,100,10,25
6,12,0.4794,90,0.0819,170,10,25
6,12,0.4794,90,0.0919,260,10,25
6,12,0.4794,90,0.1019,380,10,25
6,12,0.4794,90,0.1119,510,20,25
6,12,0.4794,90,0.1219,700,20,25
6,12,0.4794,90,0.1319,860,30,25
6,12,0.4794,90,0.1419,1060,40,25
6,12,0.4794,90,0.1519,1270,60,25
6,12,0.4794,90,0.1619,1360,50,25
6,12,0.4794,90,0.1719,1460,60,25
6,12,0.4794,90,0.1819,1490,60,25
6,12,0.4794,90,0.1919,1470,50,25
6,12,0.4794,90,0.2019,1420,50,25
6,12,0.4794,90,0.2119,1420,50,25
6,12,0.4794,90,0.2219,1210,50,25
6,12,0.4794,90,0.2319,1170,50,25
6,12,0.4794,90,0.2419,1100,50,25
6,12,0.4794,90,0.2519,920,40,25
6,12,0.4794,90,0.2619,900,50,25
6,12,0.4794,90,0.2719,920,50,25
6,12,0.4794,90,0.2819,930,50,25
6,12,0.4794,90,0.2919,950,50,25
6,12,0.4794,90,0.3019,1050,60,25
6,12,0.4794,90,0.3119,1180,60,25
6,12,0.4794,90,0.3219,1310,70,25
6,12,0.4794,90,0.3319,1340,80,25
6,12,0.4794,90,0.3419,1420,100,25
6,12,0.4794,90,0.3519,1570,110,25
6,12,0.4794,90,0.3619,1600,130,25
6,12,0.4794,90,0.3719,1740,160,25
6,12,0.4005,90,0.023,14,2,25
6,12,0.4005,90,0.028,50,10,25
6,12,0.4005,90,0.033,170,10,25
6,12,0.4005,90,0.038,170,10,25
6,12,0.4005,90,0.043,260,20,25
6,12,0.4005,90,0.048,310,20,25
6,12,0.4005,90,0.053,390,20,25
6,12,0.4005,90,0.058,520,20,25
6,12,0.4005,90,0.063,640,30,25
6,12,0.4005,90,0.068,750,30,25
6,12,0.4005,90,0.073,910,40,25
6,12,0.4005,90,0.078,1060,40,25
6,12,0.4005,90,0.083,1230,50,25
6,12,0.4005,90,0.088,1420,50,25
6,12,0.4005,90,0.093,1560,60,25
6,12,0.4005,90,0.098,1750,70,25
6,12,0.4005,90,0.103,1910,70,25
6,12,0.4005,90,0.108,2010,80,25
6,12,0.4005,90,0.113,2170,90,25
6,12,0.4005,90,0.118,2310,90,25
6,12,0.4005,90,0.123,2460,100,25
6,12,0.4005,90,0.128,2540,100,25
6,12,0.4005,90,0.133,2610,100,25
6,12,0.4005,90,0.138,2640,110,25
6,12,0.4005,90,0.143,2710,110,25
6,12,0.4005,90,0.148,2620,110,25
6,12,0.4005,90,0.153,2660,110,25
6,12,0.4005,90,0.158,2490,110,25
6,12,0.4005,90,0.163,2440,110,25
6,12,0.4005,90,0.168,2290,110,25
6,12,0.4005,90,0.173,2100,100,25
6,12,0.4005,90,0.178,2060,100,25
6,12,0.4005,90,0.183,1880,90,25
6,12,0.4005,90,0.188,1760,90,25
6,12,0.4005,90,0.193,1620,90,25
6,12,0.4005,90,0.198,1450,90,25
6,12,0.4005,90,0.203,1390,90,25
6,12,0.4005,90,0.208,1350,90,25
6,12,0.4005,90,0.213,1250,80,25
6,12,0.4005,90,0.218,1190,80,25
6,12,0.4005,90,0.223,1200,80,25
6,12,0.4005,90,0.228,1130,80,25
6,12,0.4005,90,0.233,1160,80,25
6,12,0.4005,90,0.238,1190,90,25
6,12,0.4005,90,0.243,1180,80,25
6,12,0.4005,90,0.248,1270,90,25
6,12,0.4005,90,0.253,1360,100,25
6,12,0.4005,90,0.258,1340,110,25
6,12,0.4005,90,0.263,1360,120,25
6,12,0.4005,90,0.268,1470,120,25
6,12,0.4005,90,0.273,1530,140,25
6,12,0.4005,90,0.278,1600,150,25
6,12,0.4005,90,0.283,1600,170,25
6,12,0.4005,90,0.288,1770,190,25
6,12,0.4005,90,0.293,1860,210,25
6,12,0.4005,90,0.298,1840,230,25
6,12,0.3601,90,0.0101,160,20,25
6,12,0.3601,90,0.0151,50,10,25
6,12,0.3601,90,0.0201,60,10,25
6,12,0.3601,90,0.0251,100,10,25
6,12,0.3601,90,0.0301,590,20,25
6,12,0.3601,90,0.0351,490,30,25
6,12,0.3601,90,0.0401,640,20,25
6,12,0.3601,90,0.0451,850,30,25
6,12,0.3601,90,0.0501,1010,30,25
6,12,0.3601,90,0.0551,1210,40,25
6,12,0.3601,90,0.0601,1480,50,25
6,12,0.3601,90,0.0651,1680,50,25
6,12,0.3601,90,0.0701,1920,60,25
6,12,0.3601,90,0.0751,2200,60,25
6,12,0.3601,90,0.0801,2450,70,25
6,12,0.3601,90,0.0851,2770,120,25
6,12,0.3601,90,0.0901,2990,110,25
6,12,0.3601,90,0.0951,3120,130,25
6,12,0.3601,90,0.1001,3450,140,25
6,12,0.3601,90,0.1051,3450,130,25
6,12,0.3601,90,0.1101,3470,130,25
6,12,0.3601,90,0.1151,3640,140,25
6,12,0.3601,90,0.1201,3850,150,25
6,12,0.3601,90,0.1251,3720,150,25
6,12,0.3601,90,0.1301,3400,120,25
6,12,0.3601,90,0.1351,3460,130,25
6,12,0.3601,90,0.1401,3240,140,25
6,12,0.3601,90,0.1451,3110,140,25
6,12,0.3601,90,0.1501,2930,150,25
6,12,0.3601,90,0.1551,2700,130,25
6,12,0.3601,90,0.1601,2400,120,25
6,12,0.3601,90,0.1651,2270,120,25
6,12,0.3601,90,0.1701,2040,110,25
6,12,0.3601,90,0.1751,1770,90,25
6,12,0.3601,90,0.1801,1680,90,25
6,12,0.3601,90,0.1851,1590,90,25
6,12,0.3601,90,0.1901,1460,100,25
6,12,0.3601,90,0.1951,1320,90,25
6,12,0.3601,90,0.2001,1340,90,25
6,12,0.3601,90,0.2051,1270,90,25
6,12,0.3601,90,0.2101,1330,90,25
6,12,0.3601,90,0.2151,1320,100,25
6,12,0.3601,90,0.2201,1290,100,25
6,12,0.3601,90,0.2251,1330,110,25
6,12,0.3601,90,0.2301,1390,110,25
6,12,0.3601,90,0.2351,1480,130,25
6,12,0.3601,90,0.2401,1460,140,25
6,12,0.3601,90,0.2451,1520,160,25
6,12,0.3601,90,0.2501,1750,180,25
6,12,0.3601,90,0.2551,1680,190,25
6,12,0.3601,90,0.2601,1810,210,25
6,12,0.3207,90,0.0082,230,20,25
6,12,0.3207,90,0.0132,220,10,25
6,12,0.3207,90,0.0182,330,20,25
6,12,0.3207,90,0.0232,600,30,25
6,12,0.3207,90,0.0282,1520,60,25
6,12,0.3207,90,0.0332,1230,50,25
6,12,0.3207,90,0.0382,1630,60,25
6,12,0.3207,90,0.0432,1950,70,25
6,12,0.3207,90,0.0482,2260,90,25
6,12,0.3207,90,0.0532,2730,100,25
6,12,0.3207,90,0.0582,3100,120,25
6,12,0.3207,90,0.0632,3550,130,25
6,12,0.3207,90,0.0682,3820,140,25
6,12,0.3207,90,0.0732,4190,160,25
6,12,0.3207,90,0.0782,4480,170,25
6,12,0.3207,90,0.0832,4790,190,25
6,12,0.3207,90,0.0882,4970,200,25
6,12,0.3207,90,0.0932,5210,210,25
6,12,0.3207,90,0.0982,5330,220,25
6,12,0.3207,90,0.1032,5230,220,25
6,12,0.3207,90,0.1082,5240,220,25
6,12,0.3207,90,0.1132,5030,220,25
6,12,0.3207,90,0.1182,4750,210,25
6,12,0.3207,90,0.1232,4410,210,25
6,12,0.3207,90,0.1282,4130,200,25
6,12,0.3207,90,0.1332,3760,190,25
6,12,0.3207,90,0.1382,3380,180,25
6,12,0.3207,90,0.1432,3040,170,25
6,12,0.3207,90,0.1482,2720,160,25
6,12,0.3207,90,0.1532,2470,150,25
6,12,0.3207,90,0.1582,2190,150,25
6,12,0.3207,90,0.1632,2040,150,25
6,12,0.3207,90,0.1682,1800,140,25
6,12,0.3207,90,0.1732,1690,140,25
6,12,0.3207,90,0.1782,1620,140,25
6,12,0.3207,90,0.1832,1510,150,25
6,12,0.3207,90,0.1882,1500,160,25
6,12,0.3207,90,0.1932,1510,160,25
6,12,0.3207,90,0.1982,1450,170,25
6,12,0.3207,90,0.2032,1500,190,25
6,12,0.3207,90,0.2082,1520,210,25
6,12,0.3207,90,0.2132,1550,230,25
6,12,0.3207,90,0.2182,1660,260,25
6,12,0.2801,90,0.0076,140,20,25
6,12,0.2801,90,0.0126,1540,70,25
6,12,0.2801,90,0.0176,930,60,25
6,12,0.2801,90,0.0226,1910,70,25
6,12,0.2801,90,0.0276,3320,110,25
6,12,0.2801,90,0.0326,2840,100,25
6,12,0.2801,90,0.0376,3580,140,25
6,12,0.2801,90,0.0426,3960,130,25
6,12,0.2801,90,0.0476,4600,140,25
6,12,0.2801,90,0.0526,5220,150,25
6,12,0.2801,90,0.0576,5690,170,25
6,12,0.2801,90,0.0626,6180,190,25
6,12,0.2801,90,0.0676,6630,210,25
6,12,0.2801,90,0.0726,6810,210,25
6,12,0.2801,90,0.0776,7150,230,25
6,12,0.2801,90,0.0826,7210,250,25
6,12,0.2801,90,0.0876,6950,240,25
6,12,0.2801,90,0.0926,6680,230,25
6,12,0.2801,90,0.0976,6410,230,25
6,12,0.2801,90,0.1026,5950,240,25
6,12,0.2801,90,0.1076,5370,230,25
6,12,0.2801,90,0.1126,4620,220,25
6,12,0.2801,90,0.1176,4410,210,25
6,12,0.2801,90,0.1226,3810,210,25
6,12,0.2801,90,0.1276,3350,190,25
6,12,0.2801,90,0.1326,2920,180,25
6,12,0.2801,90,0.1376,2500,180,25
6,12,0.2801,90,0.1426,2350,180,25
6,12,0.2801,90,0.1476,2040,170,25
6,12,0.2801,90,0.1526,1850,180,25
6,12,0.2801,90,0.1576,1710,180,25
6,12,0.2801,90,0.1626,1530,180,25
6,12,0.2801,90,0.1676,1550,210,25
6,12,0.2801,90,0.1726,1510,220,25
6,12,0.2801,90,0.1776,1230,230,25
6,12,0.2411,90,0.0036,210,20,25
6,12,0.2411,90,0.0086,4570,160,25
6,12,0.2411,90,0.0136,4830,130,25
6,12,0.2411,90,0.0186,4020,140,25
6,12,0.2411,90,0.0236,5860,190,25
6,12,0.2411,90,0.0286,4980,180,25
6,12,0.2411,90,0.0336,6010,200,25
6,12,0.2411,90,0.0386,6790,220,25
6,12,0.2411,90,0.0436,8100,290,25
6,12,0.2411,90,0.0486,8690,290,25
6,12,0.2411,90,0.0536,9400,310,25
6,12,0.2411,90,0.0586,9920,330,25
6,12,0.2411,90,0.0636,10330,350,25
6,12,0.2411,90,0.0686,9950,360,25
6,12,0.2411,90,0.0736,9700,360,25
6,12,0.2411,90,0.0786,9330,360,25
6,12,0.2411,90,0.0836,8480,350,25
6,12,0.2411,90,0.0886,7560,330,25
6,12,0.2411,90,0.0936,6660,320,25
6,12,0.2411,90,0.0986,5880,310,25
6,12,0.2411,90,0.1036,4910,290,25
6,12,0.2411,90,0.1086,4320,280,25
6,12,0.2411,90,0.1136,3560,270,25
6,12,0.2411,90,0.1186,3130,260,25
6,12,0.2411,90,0.1236,2630,260,25
6,12,0.2411,90,0.1286,2460,280,25
6,12,0.2411,90,0.1336,2070,280,25
6,12,0.2411,90,0.1386,1990,310,25
6,12,0.1999,90,0.0049,1750,110,25
6,12,0.1999,90,0.0099,20370,810,25
6,12,0.1999,90,0.0149,12140,470,25
6,12,0.1999,90,0.0199,9460,420,25
6,12,0.1999,90,0.0249,11500,490,25
6,12,0.1999,90,0.0299,11750,520,25
6,12,0.1999,90,0.0349,12570,540,25
6,12,0.1999,90,0.0399,14300,630,25
6,12,0.1999,90,0.0449,15130,670,25
6,12,0.1999,90,0.0499,15350,670,25
6,12,0.1999,90,0.0549,15280,700,25
6,12,0.1999,90,0.0599,13750,680,25
6,12,0.1999,90,0.0649,12280,650,25
6,12,0.1999,90,0.0699,10840,630,25
6,12,0.1999,90,0.0749,9560,620,25
6,12,0.1999,90,0.0799,7970,570,25
6,12,0.1999,90,0.0849,6050,560,25
6,12,0.1999,90,0.0899,5340,570,25
6,12,0.1999,90,0.0949,4560,570,25
6,12,0.1999,90,0.0999,3700,570,25
6,12,0.1597,90,0.0022,122300,5450,25
6,12,0.1597,90,0.0072,45470,2170,25
6,12,0.1597,90,0.0122,22240,1400,25
6,12,0.1597,90,0.0172,13940,1140,25
6,12,0.1597,90,0.0222,19770,1330,25
6,12,0.1597,90,0.0272,22000,1360,25
6,12,0.1597,90,0.0322,23400,1470,25
6,12,0.1597,90,0.0372,22540,1420,25
6,12,0.1597,90,0.0422,21370,1400,25
6,12,0.1597,90,0.0472,19390,1380,25
6,12,0.1597,90,0.0522,17230,1350,25
6,12,0.1597,90,0.0572,14640,1310,25
6,12,0.1597,90,0.0622,12000,1270,25
6,12,0.1196,90,0.0071,86760,9860,25
6,12,0.1196,90,0.0121,26350,5890,25
6,12,0.1196,90,0.0171,25810,4670,25
6,12,0.1196,90,0.0221,40060,4770,25
6,12,0.56,145,0.1925,10,2,25
6,12,0.56,145,0.2025,16,3,25
6,12,0.56,145,0.2125,23,1,25
6,12,0.56,145,0.2225,34,2,25
6,12,0.56,145,0.2325,49,3,25
6,12,0.56,145,0.2425,66,3,25
6,12,0.56,145,0.2525,92,4,25
6,12,0.56,145,0.2625,123,5,25
6,12,0.56,145,0.2725,151,7,25
6,12,0.56,145,0.2825,171,7,25
6,12,0.56,145,0.2925,185,10,25
6,12,0.56,145,0.3025,211,11,25
6,12,0.56,145,0.3125,220,12,25
6,12,0.56,145,0.3225,234,13,25
6,12,0.56,145,0.3325,241,13,25
6,12,0.56,145,0.3425,236,14,25
6,12,0.56,145,0.3525,217,13,25
6,12,0.56,145,0.3625,207,14,25
6,12,0.56,145,0.3725,205,14,25
6,12,0.56,145,0.3825,215,14,25
6,12,0.56,145,0.3925,235,17,25
6,12,0.56,145,0.4025,258,19,25
6,12,0.56,145,0.4125,290,20,25
6,12,0.56,145,0.4225,331,25,25
6,12,0.56,145,0.4325,361,28,25
6,12,0.56,145,0.4425,406,34,25
6,12,0.56,145,0.4525,401,37,25
6,12,0.56,145,0.4625,421,43,25
6,12,0.4794,145,0.1219,9,1,25
6,12,0.4794,145,0.1319,9,1,25
6,12,0.4794,145,0.1419,20,2,25
6,12,0.4794,145,0.1519,27,3,25
6,12,0.4794,145,0.1619,55,3,25
6,12,0.4794,145,0.1719,81,4,25
6,12,0.4794,145,0.1819,111,5,25
6,12,0.4794,145,0.1919,157,6,25
6,12,0.4794,145,0.2019,201,10,25
6,12,0.4794,145,0.2119,260,13,25
6,12,0.4794,145,0.2219,290,15,25
6,12,0.4794,145,0.2319,315,16,25
6,12,0.4794,145,0.2419,371,18,25
6,12,0.4794,145,0.2519,400,15,25
6,12,0.4794,145,0.2619,418,18,25
6,12,0.4794,145,0.2719,424,19,25
6,12,0.4794,145,0.2819,426,19,25
6,12,0.4794,145,0.2919,390,18,25
6,12,0.4794,145,0.3019,380,21,25
6,12,0.4794,145,0.3119,373,21,25
6,12,0.4794,145,0.3219,416,22,25
6,12,0.4794,145,0.3319,381,22,25
6,12,0.4794,145,0.3419,442,28,25
6,12,0.4794,145,0.3519,466,29,25
6,12,0.4794,145,0.3619,507,31,25
6,12,0.4794,145,0.3719,611,40,25
6,12,0.44,145,0.0975,10,2,25
6,12,0.44,145,0.1075,15,2,25
6,12,0.44,145,0.1175,30,3,25
6,12,0.44,145,0.1275,50,4,25
6,12,0.44,145,0.1375,83,5,25
6,12,0.44,145,0.1475,123,7,25
6,12,0.44,145,0.1575,186,8,25
6,12,0.44,145,0.1675,266,11,25
6,12,0.44,145,0.1775,317,14,25
6,12,0.44,145,0.1875,388,17,25
6,12,0.44,145,0.1975,441,20,25
6,12,0.44,145,0.2075,497,22,25
6,12,0.44,145,0.2175,521,26,25
6,12,0.44,145,0.2275,546,28,25
6,12,0.44,145,0.2375,536,28,25
6,12,0.44,145,0.2475,515,30,25
6,12,0.44,145,0.2575,471,26,25
6,12,0.44,145,0.2675,422,27,25
6,12,0.44,145,0.2775,428,28,25
6,12,0.44,145,0.2875,396,28,25
6,12,0.44,145,0.2975,421,30,25
6,12,0.44,145,0.3075,437,33,25
6,12,0.44,145,0.3175,472,37,25
6,12,0.44,145,0.3275,534,45,25
6,12,0.44,145,0.3375,613,54,25
6,12,0.3997,145,0.0597,7,1,25
6,12,0.3997,145,0.0647,8,1,25
6,12,0.3997,145,0.0697,10,1,25
6,12,0.3997,145,0.0747,18,3,25
6,12,0.3997,145,0.0797,22,2,25
6,12,0.3997,145,0.0847,34,3,25
6,12,0.3997,145,0.0897,43,3,25
6,12,0.3997,145,0.0947,60,4,25
6,12,0.3997,145,0.0997,66,4,25
6,12,0.3997,145,0.1047,86,5,25
6,12,0.3997,145,0.1097,113,5,25
6,12,0.3997,145,0.1147,130,5,25
6,12,0.3997,145,0.1197,163,6,25
6,12,0.3997,145,0.1247,186,9,25
6,12,0.3997,145,0.1297,216,10,25
6,12,0.3997,145,0.1347,247,11,25
6,12,0.3997,145,0.1397,300,12,25
6,12,0.3997,145,0.1447,354,13,25
6,12,0.3997,145,0.1497,405,15,25
6,12,0.3997,145,0.1547,426,15,25
6,12,0.3997,145,0.1597,480,17,25
6,12,0.3997,145,0.1647,509,18,25
6,12,0.3997,145,0.1697,563,19,25
6,12,0.3997,145,0.1747,625,26,25
6,12,0.3997,145,0.1797,700,34,25
6,12,0.3997,145,0.1847,728,34,25
6,12,0.3997,145,0.1897,717,41,25
6,12,0.3997,145,0.1947,710,34,25
6,12,0.3997,145,0.1997,745,35,25
6,12,0.3997,145,0.2047,795,37,25
6,12,0.3997,145,0.2097,751,37,25
6,12,0.3997,145,0.2147,706,30,25
6,12,0.3997,145,0.2197,690,33,25
6,12,0.3997,145,0.2247,647,33,25
6,12,0.3997,145,0.2297,625,35,25
6,12,0.3997,145,0.2347,580,32,25
6,12,0.3997,145,0.2397,610,33,25
6,12,0.3997,145,0.2447,528,31,25
6,12,0.3997,145,0.2497,543,30,25
6,12,0.3997,145,0.2547,503,30,25
6,12,0.3997,145,0.2597,481,30,25
6,12,0.3997,145,0.2647,522,31,25
6,12,0.3997,145,0.2697,506,30,25
6,12,0.3997,145,0.2747,518,31,25
6,12,0.3997,145,0.2797,546,31,25
6,12,0.3997,145,0.2847,558,36,25
6,12,0.3997,145,0.2897,626,41,25
6,12,0.3997,145,0.2947,644,42,25
6,12,0.3997,145,0.2997,685,45,25
6,12,0.3601,145,0.0451,10,6,25
6,12,0.3601,145,0.0501,15,6,25
6,12,0.3601,145,0.0551,39,8,25
6,12,0.3601,145,0.0601,25,7,25
6,12,0.3601,145,0.0651,48,9,25
6,12,0.3601,145,0.0701,69,8,25
6,12,0.3601,145,0.0751,95,6,25
6,12,0.3601,145,0.0801,120,7,25
6,12,0.3601,145,0.0851,140,9,25
6,12,0.3601,145,0.0901,195,10,25
6,12,0.3601,145,0.0951,239,13,25
6,12,0.3601,145,0.1001,271,14,25
6,12,0.3601,145,0.1051,360,15,25
6,12,0.3601,145,0.1101,407,17,25
6,12,0.3601,145,0.1151,441,18,25
6,12,0.3601,145,0.1201,554,21,25
6,12,0.3601,145,0.1251,613,23,25
6,12,0.3601,145,0.1301,678,23,25
6,12,0.3601,145,0.1351,762,30,25
6,12,0.3601,145,0.1401,792,36,25
6,12,0.3601,145,0.1451,855,37,25
6,12,0.3601,145,0.1501,882,45,25
6,12,0.3601,145,0.1551,941,40,25
6,12,0.3601,145,0.1601,994,42,25
6,12,0.3601,145,0.1651,970,42,25
6,12,0.3601,145,0.1701,1004,44,25
6,12,0.3601,145,0.1751,1003,39,25
6,12,0.3601,145,0.1801,1005,43,25
6,12,0.3601,145,0.1851,948,43,25
6,12,0.3601,145,0.1901,916,46,25
6,12,0.3601,145,0.1951,874,43,25
6,12,0.3601,145,0.2001,852,42,25
6,12,0.3601,145,0.2051,740,40,25
6,12,0.3601,145,0.2101,769,40,25
6,12,0.3601,145,0.2151,645,40,25
6,12,0.3601,145,0.2201,656,41,25
6,12,0.3601,145,0.2251,606,40,25
6,12,0.3601,145,0.2301,595,38,25
6,12,0.3601,145,0.2351,592,40,25
6,12,0.3601,145,0.2401,571,35,25
6,12,0.3601,145,0.2451,551,40,25
6,12,0.3601,145,0.2501,625,44,25
6,12,0.3601,145,0.2551,639,44,25
6,12,0.3601,145,0.2601,697,48,25
6,12,0.3201,145,0.0301,6,2,25
6,12,0.3201,145,0.0351,52,3,25
6,12,0.3201,145,0.0401,51,4,25
6,12,0.3201,145,0.0451,81,7,25
6,12,0.3201,145,0.0501,110,7,25
6,12,0.3201,145,0.0551,150,10,25
6,12,0.3201,145,0.0601,210,12,25
6,12,0.3201,145,0.0651,260,12,25
6,12,0.3201,145,0.0701,323,14,25
6,12,0.3201,145,0.0751,427,20,25
6,12,0.3201,145,0.0801,456,20,25
6,12,0.3201,145,0.0851,560,21,25
6,12,0.3201,145,0.0901,641,21,25
6,12,0.3201,145,0.0951,724,27,25
6,12,0.3201,145,0.1001,851,35,25
6,12,0.3201,145,0.1051,924,36,25
6,12,0.3201,145,0.1101,1046,45,25
6,12,0.3201,145,0.1151,1074,41,25
6,12,0.3201,145,0.1201,1237,47,25
6,12,0.3201,145,0.1251,1230,55,25
6,12,0.3201,145,0.1301,1300,51,25
6,12,0.3201,145,0.1351,1305,46,25
6,12,0.3201,145,0.1401,1388,51,25
6,12,0.3201,145,0.1451,1395,52,25
6,12,0.3201,145,0.1501,1357,54,25
6,12,0.3201,145,0.1551,1324,53,25
6,12,0.3201,145,0.1601,1330,56,25
6,12,0.3201,145,0.1651,1197,52,25
6,12,0.3201,145,0.1701,1144,50,25
6,12,0.3201,145,0.1751,1025,49,25
6,12,0.3201,145,0.1801,973,49,25
6,12,0.3201,145,0.1851,865,46,25
6,12,0.3201,145,0.1901,880,47,25
6,12,0.3201,145,0.1951,785,45,25
6,12,0.3201,145,0.2001,697,39,25
6,12,0.3201,145,0.2051,688,43,25
6,12,0.3201,145,0.2101,750,48,25
6,12,0.3201,145,0.2151,637,44,25
6,12,0.3201,145,0.2201,664,47,25
6,12,0.2801,145,0.0226,8,5,25
6,12,0.2801,145,0.0276,75,7,25
6,12,0.2801,145,0.0326,290,15,25
6,12,0.2801,145,0.0376,250,18,25
6,12,0.2801,145,0.0426,354,17,25
6,12,0.2801,145,0.0476,434,18,25
6,12,0.2801,145,0.0526,552,19,25
6,12,0.2801,145,0.0576,720,28,25
6,12,0.2801,145,0.0626,810,30,25
6,12,0.2801,145,0.0676,973,40,25
6,12,0.2801,145,0.0726,1042,37,25
6,12,0.2801,145,0.0776,1190,41,25
6,12,0.2801,145,0.0826,1322,53,25
6,12,0.2801,145,0.0876,1418,51,25
6,12,0.2801,145,0.0926,1584,54,25
6,12,0.2801,145,0.0976,1672,56,25
6,12,0.2801,145,0.1026,1811,65,25
6,12,0.2801,145,0.1076,1860,68,25
6,12,0.2801,145,0.1126,1892,71,25
6,12,0.2801,145,0.1176,1964,74,25
6,12,0.2801,145,0.1226,1916,77,25
6,12,0.2801,145,0.1276,1891,76,25
6,12,0.2801,145,0.1326,1753,77,25
6,12,0.2801,145,0.1376,1702,82,25
6,12,0.2801,145,0.1426,1550,81,25
6,12,0.2801,145,0.1476,1448,75,25
6,12,0.2801,145,0.1526,1303,76,25
6,12,0.2801,145,0.1576,1146,65,25
6,12,0.2801,145,0.1626,1048,62,25
6,12,0.2801,145,0.1676,897,61,25
6,12,0.2801,145,0.1726,922,61,25
6,12,0.2801,145,0.1776,863,62,25
6,12,0.2411,145,0.0086,27,4,25
6,12,0.2411,145,0.0136,29,3,25
6,12,0.2411,145,0.0186,15,4,25
6,12,0.2411,145,0.0236,186,14,25
6,12,0.2411,145,0.0286,816,47,25
6,12,0.2411,145,0.0336,652,30,25
6,12,0.2411,145,0.0386,908,40,25
6,12,0.2411,145,0.0436,1070,53,25
6,12,0.2411,145,0.0486,1280,52,25
6,12,0.2411,145,0.0536,1442,52,25
6,12,0.2411,145,0.0586,1661,56,25
6,12,0.2411,145,0.0636,1913,70,25
6,12,0.2411,145,0.0686,2051,75,25
6,12,0.2411,145,0.0736,2182,81,25
6,12,0.2411,145,0.0786,2410,90,25
6,12,0.2411,145,0.0836,2630,102,25
6,12,0.2411,145,0.0886,2657,102,25
6,12,0.2411,145,0.0936,2704,106,25
6,12,0.2411,145,0.0986,2750,114,25
6,12,0.2411,145,0.1036,2613,114,25
6,12,0.2411,145,0.1086,2400,110,25
6,12,0.2411,145,0.1136,2322,111,25
6,12,0.2411,145,0.1186,2063,101,25
6,12,0.2411,145,0.1236,1824,100,25
6,12,0.2411,145,0.1286,1582,100,25
6,12,0.2411,145,0.1336,1491,92,25
6,12,0.2411,145,0.1386,1253,87,25
6,12,0.1999,145,0.0099,238,19,25
6,12,0.1999,145,0.0149,207,13,25
6,12,0.1999,145,0.0199,840,45,25
6,12,0.1999,145,0.0249,2082,80,25
6,12,0.1999,145,0.0299,1520,67,25
6,12,0.1999,145,0.0349,1822,74,25
6,12,0.1999,145,0.0399,2130,90,25
6,12,0.1999,145,0.0449,2520,100,25
6,12,0.1999,145,0.0499,2940,110,25
6,12,0.1999,145,0.0549,3400,140,25
6,12,0.1999,145,0.0599,3660,150,25
6,12,0.1999,145,0.0649,3750,160,25
6,12,0.1999,145,0.0699,3860,170,25
6,12,0.1999,145,0.0749,3930,180,25
6,12,0.1999,145,0.0799,3730,170,25
6,12,0.1999,145,0.0849,3440,180,25
6,12,0.1999,145,0.0899,3100,170,25
6,12,0.1999,145,0.0949,2820,160,25
6,12,0.1999,145,0.0999,2480,150,25
6,12,0.1597,145,0.0022,718,71,25
6,12,0.1597,145,0.0072,1331,73,25
6,12,0.1597,145,0.0122,947,51,25
6,12,0.1597,145,0.0172,1055,58,25
6,12,0.1597,145,0.0222,3930,170,25
6,12,0.1597,145,0.0272,2770,120,25
6,12,0.1597,145,0.0322,3320,160,25
6,12,0.1597,145,0.0372,4030,180,25
6,12,0.1597,145,0.0422,4900,220,25
6,12,0.1597,145,0.0472,5420,250,25
6,12,0.1597,145,0.0522,5620,270,25
6,12,0.1597,145,0.0572,5500,280,25
6,12,0.1597,145,0.0622,5130,280,25
6,12,0.1196,145,0.0021,17100,700,25
6,12,0.1196,145,0.0071,4800,340,25
6,12,0.1196,145,0.0121,2390,210,25
6,12,0.1196,145,0.0171,3280,260,25
6,12,0.1196,145,0.0221,7220,410,25