EX_RL,RL,EX_RT,RT,nu_RL,nu_RT,q,Q2
14.01656,12.052475999999999,14.023000000000001,2.07,0.01498629568356158,0.01499272705919452,0.148,0.02
14.02284,12.803112,14.16,2.3148,0.01499256727350939,0.01512954271503197,0.148,0.02
14.19604,13.56714,14.328999999999999,2.448,0.01516553394257691,0.01529831300854845,0.148,0.02
14.39011,14.283612,14.48,3.5063999999999997,0.01535933932079203,0.01544910561530166,0.148,0.02
14.40823,15.152724,14.61,5.5691999999999995,0.01537743444220752,0.01557892543756623,0.148,0.02
14.57638,14.879916,14.731,7.5203999999999995,0.0155453521786395,0.015699756380819,0.148,0.02
14.641950000000001,15.70032,14.83,9.4788,0.01561083092493476,0.01579861709151942,0.148,0.02
14.80989,16.232796,14.914,11.4192,0.015778535456203,0.01588249822196452,0.148,0.02
14.82592,17.406576,15.006,13.518,0.01579454284917681,0.01597436731029944,0.148,0.02
14.91595,18.840024,15.112,15.264,0.01588444545502732,0.01608021554249994,0.148,0.02
14.98053,20.152728000000003,15.234,17.2476,0.01594893362838334,0.01620203962747802,0.148,0.02
15.02206,21.293388,15.370999999999999,19.241999999999997,0.01599040438038024,0.01633884050326628,0.148,0.02
15.11504,22.583736000000002,15.524,17.5896,0.01608325117515008,0.01649161614764871,0.148,0.02
15.205710000000002,23.898923999999997,15.568999999999999,14.8968,0.016173790537648,0.01653654976390762,0.148,0.02
15.22634,25.126416,15.628,11.851199999999999,0.01619439071164308,0.01659546245419286,0.148,0.02
15.40376,25.335036,15.768999999999998,10.097999999999999,0.01637155264019263,0.01673625254297839,0.148,0.02
15.41389,26.158392,15.931000000000001,10.2852,0.01638166782069383,0.01689800918257589,0.148,0.02
15.587,24.769296,16.062,11.0124,0.01655452315990935,0.01702881068199957,0.148,0.02
15.59093,25.700724,16.232,11.8044,0.01655844734753309,0.01719855080739663,0.148,0.02
15.65585,27.180864,16.399,11.2788,0.01662327113333539,0.01736529301299861,0.148,0.02
15.691730000000002,28.676555999999998,16.569,10.0764,0.0166590977965928,0.01753502803684626,0.148,0.02
15.74718,30.5055,16.641,8.8812,0.01671446514291475,0.01760691503591616,0.148,0.02
15.778830000000001,31.959216000000012,16.795,7.8516,0.01674606784271759,0.01776067179001473,0.148,0.02
15.83073,33.430248000000006,16.962999999999997,7.430400000000001,0.01679789008626997,0.01792840402259799,0.148,0.02
15.857750000000001,34.957296,17.131,7.9308,0.01682486951001927,0.01809613374233265,0.148,0.02
15.88128,36.306864000000004,17.298000000000002,9.3924,0.01684836412177582,0.01826286258053322,0.148,0.02
15.91942,37.620611999999994,17.465999999999998,10.8468,0.01688644665590289,0.01843058728986158,0.148,0.02
15.95879,38.937167999999986,17.633,12.232800000000001,0.01692575720089451,0.01859731114770469,0.148,0.02
15.991140000000001,40.224204,17.807,12.7332,0.01695805824389929,0.01877102078987747,0.148,0.02
16.02083,41.63868,17.968,13.518,0.01698770323040755,0.01893174972501122,0.148,0.02
16.213,40.559472,18.136,14.3424,0.01717957997994901,0.01909946441488053,0.148,0.02
16.256449999999997,37.29456,18.299,14.9868,0.01722296321962524,0.01926218519509426,0.148,0.02
16.25708,37.938492,18.471,14.9616,0.01722359225040293,0.01943388799415935,0.148,0.02
16.25819,39.077748,18.646,13.2984,0.01722470054263781,0.01960858290733469,0.148,0.02
16.2925,36.00072,18.814,12.7008,0.01725895770169394,0.0197762874599352,0.148,0.02
16.30048,34.618500000000004,18.966,14.112,0.01726692539664398,0.01992801798618515,0.148,0.02
16.34568,33.14775600000001,19.102999999999998,15.7752,0.0173120555918409,0.02006477334365186,0.148,0.02
16.368170000000003,32.288579999999996,19.224999999999998,17.8092,0.0173345107915388,0.02018655408097736,0.148,0.02
16.37488,31.198644,19.362000000000002,20.088,0.0173412103999766,0.02032330628116874,0.148,0.02
16.3798,28.275984,19.507,22.1832,0.0173461227779832,0.020468042192201,0.148,0.02
16.40408,29.257056,19.659,23.7672,0.01737036513218726,0.02061976334583804,0.148,0.02
16.4424,26.703648,19.831999999999997,23.6916,0.01740862561076995,0.02079244347353715,0.148,0.02
16.47061,25.747272000000002,19.958,20.1384,0.01743679170938073,0.02091820882713691,0.148,0.02
16.48508,24.63858,20.025000000000002,17.8092,0.01745123916316338,0.02098508347966366,0.148,0.02
16.49939,23.36886,20.084999999999997,15.7428,0.01746552684791247,0.02104497088925861,0.148,0.02
16.52146,22.090284,20.246,13.7988,0.01748756239584282,0.02120566718908101,0.148,0.02
16.53304,20.6766,20.406,13.446,0.01749912430169509,0.02136536309089365,0.148,0.02
16.57348,19.635264,20.573,13.032,0.01753950101914548,0.02153204325966485,0.148,0.02
16.60552,17.616923999999997,20.746000000000002,11.764800000000001,0.01757149077795006,0.02170470932158253,0.148,0.02
16.69661,15.710508,20.908,11.4804,0.01766243744245877,0.02186639420310321,0.148,0.02
16.81364,14.201784,21.076,12.2004,0.01777928220452196,0.02203406494819582,0.148,0.02
16.99144,14.455116,21.243000000000002,13.2012,0.01795679844469689,0.02220073516541987,0.148,0.02
17.172159999999998,13.709088,21.410999999999998,14.324399999999999,0.01813722714043919,0.0223684009053926,0.148,0.02
17.32129,13.316075999999999,21.58,14.958,0.01828611456674167,0.02253706212340667,0.148,0.02
17.43204,12.631176,21.741,15.166799999999999,0.01839668314051934,0.02269773701620892,0.148,0.02
17.60434,12.00888,21.913999999999998,15.3432,0.01856869871479994,0.02287038510847239,0.148,0.02
17.78244,12.572424,22.081,15.670799999999998,0.01874650193706984,0.02303704288134334,0.148,0.02
17.88712,13.955472,22.297,15.811200000000001,0.01885100618562419,0.02325259656258361,0.148,0.02
17.93922,15.00138,22.462,16.0488,0.01890301834931485,0.02341725283010909,0.148,0.02
18.01469,16.103268,22.634999999999998,16.135199999999998,0.01897836068463654,0.02358988983260346,0.148,0.02
18.149140000000003,17.335872,22.799,15.966000000000001,0.0191125819936282,0.02375354326276913,0.148,0.02
18.22356,18.229823999999997,22.959,15.498,0.01918687471813207,0.02391320284173659,0.148,0.02
18.394750000000002,19.29114,23.132,15.6852,0.01935777007236616,0.02408583220107374,0.148,0.02
18.5031,18.075456,23.3,16.1784,0.01946593223663307,0.02425346972652598,0.148,0.02
18.64583,17.424936,23.498,16.362000000000002,0.01960841320502738,0.02445103930385528,0.148,0.02
18.81521,16.971515999999998,23.695999999999998,15.4188,0.01977749532290041,0.02464860539684999,0.148,0.02
18.99293,17.141436,23.854,14.6844,0.01995490002884459,0.0248062566483771,0.148,0.02
19.19229,17.179092,24.02,13.9536,0.02015390299847652,0.02497188785190119,0.148,0.02
19.37231,17.03556,24.188000000000002,13.269599999999999,0.02033359756531006,0.02513951211891374,0.148,0.02
19.42033,17.660088000000002,24.355999999999998,12.1572,0.02038153026945189,0.02530713387792538,0.148,0.02
19.58814,18.368568,24.519,12.2544,0.02054903359537974,0.02546976449706939,0.148,0.02
19.63958,19.30122,24.686,13.114799999999999,0.02060037908666601,0.02563638360331666,0.148,0.02
19.79279,20.982096,24.854000000000003,13.6044,0.02075330620511551,0.02580399792856092,0.148,0.02
19.94198,22.523580000000003,25.021,14.2632,0.02090221873912057,0.02597061206427931,0.148,0.02
20.02317,23.41962,25.189,14.335199999999999,0.02098325690863767,0.0261382213894521,0.148,0.02
20.184520000000003,24.1506,25.356,14.562000000000001,0.02114430343318752,0.0263048305550857,0.148,0.02
20.2858,25.524611999999998,25.524,15.1308,0.02124539175742868,0.02647243488063644,0.148,0.02
20.34248,26.714556,25.691,15.5484,0.02130196409044061,0.02663903907662757,0.148,0.02
20.417569999999998,28.203084,25.881999999999998,16.3476,0.02137691101250461,0.02682958335377883,0.148,0.02
20.47766,29.833668,26.032,16.3296,0.02143688615458927,0.02697922318466439,0.148,0.02
20.52541,30.971700000000002,26.194,15.6384,0.02148454465472227,0.02714083195744621,0.148,0.02
20.60181,32.269932000000004,26.362,14.8644,0.02156079783310183,0.02730842377843778,0.148,0.02
20.647180000000002,33.626771999999995,26.529,14.6736,0.02160608039764966,0.02747501554485687,0.148,0.02
20.71588,34.995383999999994,26.697,14.346,0.02167464765294014,0.02764260236779137,0.148,0.02
20.80708,36.492479999999986,26.863999999999997,14.616,0.02176567078436697,0.02780918916612585,0.148,0.02
20.82604,37.506888000000004,27.042,14.1408,0.0217845939214385,0.02798674602107454,0.148,0.02
20.89817,38.599416,27.253,14.0436,0.02185658339070073,0.02819721707591683,0.148,0.02
20.95254,39.70188,27.442999999999998,13.9608,0.02191084715588332,0.02838673739220887,0.148,0.02
21.0406,41.17788,27.641,14.4072,0.02199873453564294,0.02858423410095234,0.148,0.02
21.05759,42.664032,27.794,14.238000000000001,0.02201569115150903,0.02873684281022193,0.148,0.02
21.11271,43.39317600000001,27.961,13.914,0.02207070266790723,0.0289034133430448,0.148,0.02
21.16058,44.655048,28.122999999999998,13.4208,0.02211847823405932,0.02906499436850751,0.148,0.02
21.22355,46.08126,28.291,13.0068,0.02218132370186332,0.02923255741576902,0.148,0.02
21.25007,47.522771999999996,28.459000000000003,12.834,0.02220779114923488,0.02940011795777764,0.148,0.02
21.33324,49.77072,28.631,12.8916,0.02229079593204197,0.02957166544118017,0.148,0.02
21.384960000000003,51.57144,28.822,12.852,0.02234241288006444,0.02976215986046071,0.148,0.02
21.42763,52.812647999999996,28.994,13.028400000000001,0.02238499768110636,0.02993370180248789,0.148,0.02
21.50431,54.391716,29.152,12.942,0.0224615241676549,0.03009127871467676,0.148,0.02
21.55984,55.54602,29.317,12.8412,0.02251694267010151,0.03025583451769798,0.148,0.02
21.62536,56.976623999999994,29.483999999999998,12.783600000000002,0.02258233076120142,0.03042238247649287,0.148,0.02
21.72073,58.047624,29.645999999999997,12.6792,0.02267750807423319,0.03058394160475686,0.148,0.02
21.871560000000002,58.46454,29.82,12.4452,0.02282803168408698,0.03075746548206837,0.148,0.02
22.03228,59.108076000000004,30.009999999999998,12.1284,0.02298842297767933,0.03094694250980901,0.148,0.02
22.04556,58.304555999999984,30.216,12.4632,0.02300167571454459,0.03115237187897257,0.148,0.02
22.23309,57.785903999999995,30.414,12.556799999999999,0.02318881905130787,0.03134981986020513,0.148,0.02
22.268449999999998,56.847924,30.586,12.4884,0.02322410579308176,0.03152133750589847,0.148,0.02
22.43168,55.70424,30.756999999999998,12.51,0.02338699617507345,0.03169185535445429,0.148,0.02
22.45285,54.644868,30.915000000000003,12.924,0.02340812195502551,0.03184940755227217,0.148,0.02
22.62737,52.930584,31.079,13.32,0.02358227589834883,0.03201294040287905,0.148,0.02
22.68332,51.850332000000016,31.251,13.6836,0.02363810796974519,0.03218444790272024,0.148,0.02
22.84606,50.548968,31.421999999999997,13.4568,0.02380050337266226,0.03235495566487501,0.148,0.02
23.018009999999997,49.657716,31.592000000000002,13.2012,0.02397208671580309,0.03252446373496021,0.148,0.02
23.05499,50.383044000000005,31.756,13.4028,0.02400898751826652,0.03268798673837026,0.148,0.02
23.21623,50.341212000000006,31.917,13.359599999999999,0.02416988078113391,0.0328485161472063,0.148,0.02
23.29296,51.309720000000006,32.089,13.060799999999999,0.02424644496629647,0.03302001086431083,0.148,0.02
23.41376,52.858259999999994,32.257,13.0176,0.0243669828550086,0.03318751479967119,0.148,0.02
23.49362,53.820468000000005,32.424,12.9312,0.02444666886301228,0.03335401920749348,0.148,0.02
23.664959999999997,54.15811200000001,32.63,12.963600000000001,0.02461763364973635,0.03355940447179684,0.148,0.02
23.83595,54.149004,32.82,12.1896,0.0247882466018261,0.03374883414715235,0.148,0.02
23.91256,53.003808000000014,33.008,11.311200000000001,0.02486468682720577,0.03393626667579674,0.148,0.02
23.9656,51.593004,33.171,11.138399999999999,0.0249176089802603,0.03409877213004187,0.148,0.02
24.03085,49.955976,33.347,10.9548,0.02498271366157212,0.03427423549745434,0.148,0.02
24.11661,48.165192000000005,33.506,11.019599999999999,0.02506828208951006,0.03443274833789189,0.148,0.02
24.199579999999997,46.555704000000006,33.674,11.4804,0.02515106612777984,0.03460023116850586,0.148,0.02
24.215919999999997,45.240012,33.841,11.862,0.02516736943262998,0.03476671459814185,0.148,0.02
24.312070000000002,43.40394,34.009,12.351600000000001,0.02526330302559643,0.03493419244044382,0.148,0.02
24.35285,42.179328000000005,34.181999999999995,12.0384,0.02530399099301484,0.03510665212812469,0.148,0.02
24.41476,40.452984,34.336,11.754000000000001,0.02536576099165089,0.03526016892500472,0.148,0.02
24.43205,41.41296000000001,34.421,12.042,0.02538301183173886,0.03534490132181745,0.148,0.02
24.60861,42.03529199999999,34.6,11.620800000000001,0.02555917042258571,0.03552333568713806,0.148,0.02
24.67765,42.75089999999999,34.761,11.3904,0.02562805270685686,0.03568382450655783,0.148,0.02
24.82121,43.16076000000001,34.924,11.2968,0.02577128340096024,0.03584630463606864,0.148,0.02
24.89119,44.245332,35.079,11.030399999999998,0.02584110221311597,0.03600080809699335,0.148,0.02
24.99692,45.497375999999996,35.247,10.8936,0.02594658785554849,0.03616826750874047,0.148,0.02
25.117359999999998,45.02016,35.422000000000004,10.8936,0.02606674829099731,0.03634270173691512,0.148,0.02
25.27875,44.532144,35.599,10.8,0.02622776165318719,0.03651912673922908,0.148,0.02
25.44689,44.621208,35.787,10.7568,0.0263955068017836,0.03670651296769378,0.148,0.02
25.62978,44.407151999999996,35.933,10.8108,0.02657796446077754,0.03685203415542304,0.148,0.02
25.80662,43.220196,36.096000000000004,11.3508,0.02675438359627869,0.03701449736022511,0.148,0.02
26.00082,42.29316,36.241,11.2644,0.02694811821634424,0.03715901786506137,0.148,0.02
26.09541,41.361264,36.427,11.3256,0.02704248032822143,0.03734440006190809,0.148,0.02
26.20075,40.06994400000001,36.598,11.318399999999999,0.02714756560573051,0.03751482937809669,0.148,0.02
26.29245,40.449311999999985,36.773,9.198,0.02723904306374081,0.03768924266360152,0.148,0.02
26.416680000000003,40.08204,36.789,10.7496,0.02736297038520696,0.03770518888580732,0.148,0.02
26.567259999999997,38.61950399999999,36.974,10.0044,0.02751318166910188,0.0378895654334972,0.148,0.02
26.59475,37.586808,37.137,9.1764,0.02754060413865034,0.03805201360978039,0.148,0.02
26.70797,38.114856,37.287,9.4932,0.02765354530114017,0.03820150371773678,0.148,0.02
26.81169,37.3977,37.43,10.0908,0.02775700886111565,0.03834401576556523,0.148,0.02
26.993579999999998,36.701424,37.6,10.9656,0.02793844684504876,0.03851343332677537,0.148,0.02
27.180139999999998,36.877608,37.803000000000004,11.7144,0.02812454017177224,0.03871573447415244,0.148,0.02
27.21651,36.179028,37.927,11.934000000000001,0.02816081883354116,0.03883930579376837,0.148,0.02
27.38426,34.172495999999995,38.034,12.6792,0.02832814603249112,0.03894593478991482,0.148,0.02
27.38984,35.27514,38.22399999999999,12.671999999999999,0.0283337119255922,0.0391352735000936,0.148,0.02
27.58014,33.89508,38.375,12.3336,0.02852352916996281,0.03928574566949372,0.148,0.02
27.73032,33.539076,38.551,12.096,0.02867332592148131,0.03946112790233869,0.148,0.02
27.81302,34.11972,38.707,11.844000000000001,0.0287558140221833,0.03961657804366148,0.148,0.02
27.983439999999998,34.847136,38.84899999999999,11.7036,0.02892579544631424,0.03975807565843326,0.148,0.02
28.201150000000002,34.915608,39.029,11.311200000000001,0.0291429414191029,0.03993743626697288,0.148,0.02
28.37752,34.443072,39.205999999999996,11.1132,0.02931885140777091,0.04011380473562554,0.148,0.02
28.408260000000002,33.689304,39.367,10.458,0.02934951094860772,0.04027422788371737,0.148,0.02
28.59761,32.865084,39.493,9.6372,0.02953836349267291,0.04039977483419932,0.148,0.02
28.79937,32.518151999999986,39.57,10.278,0.02973958993159442,0.04047649727894331,0.148,0.02
28.980220000000003,34.08426,39.67499999999999,9.1296,0.02991995859713548,0.0405811179489195,0.148,0.02
28.99409,35.020908000000006,39.773,9.882,0.02993379156211873,0.04067876302731221,0.148,0.02
29.1171,34.624440000000014,,,0.03005647235951514,,0.148,0.02
29.24013,34.5402,,,0.03017917176023843,,0.148,0.02
29.2997,35.372988,,,0.03023858120445233,,0.148,0.02
29.447170000000003,35.451648000000006,,,0.03038565238188085,,0.148,0.02
29.617910000000002,35.290368,,,0.03055592821662323,,0.148,0.02
29.79876,35.004059999999996,,,0.03073628374581894,,0.148,0.02
29.97847,33.940512,,,0.03091549951733796,,0.148,0.02
30.13051,33.086124,,,0.03106711914778515,,0.148,0.02
30.17258,31.951188000000013,,,0.03110907246780314,,0.148,0.02
30.24603,32.11434,,,0.03118231837987473,,0.148,0.02
30.328609999999998,32.535396,,,0.03126466835180075,,0.148,0.02
30.44214,32.047164,,,0.03137788112435835,,0.148,0.02
30.612750000000002,31.087728,,,0.03154801225277026,,0.148,0.02
30.78439,29.63556000000001,,,0.03171916788462603,,0.148,0.02
30.789179999999998,30.56831999999999,,,0.03172394432976233,,0.148,0.02
30.92185,29.299751999999998,,,0.03185623808798077,,0.148,0.02
31.03354,29.181672,,,0.03196761013340321,,0.148,0.02
31.15509,28.771128,,,0.03208881285246612,,0.148,0.02
31.23069,29.421324,,,0.03216419619445254,,0.148,0.02
31.40601,29.420748,,,0.0323390118033462,,0.148,0.02
31.581039999999998,28.929168000000008,,,0.03251353552726499,,0.148,0.02
31.711570000000002,29.615832,,,0.03264368619928959,,0.148,0.02
31.80572,29.251763999999998,,,0.03273756165579123,,0.148,0.02
31.908060000000003,27.914364,,,0.03283960233844496,,0.148,0.02
31.955209999999997,26.669232,,,0.03288661412468308,,0.148,0.02
32.02661,27.006984000000003,,,0.03295780445007246,,0.148,0.02
32.13342,26.086536,,,0.03306429994583482,,0.148,0.02
32.21268,26.855496,,,0.03314332590927194,,0.148,0.02
32.38461,26.503884,,,0.03331474632480536,,0.148,0.02
32.51589,27.721404000000003,,,0.03344563545843648,,0.148,0.02
32.56385000000001,29.080080000000002,,,0.03349345228368783,,0.148,0.02
32.64627,28.570140000000002,,,0.03357562575929762,,0.148,0.02
32.743590000000005,29.345436,,,0.03367265389246121,,0.148,0.02
32.857079999999996,29.006172,,,0.03378580247054153,,0.148,0.02
33.01759,28.517508,,,0.03394582764472709,,0.148,0.02
33.20115,28.993644,,,0.03412883039612602,,0.148,0.02
33.38461,25.821792,,,0.03431173046664959,,0.148,0.02
33.397999999999996,26.972027999999998,,,0.03432507948284602,,0.148,0.02
33.5748,26.742312000000002,,,0.03450133684718892,,0.148,0.02
33.70282,26.061372,,,0.03462896219793876,,0.148,0.02
33.7808,24.69942,,,0.03470670109586038,,0.148,0.02
33.891690000000004,26.112024,,,0.03481724731300595,,0.148,0.02
33.89709,25.274736,,,0.03482263054401535,,0.148,0.02
34.03874,26.065332,,,0.03496383974549389,,0.148,0.02
34.176770000000005,25.123572,,,0.03510143850130376,,0.148,0.02
34.21448,26.040276000000002,,,0.03513903039108968,,0.148,0.02
34.39586,26.611164,,,0.03531984053607573,,0.148,0.02
34.58766,27.309564,,,0.03551103477229489,,0.148,0.02
34.76463,28.048572,,,0.03568744295470339,,0.148,0.02
34.904329999999995,27.933696,,,0.0358266974962671,,0.148,0.02
34.97602,28.711944,,,0.03589815822847697,,0.148,0.02
35.087720000000004,28.6749,,,0.03600950009941783,,0.148,0.02
35.194660000000006,29.37272400000001,,,0.03611609619590261,,0.148,0.02
35.38093,28.188828,,,0.03630176475914126,,0.148,0.02
35.50057,27.59238,,,0.0364210168389878,,0.148,0.02
35.538180000000004,26.300628,,,0.03645850463052902,,0.148,0.02
35.61605,26.444052,,,0.03653612120447924,,0.148,0.02
35.80284,25.892315999999997,,,0.03672230111116015,,0.148,0.02
35.980610000000006,25.661340000000003,,,0.0368994876084372,,0.148,0.02
36.13196,26.7561,,,0.03705033861908369,,0.148,0.02
36.276419999999995,26.107452,,,0.03719432045294546,,0.148,0.02
36.29351,26.692128,,,0.03721135376235374,,0.148,0.02
36.43681,26.609112,,,0.03735417739270552,,0.148,0.02
36.56884,27.631656,,,0.03748576687786631,,0.148,0.02
36.64257,26.94798,,,0.03755925020772288,,0.148,0.02
36.7605,27.260172,,,0.03767678466172697,,0.148,0.02
36.88306,26.470944,,,0.03779893228119668,,0.148,0.02
36.9259,27.12672,,,0.03784162782267586,,0.148,0.02
37.03293,26.054136,,,0.03794829620215445,,0.148,0.02
37.089999999999996,26.532719999999998,,,0.03800517296599715,,0.148,0.02
37.22214,25.59006,,,0.03813686443955788,,0.148,0.02
37.39492,25.277472,,,0.03830905563501297,,0.148,0.02
37.55777,24.887808,,,0.03847134825030452,,0.148,0.02
37.64763,25.377192,,,0.03856089968222065,,0.148,0.02
37.72708,24.750936000000003,,,0.03864007626526345,,0.148,0.02
37.83028,25.36128,,,0.0387429202812708,,0.148,0.02
37.93076,24.7752,,,0.03884305277380662,,0.148,0.02
37.99942999999999,25.448256,,,0.03891148476620643,,0.148,0.02
38.13711,24.353568,,,0.03904868631495262,,0.148,0.02
38.18457,25.368012,,,0.03909598099793499,,0.148,0.02
38.36607,25.595676,,,0.03927684694106226,,0.148,0.02
38.57895,24.140051999999997,,,0.03948897954439801,,0.148,0.02
38.75768,23.415551999999998,,,0.03966707894649524,,0.148,0.02
38.92551,22.593743999999997,,,0.03983431423196038,,0.148,0.02
38.94616,23.293439999999997,,,0.03985489088533356,,0.148,0.02
39.09705,22.854492,,,0.04000524379446091,,0.148,0.02
39.19987,23.531076000000002,,,0.04010769665365643,,0.148,0.02
39.34689,24.677748,,,0.04025419006183917,,0.148,0.02
39.377179999999996,23.67414,,,0.04028437133236551,,0.148,0.02
39.56371,25.424856,,,0.04047022997164262,,0.148,0.02
39.56425,24.077952,,,0.04047076802359939,,0.148,0.02
14.356,19.022399999999998,14.356,6.3252,0.01559261970883163,0.01559261970883163,0.167,0.026
14.439,18.7272,14.456999999999999,7.239599999999999,0.01567550378337579,0.01569347856193559,0.167,0.026
14.609,17.6508,14.626999999999999,8.672399999999998,0.01584526442991319,0.01586323893587682,0.167,0.026
14.81,19.407600000000002,14.719,11.0268,0.01604597810818298,0.01595510818227375,0.167,0.026
14.988,20.8692,14.804,13.41,0.01622372154496432,0.01603998670721296,0.167,0.026
15.107000000000001,23.544,14.92,16.1712,0.01634254844830174,0.01615581989102033,0.167,0.026
15.204,25.9632,15.065999999999999,19.267200000000003,0.01643940641960029,0.01630160822907278,0.167,0.026
15.313,27.9396,15.234,19.645200000000003,0.01654824582037406,0.01646936232352125,0.167,0.026
15.441,29.64960000000001,15.334,17.715600000000002,0.01667605587584653,0.01656921475766282,0.167,0.026
15.59,32.158799999999985,15.437,14.2308,0.01682483293061665,0.01667206183370062,0.167,0.026
15.687,36.201599999999985,15.537,11.4876,0.01692168672921035,0.01677191245985199,0.167,0.026
15.757,39.1032,15.66,10.2168,0.01699158070250739,0.01689472750860688,0.167,0.026
15.789000000000001,41.4612,15.822,13.1688,0.01702353208781737,0.01705648185841113,0.167,0.026
15.862999999999998,44.568000000000005,15.945999999999998,16.732799999999997,0.01709741931708209,0.01718029225076911,0.167,0.026
15.921999999999999,47.1312,16.076,19.947599999999998,0.01715632905588471,0.0173100919983451,0.167,0.026
15.987000000000002,49.6584,16.269,21.2652,0.01722122925670533,0.01750279192497928,0.167,0.026
16.176,47.7216,16.319,19.5768,0.01740993693397641,0.01755271364482525,0.167,0.026
16.225,45.1368,16.447,16.1064,0.01745886062737512,0.01768051223327838,0.167,0.026
16.274,41.7744,16.494000000000003,13.7016,0.01750778410698217,0.01772743791130438,0.167,0.026
16.319,39.7368,16.608999999999998,10.072799999999999,0.01755271364482525,0.01784225523028837,0.167,0.026
16.394,34.8696,16.773,8.658,0.01762759580721429,0.0180059926743521,0.167,0.026
16.423000000000002,32.3748,16.934,8.7696,0.01765655010906464,0.01816673259200741,0.167,0.026
16.453,30.1248,17.095,9.4824,0.01768650275631778,0.01832747020200465,0.167,0.026
16.482,27.846,17.265,10.2636,0.01771545690582599,0.01849719063958055,0.167,0.026
16.56,20.685599999999997,17.435,11.4192,0.01779333321225707,0.01866690850451214,0.167,0.026
16.639999999999997,20.4048,17.604000000000003,12.4164,0.01787320578435292,0.01883562547919126,0.167,0.026
16.802999999999997,19.515600000000003,17.774,13.6728,0.01803594438674594,0.01900533821432226,0.167,0.026
16.995,19.692,17.944000000000003,15.12,0.01822763344868683,0.01917504837715889,0.167,0.026
17.192,19.2132,18.108,16.300800000000002,0.01842431100215158,0.01933876633193599,0.167,0.026
17.373,17.0424,18.283,15.940800000000001,0.01860501169885964,0.01951346272912602,0.167,0.026
17.56,15.5628,18.441,13.568399999999999,0.01879169941104131,0.01967118627797504,0.167,0.026
17.688,15.7428,18.623,11.0592,0.01891948385804909,0.01985286508087647,0.167,0.026
17.85,16.0956,18.793,11.5128,0.01908120895798504,0.02002256239913081,0.167,0.026
18.014,16.524,18.924,13.752,0.01924492828481483,0.02015332740180042,0.167,0.026
18.185,18.471600000000002,19.024,16.603199999999998,0.01941563308248462,0.02025314698681058,0.167,0.026
18.311,21.0456,19.124,19.0944,0.01954141389975028,0.02035296568205247,0.167,0.026
18.43,23.400000000000002,19.209,21.9132,0.0196602055965247,0.02043781087344421,0.167,0.026
18.586,26.1252,19.325,24.875999999999998,0.01981593061789866,0.02055359856798766,0.167,0.026
18.745,26.244,19.487000000000002,27.4536,0.01997464812275851,0.02071530006902123,0.167,0.026
18.950000000000003,24.555600000000002,19.687,25.6104,0.0201792805794998,0.02091492833122643,0.167,0.026
19.089,23.6916,19.768,23.004,0.02031802923992743,0.02099577676498576,0.167,0.026
19.245,22.9428,19.88,20.602800000000002,0.02047374511366229,0.02110756623044452,0.167,0.026
19.411,23.5188,20.027,17.2332,0.02063944039631949,0.02125428821044295,0.167,0.026
19.602999999999998,24.4296,20.22,15.937199999999999,0.02083108489452989,0.02144692027244766,0.167,0.026
19.768,25.351200000000002,20.38,15.5772,0.02099577676498576,0.02160661273421738,0.167,0.026
19.949,25.8804,20.535999999999998,15.368400000000001,0.0211764359706379,0.02176231069213408,0.167,0.026
20.095,26.168400000000002,20.694,15.4044,0.02132215895229983,0.02192000257144677,0.167,0.026
20.259,26.9064,20.875999999999998,15.1272,0.02148584551987476,0.0221016448959066,0.167,0.026
20.423000000000002,28.2744,21.045,15.094800000000001,0.02164952969511447,0.02227031013091363,0.167,0.026
20.593,30.5568,21.238,14.6016,0.02181919979068248,0.02246292471878242,0.167,0.026
20.774,33.624,21.446,14.180399999999999,0.02199984571428537,0.02267050564384832,0.167,0.026
20.892999999999997,35.8344,21.616,14.597999999999999,0.02211861133622151,0.0228401602736934,0.167,0.026
21.019,38.8764,21.808999999999997,15.84,0.02224436179854195,0.02303276506233587,0.167,0.026
21.194000000000003,42.48,21.971,16.6824,0.02241901287625936,0.02319443077388961,0.167,0.026
21.27,44.8416,22.141000000000002,17.3304,0.02249486049612059,0.02336407746842362,0.167,0.026
21.375999999999998,47.728799999999985,22.302,18.09,0.02260064710817211,0.02352474049849995,0.167,0.026
21.413,49.4892,22.473,18.1368,0.02263757238845798,0.02369538007528504,0.167,0.026
21.496000000000002,52.239599999999996,22.65,19.659599999999998,0.02272040433114419,0.02387200426785796,0.167,0.026
21.614,56.077200000000005,22.851,17.8848,0.02283816435180874,0.02407257412662922,0.167,0.026
21.79,59.33160000000001,23.026999999999997,16.2072,0.02301380411612541,0.02424819453666593,0.167,0.026
21.984,60.51599999999999,23.157,14.6592,0.02320740384713993,0.02437791238985199,0.167,0.026
22.126,58.35600000000001,23.308,13.7592,0.02334910874578533,0.02452858277987247,0.167,0.026
22.241,57.18959999999999,23.483,13.6728,0.02346386844148185,0.02470319824639411,0.167,0.026
22.422,55.025999999999996,23.653,13.5504,0.02364448784195261,0.02487282209344777,0.167,0.026
22.561,52.12079999999999,23.823,14.3784,0.02378319358127889,0.02504244337224648,0.167,0.026
22.71,50.8572,24.008000000000003,14.5584,0.02393187624348947,0.02522702831643997,0.167,0.026
22.861,49.5972,24.169,14.8428,0.0240825526327928,0.02538766463073117,0.167,0.026
23.025,48.7944,24.313000000000002,14.7744,0.02424619886565438,0.02553133739536584,0.167,0.026
23.188,49.59,24.496,14.0508,0.02440884488688866,0.02571391887529373,0.167,0.026
23.362000000000002,51.375600000000006,24.659,12.996,0.024582464414177,0.0258765435897228,0.167,0.026
23.534,53.873999999999995,24.840999999999998,12.942,0.02475408567018356,0.0260581217699869,0.167,0.026
23.679,54.6624,25.011,13.6116,0.02489876433773652,0.02622772510448534,0.167,0.026
23.826,54.648,25.241,14.436,0.02504543666587189,0.02645718435302058,0.167,0.026
24.012999999999998,52.776,25.429,13.428,0.02523201705650635,0.02664473885718621,0.167,0.026
24.192,49.132799999999996,25.628999999999998,12.8628,0.0254106124876099,0.0268442614790505,0.167,0.026
24.378,45.51119999999999,25.817,11.9412,0.02559618908143335,0.02703180950415707,0.167,0.026
24.586,43.268400000000014,25.978,12.5892,0.02580371195425712,0.02719241994531707,0.167,0.026
24.736,43.4196,26.146,12.6792,0.02595336548666616,0.02736001099473917,0.167,0.026
24.882,44.5644,26.298,12.8376,0.0260990263385299,0.02751163883202601,0.167,0.026
25.041,45.82439999999999,26.473,13.176,0.02625765483818299,0.02768620781431785,0.167,0.026
25.201999999999998,47.1708,26.645,13.6188,0.0264182763765124,0.02785778153551277,0.167,0.026
25.375,48.8196,26.819,14.9292,0.02659086714012915,0.02803134762704573,0.167,0.026
25.541,49.8708,26.996,15.674400000000002,0.02675647196314657,0.02820790347921509,0.167,0.026
25.701,50.2128,27.16,15.264,0.02691608875318607,0.02837148946973045,0.167,0.026
25.845,49.698,27.314,14.860800000000001,0.02705974192016569,0.02852509853076768,0.167,0.026
26.0,48.722400000000015,27.487000000000002,14.4576,0.02721436653489562,0.02869765684789094,0.167,0.026
26.192,47.898,27.653000000000002,15.2676,0.02740589858305853,0.02886323053868622,0.167,0.026
26.37,47.8944,27.836,15.8616,0.02758346182830529,0.0290457577365153,0.167,0.026
26.592000000000002,47.019600000000004,28.027,14.8032,0.02780491316888956,0.02923626109488353,0.167,0.026
26.769000000000002,45.367200000000004,28.195,13.1904,0.02798147258864603,0.02940382158151778,0.167,0.026
26.965,43.5348,28.328,11.1708,0.02817698146874825,0.02953647185678321,0.167,0.026
27.173,42.0984,28.382,12.1032,0.02838445654975708,0.02959032941515005,0.167,0.026
27.376,41.2884,28.529,11.9412,0.02858694054527966,0.02973694034616514,0.167,0.026
27.574,39.6252,28.685,12.2256,0.02878443372584982,0.02989252535908271,0.167,0.026
27.762999999999998,37.8468,28.858,12.495600000000001,0.02897294669707051,0.03006506262343223,0.167,0.026
27.902,39.024,29.031000000000002,12.4884,0.0291115864882876,0.0302375972317801,0.167,0.026
28.065,40.33440000000002,29.211000000000002,12.596400000000001,0.02927416190038556,0.03041711019000282,0.167,0.026
28.225,41.7564,29.413,11.3256,0.02943374283337086,0.03061856019732723,0.167,0.026
28.389,42.8544,29.566,11.6136,0.02959731093154616,0.03077114120901392,0.167,0.026
28.558,42.48,29.711000000000002,11.412,0.02976586336456322,0.0309157422116435,0.167,0.026
28.771,41.868,29.873,11.1096,0.0299782956606407,0.03107729422899475,0.167,0.026
28.982,41.814,30.041999999999998,11.34,0.03018872931750849,0.03124582440763568,0.167,0.026
29.194000000000003,40.665600000000005,30.227,11.538,0.03040015631133741,0.03143030720116435,0.167,0.026
29.366,41.274,30.419999999999998,11.646,0.03057168848912717,0.03162276439310041,0.167,0.026
29.544999999999998,40.2624,30.585,11.4984,0.03075019884018992,0.03178729771443933,0.167,0.026
29.686,40.7124,30.77,11.365200000000002,0.03089081113738068,0.03197177159692899,0.167,0.026
29.821,40.9932,30.919999999999998,11.124,0.03102543827963622,0.03212134278661694,0.167,0.026
29.996,39.7476,31.078000000000003,10.872,0.03119995253898544,0.03227888894830322,0.167,0.026
30.178,39.1428,31.239,11.1132,0.03138144448657876,0.03243942421527102,0.167,0.026
30.387999999999998,38.6784,31.429,11.3688,0.03159085462087674,0.03262887281529814,0.167,0.026
30.563,38.012399999999985,31.616,11.527199999999999,0.0317653600777934,0.03281532699562462,0.167,0.026
30.766000000000002,38.358000000000004,31.81,11.563199999999998,0.0319677830045535,0.03300875746692178,0.167,0.026
30.972,37.85760000000001,31.983999999999998,11.6136,0.03217319366654614,0.03318224381354007,0.167,0.026
31.18,35.8452,32.139,12.024,0.03238059478802846,0.03333678398789353,0.167,0.026
31.387999999999998,34.4664,32.303,11.952,0.03258799207249474,0.03350029514337649,0.167,0.026
31.573999999999998,34.0704,32.461999999999996,11.5704,0.03277344985616892,0.03365881892595013,0.167,0.026
31.708,34.9164,32.645,11.581199999999999,0.03290705732591448,0.03384126805227439,0.167,0.026
31.858999999999998,35.391600000000004,32.818,11.4552,0.03305761308896393,0.03401374455097717,0.167,0.026
32.014,35.416799999999995,33.02,11.9412,0.03321215498128005,0.03421512993752707,0.167,0.026
32.199,35.5428,33.214,11.3004,0.03339660541896983,0.03440853626017315,0.167,0.026
32.384,35.19000000000001,33.38,11.6136,0.03358105282212165,0.03457402561963008,0.167,0.026
32.586999999999996,35.2908,33.56,10.998000000000001,0.03378344296749347,0.03475346915288213,0.167,0.026
32.779,35.43839999999999,33.717999999999996,11.1708,0.03397486279736661,0.03491097833207668,0.167,0.026
32.979,34.905599999999986,33.88,11.2536,0.03417425497838167,0.03507247278817971,0.167,0.026
33.195,35.0676,34.05,11.1852,0.0343895945511985,0.03524193977816559,0.167,0.026
33.368,35.6544,34.223000000000006,11.34,0.03456206261530603,0.03541439473276675,0.167,0.026
33.519,35.7552,34.410999999999994,11.516399999999999,0.03471259615620426,0.03560179942198616,0.167,0.026
33.671,35.7624,34.618,11.7252,0.03486412456692634,0.03580814032414281,0.167,0.026
33.823,35.571600000000004,34.785999999999994,12.2616,0.03501565092994952,0.0359756026130178,0.167,0.026
33.997,34.286399999999986,34.963,12.441600000000001,0.03518910622664961,0.03615203339066575,0.167,0.026
34.191,34.434,35.111000000000004,12.564,0.03538249575033525,0.03629955529992124,0.167,0.026
34.39200000000001,33.336,35.28199999999999,12.3336,0.03558285972864361,0.03647000049489613,0.167,0.026
34.585,32.666399999999996,35.45,11.286,0.03577524565210766,0.0366374529005622,0.167,0.026
34.78,31.7664,35.625,10.580400000000001,0.03596962186004937,0.03681187983106504,0.167,0.026
34.972,31.68,35.796,10.4508,0.03616100437299785,0.03698231723973855,0.167,0.026
35.098,32.0184,36.012,10.5624,0.03628659737212203,0.03719760289581409,0.167,0.026
35.235,32.176800000000014,36.197,11.073599999999999,0.03642315324332657,0.03738198778802193,0.167,0.026
35.425,32.61960000000001,36.421,11.581199999999999,0.0366125345461672,0.03760523895166479,0.167,0.026
35.589000000000006,33.3252,36.602000000000004,11.844000000000001,0.03677599794128739,0.03778563061901608,0.167,0.026
35.78199999999999,33.876000000000005,36.75800000000001,12.441600000000001,0.03696836339719667,0.03794110398231432,0.167,0.026
35.95,34.1028,36.922000000000004,12.5892,0.03713580836184072,0.03810454801487673,0.167,0.026
36.183,33.22439999999999,37.078,11.9124,0.03736803444273917,0.03826001695752446,0.167,0.026
36.381,31.14,37.233000000000004,11.5524,0.03756537299836715,0.0384144871701313,0.167,0.026
36.56300000000001,31.532400000000003,37.425,10.656,0.03774676194144533,0.03860582796774636,0.167,0.026
36.763,30.3696,37.601,9.838799999999999,0.0379460870672883,0.03878122083158075,0.167,0.026
36.897,32.0328,37.777,9.2736,0.03807963291987448,0.03895661095290137,0.167,0.026
37.018,32.8644,37.964,9.629999999999999,0.03820022146537916,0.03914295995196859,0.167,0.026
37.205000000000005,33.5376,38.122,10.047600000000001,0.03838658303109632,0.03930040749555808,0.167,0.026
37.394,35.8092,38.279,10.3572,0.03857493462242267,0.03945685634671925,0.167,0.026
37.581,35.3016,38.438,10.299600000000002,0.0387612899624461,0.03961529595305713,0.167,0.026
37.75999999999999,36.136799999999994,38.61999999999999,10.296,0.03893966998129095,0.03979665174939839,0.167,0.026
37.968,34.4304,38.788999999999994,10.6452,0.03914694599299651,0.03996505093503977,0.167,0.026
38.168,32.76,38.959,10.8252,0.03934624623845728,0.04013444401519095,0.167,0.026
38.354,31.744799999999998,39.129,10.8468,0.03953159228892034,0.04030383453755526,0.167,0.026
38.565000000000005,31.460400000000014,39.299,10.7208,0.0397418467354651,0.04047322250224994,0.167,0.026
38.759,31.467599999999997,39.47999999999999,10.6452,0.03993515777302115,0.04065356805352138,0.167,0.026
38.949,30.9456,39.638,10.310400000000001,0.04012447978716338,0.04081099439686575,0.167,0.026
39.134,31.136400000000002,39.808,10.166400000000001,0.0403088165730221,0.04098037470429006,0.167,0.026
39.28,31.2768,39.978,10.1196,0.04045429103314646,0.04114975245450658,0.167,0.026
39.423,31.35600000000001,40.147000000000006,9.997200000000001,0.04059677446337417,0.04131813133044204,0.167,0.026
39.597,31.427999999999997,,,0.04077014346938057,,0.167,0.026
39.766999999999996,31.633200000000006,,,0.0409395243935613,,0.167,0.026
39.974999999999994,31.521599999999996,,,0.04114676345754908,,0.167,0.026
40.161,31.733999999999998,,,0.04133207976303765,,0.167,0.026
14.353,18.8532,14.426,4.2804,0.01622103891110349,0.01629393289277559,0.205,0.04
14.376,20.3148,14.568,4.482000000000001,0.01624400555928496,0.01643572530567461,0.205,0.04
14.536999999999999,22.806,14.731,5.396400000000001,0.01640477077723013,0.01659848480507087,0.205,0.04
14.681,24.84,14.894,6.634799999999999,0.01654855882987327,0.01676124193812356,0.205,0.04
14.78,26.614800000000002,15.046000000000001,7.747200000000001,0.01664741204474041,0.01691301332886574,0.205,0.04
14.961,29.0016,15.219999999999999,7.718399999999999,0.01682814142316325,0.01708674910561037,0.205,0.04
15.14,29.433600000000002,15.384,6.767999999999999,0.01700687092241182,0.01725049759941655,0.205,0.04
15.279,30.8556,15.558,6.138,0.0171456589005583,0.01742422813892297,0.205,0.04
15.360000000000001,32.5368,15.68,7.3764,0.01722653455480483,0.01754603759905926,0.205,0.04
15.533,34.412400000000005,15.806000000000001,11.1708,0.01739926702035888,0.01767183942080308,0.205,0.04
15.613,39.15,15.91,13.968,0.01747914240386628,0.01777567478019826,0.205,0.04
15.702,45.54,16.032999999999998,17.2584,0.01756800309836848,0.01789847881803475,0.205,0.04
15.747,47.6532,16.159,19.5264,0.01761293239454531,0.01802427667964679,0.205,0.04
15.777,49.571999999999996,16.314,19.314,0.01764288515849266,0.01817902607849575,0.205,0.04
15.851,53.449200000000005,16.466,15.318,0.0177167683002768,0.0183307782505242,0.205,0.04
15.952999999999998,57.438,16.496,12.6252,0.01781860642623911,0.01836072909407527,0.205,0.04
16.122999999999998,55.4472,16.584999999999997,9.4104,0.01798833457770321,0.0184495827918596,0.205,0.04
16.172,53.07480000000001,16.673000000000002,8.060400000000001,0.01803725574365878,0.01853743744020164,0.205,0.04
16.194,50.439599999999984,16.852,7.3511999999999995,0.01805922027925,0.01871613965451857,0.205,0.04
16.224,48.924,17.017999999999997,7.138800000000001,0.0180891718492493,0.01888186094682354,0.205,0.04
16.247999999999998,46.2132,17.177999999999997,8.6508,0.01811313304755835,0.01904158999152727,0.205,0.04
16.284,43.4556,17.311,10.1736,0.01814907474887129,0.01917436302570152,0.205,0.04
16.314,41.076,17.471,11.6424,0.01817902607849575,0.01933408789788693,0.205,0.04
16.354,38.412,17.641000000000002,12.491999999999999,0.01821896106002363,0.01950379307816874,0.205,0.04
16.387999999999998,35.737199999999994,17.801000000000002,12.783600000000002,0.01825290568232951,0.01966351325132543,0.205,0.04
16.44,32.9148,17.975,12.585600000000001,0.01830482078797324,0.01983720635373487,0.205,0.04
16.492,29.073600000000003,18.127000000000002,12.362400000000001,0.01835673565289753,0.01998893605454555,0.205,0.04
16.547,26.2152,18.29,12.4164,0.01841164534423534,0.02015164390981106,0.205,0.04
16.612,24.0768,18.453,11.3832,0.01847653826863471,0.02031434940098542,0.205,0.04
16.761000000000003,21.790799999999997,18.616,10.656,0.01862529139919111,0.02047705252816989,0.205,0.04
16.929,21.33,18.779,10.782,0.01879301067944184,0.02063975329146928,0.205,0.04
17.016,19.512,18.919999999999998,12.5244,0.01887986431934507,0.02078049253578307,0.205,0.04
17.163,17.2584,19.061,15.2424,0.01902661549038243,0.0209212300113979,0.205,0.04
17.357,15.5412,19.143,17.8272,0.01922028415981458,0.02100307652426814,0.205,0.04
17.520999999999997,15.4872,19.217000000000002,20.217599999999997,0.01938400145319719,0.02107693749801953,0.205,0.04
17.693,16.5996,19.321,23.238000000000003,0.01955570238433779,0.02118074128639158,0.205,0.04
17.788999999999998,18.144000000000002,19.424,26.1072,0.01965153431736333,0.02128354601311067,0.205,0.04
17.936,20.642400000000002,19.506,28.7028,0.01979827537538803,0.02136538987812386,0.205,0.04
18.061,22.442400000000003,19.623,30.0204,0.01992305367383729,0.02148216606464359,0.205,0.04
18.183999999999997,24.476399999999998,19.788,29.3292,0.02004583416231576,0.02164684836088959,0.205,0.04
18.334,27.2376,19.932,25.7724,0.02019556464344063,0.02179056911333532,0.205,0.04
18.474999999999998,28.7352,20.003,22.8924,0.02033630947025955,0.02186143074993652,0.205,0.04
18.633,29.375999999999998,20.086,19.5012,0.02049402142984569,0.02194426843276709,0.205,0.04
18.782,29.3544,20.240000000000002,16.8768,0.02064274776189201,0.02209796564297939,0.205,0.04
18.966,26.28,20.401,16.218,0.02082640708391459,0.02225864683490286,0.205,0.04
19.149,24.2892,20.559,15.9228,0.02100906527001634,0.02241633172624447,0.205,0.04
19.359,22.3992,20.71,16.113599999999998,0.02121866935367933,0.02256702850351289,0.205,0.04
19.421999999999997,24.217200000000002,20.879,15.2784,0.02128154981380881,0.02273568673058257,0.205,0.04
19.546999999999997,27.6156,21.048000000000002,12.9852,0.02140631158634143,0.02290434241807127,0.205,0.04
19.631,29.7288,21.285999999999998,11.023200000000001,0.02149015071668359,0.02314185322192941,0.205,0.04
19.772000000000002,31.971600000000002,21.45,10.6776,0.02163087927454832,0.02330551319800378,0.205,0.04
19.947,33.5808,21.619,11.2392,0.02180553991898648,0.0234741603058648,0.205,0.04
20.148,30.8412,21.775,12.168,0.02200614678402779,0.02362983230565519,0.205,0.04
20.357,28.6128,21.912999999999997,12.495600000000001,0.02221473419148445,0.02376754034826334,0.205,0.04
20.490000000000002,29.556000000000008,22.101,12.8124,0.02234746961003964,0.02395513988517983,0.205,0.04
20.59,30.5352,22.264,12.906,0.02244726964061883,0.02411779013236526,0.205,0.04
20.766,31.8456,22.427,13.32,0.02262291553465268,0.02428043801796598,0.205,0.04
20.933,35.36280000000001,22.591,14.245199999999999,0.02278957698965023,0.02444408136010345,0.205,0.04
21.009,37.3356,22.754,15.145199999999999,0.02286542210020492,0.02460672450836299,0.205,0.04
21.166,40.1076,22.904999999999998,15.4512,0.02302210050493514,0.02475739182099801,0.205,0.04
21.248,42.9588,23.08,14.1984,0.02310393166673563,0.02493200372116888,0.205,0.04
21.362,46.321200000000005,23.244,11.7252,0.02321769594716905,0.02509563754590083,0.205,0.04
21.434,49.1184,23.442999999999998,9.8964,0.02328954647633452,0.02529419001393585,0.205,0.04
21.528,52.65359999999999,23.629,9.4824,0.02338335064022345,0.02547976853620249,0.205,0.04
21.596,54.5472,23.792,10.8648,0.02345120848187321,0.02564239664940438,0.205,0.04
21.77,56.419200000000004,23.955000000000002,12.0672,0.02362484285204047,0.0258050224019879,0.205,0.04
21.956,57.679199999999994,24.111,12.6792,0.02381044903010299,0.02596066201591007,0.205,0.04
22.031,55.872,24.281,12.9564,0.02388528936089429,0.02613026682571196,0.205,0.04
22.176000000000002,53.3556,24.444,11.9304,0.02402997924929728,0.02629288549705855,0.205,0.04
22.346,51.2172,24.615000000000002,11.7684,0.02419961329023934,0.02646348291608369,0.205,0.04
22.4,49.420799999999986,24.77,12.3948,0.02425349650685149,0.02661811575923423,0.205,0.04
22.478,46.9152,24.934,12.8628,0.0243313273621748,0.02678172496010767,0.205,0.04
22.571,42.8436,25.092,13.1868,0.02442412498294999,0.02693934619906813,0.205,0.04
22.683,39.3444,25.26,13.0464,0.02453588023711717,0.02710694103362954,0.205,0.04
22.766000000000002,36.73440000000001,25.423000000000002,12.5208,0.02461869814375106,0.02726954553079963,0.205,0.04
22.956,33.6672,25.590000000000003,12.2472,0.02480827899861993,0.02743613787522392,0.205,0.04
23.114,35.04239999999999,25.755,11.394,0.02496592800317288,0.02760073266935592,0.205,0.04
23.201,36.608399999999996,25.911,10.774799999999999,0.02505273378644723,0.02775634734219956,0.205,0.04
23.354,38.6928,26.075,11.2104,0.02520539060138915,0.02791993992461173,0.205,0.04
23.456999999999997,41.1444,26.238999999999997,12.0672,0.02530815839678624,0.02808353011880804,0.205,0.04
23.567999999999998,43.556400000000004,26.415999999999997,12.884400000000001,0.02541890710152828,0.02826008514883682,0.205,0.04
23.752,44.532000000000004,26.57,13.125599999999999,0.02560248812853949,0.02841369573691921,0.205,0.04
23.884,45.2412,26.727999999999998,13.1328,0.02573418570790587,0.02857129402209324,0.205,0.04
23.983,45.1692,26.891000000000002,13.3344,0.02583295787651352,0.0287338772721828,0.205,0.04
24.156,42.56999999999999,27.054000000000002,14.025599999999999,0.0260055576566014,0.0288964581636062,0.205,0.04
24.323,40.4676,27.254,14.1768,0.02617216879498052,0.02909594069757127,0.205,0.04
24.395,39.1212,27.412,13.32,0.02624400037771402,0.02925352938890313,0.205,0.04
24.562,36.2556,27.567999999999998,12.042,0.02641060797041561,0.02940912111269434,0.205,0.04
24.781000000000002,35.139599999999994,27.715,11.4588,0.02662908962184218,0.02955573441417236,0.205,0.04
24.781000000000002,33.7104,27.882,11.4876,0.02662908962184218,0.02972229277652971,0.205,0.04
24.948,36.9612,28.047,11.7936,0.02679569148853389,0.0298868539970556,0.205,0.04
25.111,39.15,28.215,12.4596,0.02695830050250514,0.03005440475732257,0.205,0.04
25.191000000000003,40.831199999999995,28.38,13.176,0.02703810774421278,0.03021896110171518,0.205,0.04
25.348,42.922799999999995,28.528000000000002,13.8672,0.0271947278037068,0.03036656110068492,0.205,0.04
25.541,45.1836,28.698999999999998,14.0508,0.02738725774348261,0.03053709651710079,0.205,0.04
25.631,47.0736,28.862,13.8096,0.02747703741344587,0.03069965125303931,0.205,0.04
25.776,49.366800000000005,29.055999999999997,12.909600000000001,0.02762168092426798,0.03089311823428886,0.205,0.04
25.946,49.712399999999995,29.235,12.6072,0.02779126059378356,0.03107162346641346,0.205,0.04
26.155,47.718,29.381999999999998,13.114799999999999,0.02799974031768393,0.03121821502284838,0.205,0.04
26.346,45.5832,29.535,13.6152,0.02819026145817283,0.03137078787208303,0.205,0.04
26.508,46.1628,29.705,14.0472,0.02835185276635954,0.03154031082452491,0.205,0.04
26.665000000000003,46.6416,29.871000000000002,14.3316,0.02850845446520012,0.03170584252771569,0.205,0.04
26.8,46.4328,30.04,14.1336,0.02864311022707611,0.03187436325670845,0.205,0.04
26.977,45.9432,30.208,13.8384,0.02881965644134077,0.03204188431069177,0.205,0.04
27.154999999999998,43.430399999999985,30.363,14.202,0.02899719728705996,0.03219644020567536,0.205,0.04
27.325,43.7112,30.52,13.9968,0.02916675614314279,0.03235298819800825,0.205,0.04
27.459,43.8192,30.686,13.975200000000001,0.0293004066099698,0.03251850790140765,0.205,0.04
27.514,43.12079999999999,30.849999999999998,13.870800000000001,0.02935526268352007,0.0326820309916922,0.205,0.04
27.657,43.8624,31.053,13.6656,0.02949788721818081,0.03288443736710711,0.205,0.04
27.809,43.912800000000004,31.224999999999998,13.446,0.02964948613222873,0.03305593153472763,0.205,0.04
27.973000000000003,42.811199999999985,31.371000000000002,13.3812,0.02981305108182042,0.03320150010693546,0.205,0.04
28.153000000000002,42.397200000000005,31.521,13.2372,0.02999257083979323,0.03335105489075296,0.205,0.04
28.348000000000003,40.982400000000005,31.696,13.14,0.0301870473328556,0.03352553295045624,0.205,0.04
28.500999999999998,40.6764,31.858999999999998,13.2876,0.03033963421879982,0.03368804435799433,0.205,0.04
28.636000000000003,40.8672,32.02600000000001,13.428,0.03047426798134723,0.03385454133258037,0.205,0.04
28.8,41.367599999999996,32.189,13.3344,0.03063782089509814,0.03401704797134109,0.205,0.04
28.969,42.346799999999995,32.348,13.4028,0.03080635768144546,0.03417556444778391,0.205,0.04
29.168,43.016400000000004,32.505,13.3416,0.03100480899174229,0.03433208480733541,0.205,0.04
29.349,41.367599999999996,32.674,13.7808,0.03118530688113808,0.03450056606464535,0.205,0.04
29.49,40.330799999999996,32.854,13.9428,0.03132591372023619,0.03468001077351701,0.205,0.04
29.637,39.7728,33.063,13.993200000000002,0.03147250195119611,0.03488836241581517,0.205,0.04
29.799,39.3696,33.228,14.112,0.03163404594458719,0.03505284781981288,0.205,0.04
29.968999999999998,39.4236,33.38600000000001,14.2632,0.03180356491584568,0.03521035279370821,0.205,0.04
30.183,39.366000000000014,33.539,14.2524,0.03201695574096775,0.03536287132455129,0.205,0.04
30.373,38.556000000000004,33.696,14.472000000000001,0.03220641148056558,0.03551937511145553,0.205,0.04
30.561,38.43,33.876999999999995,14.245199999999999,0.03239386979779546,0.03569980033351783,0.205,0.04
30.771,37.674,34.068,14.4324,0.03260326102034483,0.03589019065194954,0.205,0.04
30.942,37.3788,34.26499999999999,13.6368,0.03277376241265451,0.03608655843176578,0.205,0.04
31.088,37.331999999999994,34.428,13.8888,0.03291933464869778,0.03624903272617708,0.205,0.04
31.241,37.263600000000004,34.577,14.101199999999999,0.03307188434718711,0.0363975501138718,0.205,0.04
31.409,37.727999999999994,34.719,14.0688,0.03323938750751942,0.0365390883442025,0.205,0.04
31.582,37.875600000000006,34.896,13.968,0.03341187326556039,0.03671551025704822,0.205,0.04
31.767999999999997,37.3968,35.062999999999995,13.870800000000001,0.03359731742092187,0.03688196228564955,0.205,0.04
31.964,37.137600000000006,35.242999999999995,13.6728,0.0337927283731041,0.03706136889138989,0.205,0.04
32.182,37.1772,35.388000000000005,14.029200000000001,0.03401006920703864,0.03720588879223286,0.205,0.04
32.370999999999995,37.08,35.551,14.0976,0.03419849431858779,0.0373683468711814,0.205,0.04
32.585,37.14840000000001,35.70300000000001,13.860000000000001,0.03441183956422478,0.03751983940111536,0.205,0.04
32.781,36.7668,35.881,13.215599999999998,0.03460723632108653,0.03769724252576268,0.205,0.04
32.969,37.8036,36.044,13.5648,0.03479465450072361,0.03785969348761142,0.205,0.04
33.141,38.3904,36.221999999999994,13.4892,0.03496611945296202,0.03803709123681465,0.205,0.04
33.297,38.6028,36.367,14.4468,0.03512163190964479,0.03818159856552938,0.205,0.04
33.439,38.534400000000005,36.517,15.0624,0.03526318624511759,0.03833108694639087,0.205,0.04
33.619,37.339200000000005,36.681,15.0336,0.03544261875005184,0.03849452529621722,0.205,0.04
33.785000000000004,37.285199999999996,36.857,15.1776,0.03560809284861755,0.0386699199004692,0.205,0.04
34.001000000000005,38.0268,37.05899999999999,14.5512,0.03582340488738112,0.03887122169101076,0.205,0.04
34.17,38.9988,37.231,14.0544,0.03599186373879881,0.03904262432839367,0.205,0.04
34.386,38.307599999999994,37.379999999999995,14.299199999999999,0.03620716840918803,0.03919110472849141,0.205,0.04
34.569,36.1404,37.527,14.3208,0.03638957607590854,0.03933759017709093,0.205,0.04
34.69499999999999,35.2296,37.687,14.3424,0.03651516651522435,0.03949702794701082,0.205,0.04
34.837,34.7436,37.863,14.3064,0.0366567032611389,0.03967240687657103,0.205,0.04
35.019,34.336800000000004,38.047,14.2776,0.03683810690105283,0.03985575464402125,0.205,0.04
35.187999999999995,35.056799999999996,38.209,14.5584,0.03700655051079238,0.04001717791517656,0.205,0.04
35.409000000000006,35.5752,38.348,14.9364,0.03722681910624637,0.04015568121605284,0.205,0.04
35.589999999999996,36.8424,38.513,14.9832,0.0374072168602062,0.04032008938949794,0.205,0.04
35.79,37.645199999999996,38.67499999999999,14.9472,0.03760654802048613,0.04048150597931865,0.205,0.04
35.98,37.105199999999996,38.846,14.994,0.03779590934143151,0.04065188763783745,0.205,0.04
36.15400000000001,38.2068,39.053,14.6304,0.03796932164135391,0.04085813565712293,0.205,0.04
36.290000000000006,38.0232,39.260000000000005,14.8644,0.03810486042280203,0.04106437988480494,0.205,0.04
36.431,37.5408,39.461000000000006,14.860800000000001,0.03824538051838466,0.04126464239078409,0.205,0.04
36.601,37.062,39.633,14.8428,0.03841479956942351,0.04143600846317064,0.205,0.04
36.78799999999999,35.1504,39.778,15.1704,0.0386011575699694,0.04158047201409332,0.205,0.04
36.996,35.2152,39.921,14.9436,0.03880843983706406,0.04172294114253106,0.205,0.04
37.176,36.1584,40.088,15.0372,0.03898781563036202,0.0418893188836762,0.205,0.04
37.343,37.9476,40.27,15.303600000000001,0.03915423394008677,0.04207063792380872,0.205,0.04
37.498999999999995,38.3256,,,0.03930968833436488,,0.205,0.04
37.641,37.85760000000001,,,0.03945118982026052,,0.205,0.04
37.801,37.0368,,,0.03961062597556975,,0.205,0.04
37.99,37.3536,,,0.03979895701469616,,0.205,0.04
38.161,35.967600000000004,,,0.03996934903995886,,0.205,0.04
38.337999999999994,35.73,,,0.0401457170068884,,0.205,0.04
38.477,35.380799999999994,,,0.04028421872079235,,0.205,0.04
38.626,34.6932,,,0.04043268268789824,,0.205,0.04
38.808,35.388000000000005,,,0.04061402527067948,,0.205,0.04
38.989000000000004,36.1008,,,0.0407943685585046,,0.205,0.04
39.182,36.3996,,,0.04098666511374383,,0.205,0.04
39.362,35.964000000000006,,,0.04116600608084475,,0.205,0.04
39.5,36.1548,,,0.04130349888084694,,0.205,0.04
39.622,35.992799999999995,,,0.04142504908339717,,0.205,0.04
39.80599999999999,35.3448,,,0.04160836820964953,,0.205,0.04
39.989999999999995,34.8444,,,0.0417916843406676,,0.205,0.04
40.176,34.056000000000004,,,0.04197698999423061,,0.205,0.04
14.401,26.1972,14.383,-0.3744,0.01696461611201272,0.01694664337441054,0.24,0.056
14.624,24.3792,14.626999999999999,2.25,0.01718727596818681,0.01719027136207352,0.24,0.056
14.776,22.806,14.792,1.5588,0.0173390415833321,0.01735501679156215,0.24,0.056
14.876999999999999,23.9868,14.996,1.4112,0.01743988470305702,0.01755869869833759,0.24,0.056
15.027000000000001,24.9696,15.203,-0.2232,0.01758965003630308,0.01776537213959273,0.24,0.056
15.200999999999999,26.895599999999998,15.365,0.1044,0.01776337531300243,0.01792711391066604,0.24,0.056
15.373,29.0628,15.647999999999998,4.7232,0.01793510109807706,0.01820965720095735,0.24,0.056
15.521999999999998,30.5064,15.661999999999999,6.3108,0.01808386142226048,0.01822363442245667,0.24,0.056
15.655,32.3964,15.713999999999999,9.6912,0.01821664581388838,0.0182755496638265,0.24,0.056
15.822,35.5464,15.765999999999998,12.42,0.01838337285750491,0.01832746466447333,0.24,0.056
16.012999999999998,37.5264,15.855,16.6176,0.01857405763030684,0.01841631862624205,0.24,0.056
16.172,34.0992,15.915,20.2752,0.0187327927391383,0.01847621977557701,0.24,0.056
16.276,30.4884,15.966999999999999,23.886,0.01883661825964111,0.01852813384577701,0.24,0.056
16.401,26.0676,16.041,27.4356,0.01896140727474283,0.01860201114605964,0.24,0.056
16.485,22.2804,16.116,30.7512,0.01904526471157908,0.01867688629086039,0.24,0.056
16.561,18.6048,16.279,32.652,0.01912113518470449,0.01883961321229322,0.24,0.056
16.68,16.315199999999997,16.361,30.186,0.01923993134022339,0.01892147494122653,0.24,0.056
16.820999999999998,14.3136,16.467,26.3844,0.01938068817882055,0.01902729531369829,0.24,0.056
17.008,14.112,16.54,22.3092,0.0195673629587958,0.01910017102642492,0.24,0.056
17.171,14.1156,16.642,17.906399999999998,0.01973007693969997,0.01920199657039312,0.24,0.056
17.363,13.7268,16.746000000000002,16.0704,0.01992173700102207,0.01930581774026585,0.24,0.056
17.535999999999998,13.0212,16.904,13.6296,0.02009442789263183,0.01946354421393082,0.24,0.056
17.67,12.7224,17.068,10.9476,0.02022818663738413,0.01962725795067755,0.24,0.056
17.82,12.3876,17.232,9.989999999999998,0.02037791468032246,0.0197909692938989,0.24,0.056
18.0,13.554,17.395,9.759599999999999,0.02055758568932831,0.01995368002565101,0.24,0.056
18.162000000000003,15.4188,17.559,10.3824,0.02071928713279192,0.02011738659673057,0.24,0.056
18.319,17.9208,17.723,11.0556,0.02087599556312547,0.02028109077460094,0.24,0.056
18.458,20.9628,17.865,11.88,0.02101473559169875,0.02042283270282752,0.24,0.056
18.621,24.0912,18.05,12.4884,0.02117742854358085,0.02060749379135984,0.24,0.056
18.784,23.9832,18.214000000000002,14.5764,0.02134011913202016,0.02077119080481893,0.24,0.056
18.976,21.4776,18.394000000000002,14.4072,0.0215317516403335,0.02095085550427811,0.24,0.056
19.037,18.7776,18.540999999999997,14.49,0.02159263419879842,0.02109757953738089,0.24,0.056
19.139,14.9976,18.699,14.706,0.021694437081754,0.02125528077648653,0.24,0.056
19.246,12.798,18.868,15.1056,0.02180122930759865,0.02142395875787884,0.24,0.056
19.419999999999998,12.5892,19.036,18.068399999999997,0.02197488925756375,0.02159163612673787,0.24,0.056
19.593,14.860800000000001,19.106,21.0996,0.02214754849238609,0.0216615009561778,0.24,0.056
19.755000000000003,18.9504,19.158,23.907600000000002,0.02230922698119109,0.02171340026163371,0.24,0.056
19.915,21.538800000000002,19.24,27.2628,0.02246890714848604,0.02179524098543517,0.24,0.056
20.070999999999998,21.6828,19.307000000000002,30.2652,0.02262459311979548,0.02186211040118202,0.24,0.056
20.230999999999998,20.602800000000002,19.404,34.016400000000004,0.02278426879118101,0.02195892063894966,0.24,0.056
20.397,21.7152,19.529999999999998,37.7568,0.02294992989433986,0.02208467289421812,0.24,0.056
20.56,22.5216,19.687,39.0528,0.02311259473807858,0.02224136222072737,0.24,0.056
20.692999999999998,25.2072,19.798,35.9784,0.02324531951693309,0.0223521412498453,0.24,0.056
20.823,28.0152,19.885,32.230799999999995,0.02337504898394194,0.02243896729052253,0.24,0.056
20.995,30.9744,19.947,28.8,0.02354668873901566,0.02250084290876764,0.24,0.056
21.133,35.031600000000005,19.999,25.6932,0.02368439780375198,0.02255273832501459,0.24,0.056
21.27,37.7028,20.062,22.6476,0.02382110730215103,0.0226156112956577,0.24,0.056
21.433,40.6764,20.17,19.7604,0.02398375949545795,0.02272339270995438,0.24,0.056
21.608999999999998,44.488800000000005,20.285,17.6508,0.02415938129787598,0.02283815881650852,0.24,0.056
21.808,45.2412,20.459999999999997,17.3304,0.02435795036027244,0.02301280063548639,0.24,0.056
21.971,43.138799999999996,20.618000000000002,18.4176,0.02452059475902146,0.02317047491020041,0.24,0.056
22.14,39.3084,20.758,16.848,0.02468922357484615,0.02331018443824817,0.24,0.056
22.259999999999998,37.2348,20.898,14.389199999999999,0.02480895847108577,0.02344989222377336,0.24,0.056
22.436999999999998,34.44120000000001,21.048000000000002,11.1348,0.02498556510718686,0.02359957720324779,0.24,0.056
22.595,30.8376,21.204,7.869599999999999,0.02514321161699762,0.02375524746010527,0.24,0.056
22.761,27.3276,21.368000000000002,7.1352,0.02530883783893501,0.02391889847449313,0.24,0.056
22.898000000000003,24.5268,21.54,6.771599999999999,0.02544552751518481,0.02409052989663962,0.24,0.056
23.042,22.1148,21.695,6.7392,0.02558919953779792,0.0242451954954106,0.24,0.056
23.204,23.148,21.858999999999998,7.4988,0.02575082836100862,0.02440883935236471,0.24,0.056
23.373,25.218,22.023,8.359200000000001,0.02591943866073976,0.02457248081885943,0.24,0.056
23.534,27.7344,22.186,9.1584,0.02608006504773286,0.02473512210299411,0.24,0.056
23.668000000000003,30.0564,22.349999999999998,9.216000000000001,0.02621375233443146,0.02489875880345416,0.24,0.056
23.828,32.457600000000006,22.512999999999998,9.889199999999999,0.02637337685602148,0.02506139535082674,0.24,0.056
23.993000000000002,33.530399999999986,22.677,10.9656,0.02653798726212564,0.02522502728566955,0.24,0.056
24.178,33.285599999999995,22.841,11.3436,0.02672254756894965,0.02538865683057523,0.24,0.056
24.325,32.205600000000004,23.004,11.5704,0.02686919602366444,0.02555128626633341,0.24,0.056
24.477,31.0788,23.146,9.334800000000001,0.02702083050272641,0.02569296151942879,0.24,0.056
24.639999999999997,30.0852,23.287,7.812,0.02718343624949426,0.02583363728683707,0.24,0.056
24.807,31.0464,23.451,6.9444,0.02735002987412294,0.02599725794325636,0.24,0.056
24.97,33.048,23.614,6.940799999999999,0.02751263084380184,0.02615987854511204,0.24,0.056
25.141000000000002,34.001999999999995,23.778000000000002,7.7832,0.02768320969319582,0.02632349443731385,0.24,0.056
25.281000000000002,35.4456,23.942,8.154,0.02782286295834702,0.02648710794028197,0.24,0.056
25.430999999999997,35.7624,24.105,8.074799999999998,0.02797248952539633,0.02664972143261579,0.24,0.056
25.604,34.92,24.269,7.992000000000001,0.02814505635189413,0.0268133301719935,0.24,0.056
25.777,36.2448,24.433,7.9559999999999995,0.02831762052102427,0.02697693652244837,0.24,0.056
25.954,35.9424,24.596,8.809199999999999,0.02849417186302716,0.02713954290619291,0.24,0.056
26.115,35.2872,24.76,9.532800000000002,0.02865476134604528,0.02730314449368265,0.24,0.056
26.251,35.557199999999995,24.924000000000003,10.310400000000001,0.02879041278099415,0.02746674369256219,0.24,0.056
26.412000000000003,36.421200000000006,25.082,10.998000000000001,0.02895099801904166,0.02762435529587037,0.24,0.056
26.583,38.4012,25.250999999999998,11.826,0.02912155497565827,0.02779293740518796,0.24,0.056
26.75,40.075199999999995,25.415,12.052800000000001,0.02928811979062118,0.02795652945343186,0.24,0.056
26.974999999999998,39.3444,25.584,12.2112,0.02951252954909656,0.02812510656560541,0.24,0.056
27.16,37.13039999999999,25.75,11.2968,0.02969704087329461,0.02829068871587026,0.24,0.056
27.279,37.0512,25.906,10.656,0.02981572493052731,0.02844629380786401,0.24,0.056
27.431,36.9972,26.069,10.854000000000001,0.02996731954550214,0.02860887887143093,0.24,0.056
27.596,37.44,26.233,11.520000000000001,0.03013187716846844,0.02877245900888248,0.24,0.056
27.774,36.129599999999996,26.397000000000002,11.9124,0.03030939722846782,0.02893603675866352,0.24,0.056
27.937,34.3944,26.566,10.8,0.03047195526669455,0.02910459913710284,0.24,0.056
28.104,34.146,26.727,10.1412,0.03063850001417379,0.0292651798732777,0.24,0.056
28.245,34.0848,26.887999999999998,9.935999999999998,0.03077911371260811,0.02942575830864058,0.24,0.056
28.417,34.8552,27.051,10.206,0.03095064009115944,0.02958832916341514,0.24,0.056
28.581,36.3348,27.215,10.8972,0.03111418605413263,0.02975189500552844,0.24,0.056
28.775,34.981199999999994,27.379,12.0024,0.03130764588072132,0.02991545846059651,0.24,0.056
28.938,34.47,27.549,11.9664,0.03147018944249602,0.03008500342498266,0.24,0.056
29.084,33.5556,27.706000000000003,12.3696,0.03161577860722176,0.03024158090821949,0.24,0.056
29.24,32.025600000000004,27.855999999999998,12.671999999999999,0.03177133754297401,0.03039117518656198,0.24,0.056
29.404,31.802400000000002,28.03,12.7872,0.0319348715324832,0.03056470204816186,0.24,0.056
29.576,31.327199999999998,28.198,13.3776,0.03210638022672718,0.03073224267579633,0.24,0.056
29.756,31.9068,28.389999999999997,13.9104,0.03228586325968763,0.03092371461238841,0.24,0.056
29.947000000000003,30.711600000000008,28.56,13.503599999999999,0.03247631155786301,0.03109324432623239,0.24,0.056
30.110000000000003,29.3004,28.718,14.0328,0.03263883817510127,0.03125080493785681,0.24,0.056
30.255,28.4868,28.875999999999998,14.389199999999999,0.03278341508745797,0.03140836333479236,0.24,0.056
30.424,28.497600000000002,29.045,14.9364,0.03295191961860056,0.03157688853598017,0.24,0.056
30.591,29.8764,29.209,15.732,0.03311842752541772,0.0317404253622211,0.24,0.056
30.762,30.6864,29.395,15.1344,0.03328892108307002,0.03192589716809913,0.24,0.056
30.936,30.8088,29.541,14.9904,0.0334624030944326,0.03207148041438579,0.24,0.056
31.084,30.5064,29.7,14.9004,0.03360996039373454,0.03223002440181943,0.24,0.056
31.244999999999997,30.762,29.855,14.680800000000001,0.03377047660181098,0.03238457770294367,0.24,0.056
31.407999999999998,31.787999999999997,30.027,15.213600000000001,0.03393298445901394,0.03255607951719774,0.24,0.056
31.572999999999997,33.75,30.191,15.642,0.03409748387874068,0.03271960205944957,0.24,0.056
31.761,33.245999999999995,30.376,15.75,0.03428491057911032,0.03290406060100004,0.24,0.056
31.906999999999996,33.533999999999985,30.518,15.926400000000001,0.03443046319574705,0.03304564293625489,0.24,0.056
32.044000000000004,33.12,30.668999999999997,15.911999999999999,0.03456704167248148,0.0331961968382295,0.24,0.056
32.222,31.2084,30.845000000000002,15.732,0.03474449151500103,0.033371674331379,0.24,0.056
32.384,32.2596,31.008999999999997,16.4412,0.03490598836893888,0.03353518497801389,0.24,0.056
32.57699999999999,31.0464,31.21,16.0812,0.0350983859056555,0.03373558196945758,0.24,0.056
32.735,30.384,31.396,16.4412,0.03525589023990783,0.03392102077070547,0.24,0.056
32.891999999999996,29.721600000000002,31.548,15.850800000000001,0.03541239551992881,0.03407255987937319,0.24,0.056
33.044,29.0412,31.71,15.443999999999999,0.03556391447429164,0.0342340664115639,0.24,0.056
33.21200000000001,30.099600000000002,31.871999999999996,15.66,0.03573138041035762,0.03439557061736842,0.24,0.056
33.376999999999995,30.798,32.036,15.5556,0.03589585344897017,0.03455906633271688,0.24,0.056
33.583,30.8736,32.199,16.0848,0.03610119215980667,0.03472156276075644,0.24,0.056
33.772000000000006,29.6892,32.408,16.002,0.03628958213582045,0.03492991363095932,0.24,0.056
33.907,29.5524,32.601,16.1244,0.0364241444668032,0.03512231075715988,0.24,0.056
34.044,29.3256,32.809,16.1568,0.03656069866314482,0.03532965733193905,0.24,0.056
34.21800000000001,28.778399999999998,32.973,16.5564,0.03673413006300308,0.03549313942805199,0.24,0.056
34.382000000000005,29.375999999999998,33.141999999999996,16.9668,0.03689759168580231,0.03566160324093204,0.24,0.056
34.601,28.8792,33.29500000000001,17.308799999999998,0.03711586904031883,0.03581411563434145,0.24,0.056
34.783,28.5516,33.456,17.996399999999998,0.03729726525338251,0.03597460029226163,0.24,0.056
34.976,28.26,33.628,18.3384,0.03748962176863735,0.03614604720305969,0.24,0.056
35.141,28.7964,33.821,18.5364,0.03765406902334867,0.03633842346484606,0.24,0.056
35.289,28.9728,34.007000000000005,17.9892,0.03780157117626715,0.03652381922656645,0.24,0.056
35.437999999999995,29.0232,34.175,18.4428,0.03795006800583067,0.03669127082863533,0.24,0.056
35.60799999999999,29.066399999999998,34.329,18.7848,0.03811949151755378,0.03684476593412356,0.24,0.056
35.789,27.572400000000002,34.491,18.918,0.03829987491418585,0.03700623254396618,0.24,0.056
35.968,28.746000000000002,34.64800000000001,18.8784,0.03847826227109508,0.03716271339832211,0.24,0.056
36.174,28.2276,34.81799999999999,18.8532,0.0386835537069512,0.03733214880415403,0.24,0.056
36.367,28.818,35.004,18.7236,0.03887588644895423,0.03751752813930587,0.24,0.056
36.562,28.494,35.177,19.0188,0.03907020892710733,0.03768994810395121,0.24,0.056
36.716,27.604799999999997,35.325,19.259999999999998,0.03922367147949757,0.03783744978501424,0.24,0.056
36.867,27.9144,35.471000000000004,19.130399999999998,0.03937414246311022,0.03798295629946047,0.24,0.056
37.021,28.134,35.651,18.594,0.03952760085750739,0.03816234529440088,0.24,0.056
37.193,28.9008,35.815,19.2852,0.03969899346563821,0.03832578610304083,0.24,0.056
37.372,28.0692,36.02300000000001,19.0728,0.0398773585736798,0.03853307345901769,0.24,0.056
37.568,30.15,36.193999999999996,19.3536,0.04007266013195299,0.03870348471421359,0.24,0.056
37.738,29.3868,36.361,19.1844,0.04024205158722793,0.03886990724239503,0.24,0.056
37.865,31.568400000000004,36.519999999999996,18.8388,0.04036859529940706,0.03902835513934022,0.24,0.056
37.992,33.5412,36.678000000000004,19.2348,0.04049513758418577,0.03918580429155583,0.24,0.056
38.171,33.105599999999995,36.83,20.1528,0.04067349003437215,0.03933727227633987,0.24,0.056
38.343,34.25039999999999,37.005,20.124,0.04084486513651697,0.03951165722594574,0.24,0.056
38.510999999999996,32.7636,37.206,19.8648,0.04101225224395577,0.03971194745167317,0.24,0.056
38.65,31.737599999999997,37.392,19.8432,0.04115074326038304,0.03989728745989218,0.24,0.056
38.817,31.352400000000003,37.549,19.7856,0.04131712948698052,0.04005372798686579,0.24,0.056
38.979,30.15,37.704,20.07,0.04147853173221172,0.0402081735007922,0.24,0.056
39.177,32.7636,37.86,20.214,0.04167579798988719,0.04036361329048788,0.24,0.056
39.346,33.354,38.032000000000004,18.7884,0.04184416897133225,0.04053499312633058,0.24,0.056
39.515,34.1892,38.195,18.72,0.04201253742614952,0.04069740299648217,0.24,0.056
39.669999999999995,34.4808,38.381,18.180000000000003,0.04216695597708053,0.04088272672461812,0.24,0.056
39.818,34.03440000000001,38.523,18.6048,0.04231439880362764,0.04102420837035226,0.24,0.056
39.988,34.1532,38.67499999999999,19.3284,0.04248375641620861,0.04117565153518754,0.24,0.056
40.161,33.7032,38.85,19.2024,0.042656100068303,0.04135000791043986,0.24,0.056
,,39.014,20.1816,,0.04151340228264999,0.24,0.056
,,39.214,19.169999999999998,,0.04171266049180034,0.24,0.056
,,39.393,19.029600000000002,,0.04189099358812776,0.24,0.056
,,39.57,18.2304,,0.04206733134877361,0.24,0.056
,,39.713,18.3924,,0.04220979429529237,0.24,0.056
,,39.864999999999995,18.828,,0.04236122145806753,0.24,0.056
,,40.029,18.842399999999998,,0.04252460110488698,0.24,0.056
,,40.20399999999999,19.130399999999998,,0.04269893651906109,0.24,0.056
15.415,11.138399999999999,15.431000000000001,5.133599999999999,0.0194238885557958,0.01943986078960869,0.3,0.093
15.577,13.8672,15.559,5.67,0.01958560637068807,0.01956763783992521,0.3,0.093
15.736,16.146,15.63,7.225200000000001,0.01974432714017738,0.01963851354382662,0.3,0.093
15.79,19.169999999999998,15.73,11.7108,0.01979823179539153,0.01973833771802447,0.3,0.093
15.962,20.1708,15.83,15.919200000000002,0.01996992637504924,0.01983816100232794,0.3,0.093
15.986,23.5944,15.921999999999999,19.6812,0.01999388354896325,0.01992999763795744,0.3,0.093
15.986,16.8768,15.998999999999999,23.1156,0.01999388354896325,0.02000686033010091,0.3,0.093
16.132,22.014,16.122,26.7336,0.02013962191934837,0.02012963989969307,0.3,0.093
16.186,15.9696,16.292,28.3716,0.02019352467173618,0.02029933302374332,0.3,0.093
16.191,19.5228,16.444,24.1308,0.02019851565420261,0.02045105646312173,0.3,0.093
16.334,18.7236,16.532999999999998,20.5704,0.02034125681120713,0.02053989357541219,0.3,0.093
16.374,16.2,16.659,16.027199999999997,0.02038118408192169,0.02066566176524454,0.3,0.093
16.401,12.3192,16.828,14.5548,0.02040813490917515,0.02083434862753997,0.3,0.093
16.573999999999998,14.6592,16.997000000000003,11.7216,0.02058081830014835,0.02100303294895944,0.3,0.093
16.594,17.668799999999997,17.165,10.2312,0.02060078152623568,0.02117071662004832,0.3,0.093
16.730999999999998,12.3732,17.334,8.366399999999999,0.02073752866813194,0.02133939587509914,0.3,0.093
16.808,9.378,17.503,6.0768,0.02081438581781292,0.02150807258961684,0.3,0.093
16.969,7.023600000000001,17.672,4.788,0.02097508542634507,0.02167674676372044,0.3,0.093
16.986,3.8448,17.838,4.1112,0.02099205357339251,0.02184242424865523,0.3,0.093
17.094,3.8304,18.01,3.9347999999999996,0.02109985061299469,0.02201408749114009,0.3,0.093
17.232,2.3256,18.178,4.0932,0.02123758976476076,0.022181756025212,0.3,0.093
17.399,3.2616,18.346999999999998,5.7888,0.02140427183517701,0.02235042005382937,0.3,0.093
17.57,5.752800000000001,18.516000000000002,6.919199999999998,0.02157494371996371,0.0225190815426064,0.3,0.093
17.778,6.4512,18.685,8.762400000000001,0.02178254110319777,0.02268774049165323,0.3,0.093
17.786,4.1112,18.846,12.139199999999999,0.02179052554109262,0.02284841322299158,0.3,0.093
17.899,6.912000000000001,19.006999999999998,16.2144,0.02190330511830929,0.023009083649562,0.3,0.093
17.958,8.6328,19.130000000000003,20.322,0.0219621895790354,0.02313183031072086,0.3,0.093
18.085,10.1808,19.244,24.2064,0.02208893982543358,0.02324559430780404,0.3,0.093
18.172,12.2724,19.314,27.4788,0.02217576790650178,0.02331544882117953,0.3,0.093
18.345,13.6836,19.391,31.791600000000003,0.02234842404467408,0.02339228828273932,0.3,0.093
18.436999999999998,16.056,19.476,35.9064,0.0224402400977084,0.02347711045288925,0.3,0.093
18.593,19.5732,19.560000000000002,39.4416,0.02259592646748487,0.02356093408414317,0.3,0.093
18.599999999999998,16.9452,19.717,41.7024,0.02260291234360423,0.0237176027607493,0.3,0.093
18.775,14.6412,19.893,37.962,0.02277755783052804,0.02389322873593613,0.3,0.093
18.791999999999998,11.2968,19.959,34.16040000000001,0.0227945232470006,0.02395908776674638,0.3,0.093
18.948,13.7556,19.990000000000002,32.0328,0.02295020469245834,0.02399002142030149,0.3,0.093
18.991999999999997,12.7152,20.024,28.3788,0.02299411445252098,0.024023948555012,0.3,0.093
19.023000000000003,11.257200000000001,20.080000000000002,24.282,0.02302505077102346,0.02407982831759803,0.3,0.093
19.182000000000002,8.503200000000001,20.182,20.7216,0.02318372280358538,0.02418160859749641,0.3,0.093
19.197,4.8348,20.307,18.8964,0.02319869174723621,0.02430633807163929,0.3,0.093
19.380000000000003,5.090399999999999,20.476000000000003,19.677599999999998,0.02338131124907328,0.02447497011263167,0.3,0.093
19.392,8.442,20.650000000000002,19.6092,0.02339328619435754,0.02464858861510422,0.3,0.093
19.399,2.1816,20.819,16.642799999999998,0.02340027157319291,0.02481721550432248,0.3,0.093
19.553,5.598,20.972,13.5648,0.02355394880549611,0.02496987552854257,0.3,0.093
19.588,7.074000000000002,21.125999999999998,10.7136,0.02358887515516805,0.02512353123002953,0.3,0.093
19.598999999999997,10.778400000000001,21.295,8.6112,0.02359985198543058,0.02529215097062476,0.3,0.093
19.598999999999997,2.5236,21.46,7.477199999999999,0.02359985198543058,0.02545677726298834,0.3,0.093
19.792,12.078,21.631999999999998,6.5808,0.02379244371185507,0.02562838512595533,0.3,0.093
19.799,16.1856,21.801000000000002,6.4548000000000005,0.02379942884177844,0.02579699726838136,0.3,0.093
19.975,15.713999999999999,21.97,7.4483999999999995,0.02397505353408746,0.02596560687331007,0.3,0.093
20.007,19.5948,22.139,7.6499999999999995,0.02400698500050069,0.02613421394085336,0.3,0.093
20.128,16.0704,22.308,7.750800000000001,0.02412772503509686,0.02630281847112492,0.3,0.093
20.195,13.3308,22.471,7.884,0.02419458052751366,0.02646543463810325,0.3,0.093
20.38,11.790000000000001,22.645,7.776000000000001,0.02437917944219592,0.02663902229786252,0.3,0.093
20.566000000000003,14.184000000000001,22.814,8.2296,0.02456477312227001,0.02680761923202368,0.3,0.093
20.599,17.647199999999998,22.983,8.2728,0.02459770071209988,0.02697621362937141,0.3,0.093
20.708000000000002,15.753599999999999,23.151999999999997,7.4016,0.02470646085132522,0.02714480549002118,0.3,0.093
20.806,18.3384,23.324,7.196399999999999,0.02480424429526451,0.02731638750107024,0.3,0.093
20.979000000000003,18.3528,23.491000000000003,6.919199999999998,0.02497685992432963,0.02748297914909159,0.3,0.093
21.123,18.971999999999998,23.657999999999998,6.7787999999999995,0.02512053795727098,0.02764956832043808,0.3,0.093
21.183,20.973599999999998,23.827,6.883199999999999,0.02518040326049586,0.02781815005044663,0.3,0.093
21.319000000000003,21.1572,23.996,6.9084,0.02531609676349333,0.02798672924432921,0.3,0.093
21.378999999999998,22.7196,24.165,7.685999999999998,0.02537596102174966,0.0281553059021995,0.3,0.093
21.532,22.194,24.334000000000003,8.55,0.02552861343246704,0.02832388002417119,0.3,0.093
21.565,23.76,24.504,9.2088,0.02556153818954066,0.02849344906782214,0.3,0.093
21.791,24.0192,24.672,9.266399999999999,0.02578702028916702,0.02866102066088239,0.3,0.093
21.798000000000002,21.7944,24.84,9.629999999999999,0.02579400417555,0.02882858974830604,0.3,0.093
21.971,19.040399999999998,25.009,10.940399999999999,0.02596660455572852,0.02899715374283574,0.3,0.093
22.006,15.3792,25.177999999999997,12.42,0.02600152338440331,0.02916571520203703,0.3,0.093
22.124000000000002,18.216,25.352,12.7476,0.02611924891912309,0.02933926103783158,0.3,0.093
22.212,16.5492,25.516000000000002,12.196800000000001,0.02620704342792912,0.02950283051492342,0.3,0.093
22.387,15.57,25.673000000000002,11.484,0.02638163273636529,0.02965941613145162,0.3,0.093
22.621,16.624799999999997,25.853,10.198799999999999,0.02661507933226659,0.02983893835024709,0.3,0.093
22.797,17.7552,26.022,10.9476,0.02679065989186569,0.03000748714953438,0.3,0.093
23.032,13.7448,26.191,10.695599999999999,0.02702509555422594,0.03017603341417896,0.3,0.093
23.205,14.472000000000001,26.360000000000003,10.5084,0.02719767697116637,0.03034457714429806,0.3,0.093
23.375,12.6936,26.529,10.0908,0.02736726305746728,0.03051311834000536,0.3,0.093
23.537,13.4568,26.698,9.5868,0.02752886623384754,0.03068165700141634,0.3,0.093
23.844,14.597999999999999,26.866999999999997,9.5076,0.02783510783556054,0.0308501931286429,0.3,0.093
24.017,15.717600000000001,27.035,10.206,0.02800767677766736,0.03101772948905612,0.3,0.093
24.185000000000002,15.9228,27.204,10.724400000000001,0.028175255634725,0.03118626056325269,0.3,0.093
24.416,14.5548,27.387999999999998,11.0592,0.02840567247143788,0.03136974713565266,0.3,0.093
24.585,14.9292,27.569,11.4408,0.02857424282728793,0.03155023914875876,0.3,0.093
24.740000000000002,16.012800000000002,27.726,10.875599999999999,0.02872884654572161,0.03170679616554573,0.3,0.093
24.818,17.3304,27.893,10.6272,0.02880664631990548,0.03187332256703179,0.3,0.093
24.983999999999998,17.7372,28.061,11.2896,0.02897221840047237,0.03204084363656534,0.3,0.093
25.153,17.7048,28.233,10.6668,0.02914078023471589,0.0322123507095089,0.3,0.093
25.218999999999998,18.576,28.402,11.8044,0.02920660842834621,0.0323808638243861,0.3,0.093
25.385,20.0772,28.592,10.7676,0.02937217460007524,0.03257031341403227,0.3,0.093
25.572999999999997,21.4344,28.739,10.8504,0.02955968032292056,0.0327168853735671,0.3,0.093
25.698999999999998,22.4892,28.908,10.9764,0.02968534729629191,0.03288539090468134,0.3,0.093
25.841,22.0752,29.076999999999998,11.174399999999999,0.02982697029178816,0.03305389390310687,0.3,0.093
26.003,19.1628,29.233999999999998,11.862,0.02998853800270496,0.03321042992236478,0.3,0.093
26.169999999999998,20.016,29.415,11.228399999999999,0.03015508993340177,0.03339089230234649,0.3,0.093
26.366,19.9944,29.584,11.5452,0.03035056089878019,0.03355938770338973,0.3,0.093
26.497,21.4056,29.752000000000002,10.8252,0.03048120540869803,0.03372688358042453,0.3,0.093
26.568,23.364,29.921,11.1096,0.03055201210218783,0.03389537393209885,0.3,0.093
26.682000000000002,23.1696,30.087,11.7684,0.03066570078704878,0.03406087086580101,0.3,0.093
26.823,22.4496,30.259,11.761199999999999,0.03080631414425028,0.03423234703955025,0.3,0.093
27.004,21.7872,30.428,13.359599999999999,0.03098681523000124,0.03440082979555292,0.3,0.093
27.189,21.33,30.596999999999998,12.8484,0.03117130228635645,0.03456931001989538,0.3,0.093
27.382,20.7864,30.796,12.4488,0.03136376392522955,0.03476769473085994,0.3,0.093
27.588,19.1736,30.936999999999998,11.1132,0.03156918565561995,0.03490825664778185,0.3,0.093
27.767,20.034,31.105,9.234000000000002,0.03174768012197582,0.03507573237602024,0.3,0.093
27.924,19.3284,31.272000000000002,9.144,0.03190423438130985,0.03524220874587236,0.3,0.093
28.076,20.214,31.440999999999995,10.134,0.03205580075317904,0.03541067632859018,0.3,0.093
28.22,20.998800000000003,31.61,11.318399999999999,0.03219938805728795,0.03557914138032992,0.3,0.093
28.401,19.7208,31.779000000000003,13.3308,0.03237986671281412,0.03574760390120524,0.3,0.093
28.583000000000002,21.4704,31.953000000000003,13.3884,0.0325613395583364,0.03592104787616179,0.3,0.093
28.759,22.3128,32.116,12.646799999999999,0.0327368269886712,0.0360835245685589,0.3,0.093
28.894,22.914,32.277,11.9916,0.03287143196281583,0.03624400537102623,0.3,0.093
29.008,23.6916,32.45399999999999,11.1348,0.03298509712683639,0.03642043192603062,0.3,0.093
29.187,23.749200000000002,32.623,11.048399999999999,0.03316356905027007,0.03658888180926567,0.3,0.093
29.371000000000002,24.6348,32.792,11.8656,0.03334702326174543,0.03675732916232199,0.3,0.093
29.584,22.8816,32.972,12.592799999999999,0.03355938770338973,0.03693673776183282,0.3,0.093
29.776,22.6764,33.129,13.492799999999999,0.03375081135859048,0.03709321958582734,0.3,0.093
29.963,20.980800000000002,33.298,14.7384,0.03393724688111277,0.03726165936399362,0.3,0.093
30.12,21.042,33.467,14.860800000000001,0.03409377056756568,0.0374300966124359,0.3,0.093
30.224999999999998,20.185200000000002,33.63600000000001,16.2576,0.03419845079456429,0.03759853133126434,0.3,0.093
30.4,18.2052,33.866,16.5456,0.03437291566776324,0.03782775794992332,0.3,0.093
30.58,18.9252,34.035000000000004,17.3484,0.03455236241953941,0.03799618669692606,0.3,0.093
30.736,19.4688,34.204,15.3504,0.03470788061474472,0.03816461291470219,0.3,0.093
30.797,20.7396,34.397999999999996,13.4892,0.03476869163009155,0.03835795113547569,0.3,0.093
30.967000000000002,23.364,34.543,13.3848,0.03493816321128307,0.03850245433040556,0.3,0.093
31.119,25.3548,34.71,13.9536,0.03508968857379635,0.03866887984128731,0.3,0.093
31.234,24.9876,34.879,15.1164,0.0352043281124601,0.03883729595825081,0.3,0.093
31.405,22.7232,35.048,15.7896,0.0353747899550747,0.03900570954655436,0.3,0.093
31.571,22.2804,35.232,15.3756,0.03554026505456598,0.03918906821134094,0.3,0.093
31.655999999999995,20.422800000000002,35.386,15.537600000000001,0.03562499533491703,0.03934252913763991,0.3,0.093
31.808000000000003,16.2468,35.558,14.4612,0.03577651141666038,0.03951392457348391,0.3,0.093
31.811,18.1332,35.723,13.32,0.03577950184503997,0.039678342152623,0.3,0.093
31.987000000000002,20.2896,35.884,12.7944,0.0359549389142817,0.0398387715281423,0.3,0.093
32.186,19.4832,36.061,13.273200000000001,0.03615329911268894,0.04001514154799146,0.3,0.093
32.311,21.33,36.23,15.0444,0.0362778954331251,0.04018353745382441,0.3,0.093
32.43500000000001,22.0824,36.399,14.3064,0.03640149361525324,0.04035193083190869,0.3,0.093
32.502,22.2084,36.576,14.2092,0.03646827593711599,0.04052829278421832,0.3,0.093
32.631,22.6332,36.737,13.791599999999999,0.03659685570551474,0.04068871000528418,0.3,0.093
32.800000000000004,23.241600000000002,36.905,13.9212,0.0367653029388002,0.04085609944258195,0.3,0.093
32.979,22.5216,37.074000000000005,14.691600000000001,0.0369437147049485,0.04102448272575998,0.3,0.093
33.15,19.954800000000002,37.24300000000001,15.155999999999999,0.03711415011010999,0.04119286348175777,0.3,0.093
33.27,18.6372,37.435,15.498,0.03723375235665749,0.04138415689560127,0.3,0.093
33.423,18.108,37.627,15.6168,0.037386243371202,0.04157544704789728,0.3,0.093
33.613,16.243199999999998,37.803000000000004,15.4728,0.03757560841172491,0.04175079348913258,0.3,0.093
33.803,16.4952,37.96500000000001,15.1812,0.03776497025503822,0.04191218949595843,0.3,0.093
34.007000000000005,16.8048,38.133,15.735599999999998,0.03796828151720533,0.04207956068048624,0.3,0.093
34.15,18.957600000000003,38.302,16.801199999999998,0.03811079652835936,0.04224792560307122,0.3,0.093
34.192,21.7044,38.471,18.266399999999997,0.0381526537400525,0.0424162879993002,0.3,0.093
34.278000000000006,21.0456,38.64,19.3896,0.03823836087660837,0.04258464786929039,0.3,0.093
34.437000000000005,22.0104,38.824,19.8936,0.03839681769506598,0.04276794805061535,0.3,0.093
34.618,22.0356,38.986,18.8388,0.03857719663177939,0.04292932942722061,0.3,0.093
34.79,21.2508,39.142,17.3916,0.03874860376214428,0.04308473152217118,0.3,0.093
34.991,20.3796,39.309999999999995,16.3836,0.03894890761297809,0.04325208521758483,0.3,0.093
35.11,19.9872,39.48400000000001,16.830000000000002,0.03906749377929053,0.04342541319951998,0.3,0.093
35.212,20.6892,39.653,18.306,0.03916913806687639,0.04359375792939701,0.3,0.093
35.38,20.8548,,,0.03933655017981508,,0.3,0.093
35.545,22.4532,,,0.0395009703587732,,0.3,0.093
35.666999999999994,23.0076,,,0.03962254009288735,,0.3,0.093
35.837,23.1768,,,0.03979193834508621,,0.3,0.093
36.01,22.6872,,,0.039964323352077,,0.3,0.093
36.183,19.6704,,,0.04013670571008987,,0.3,0.093
36.315,21.6216,,,0.04026823266407753,,0.3,0.093
36.43,22.7664,,,0.0403828192837139,,0.3,0.093
36.598,22.8168,,,0.04055021328513853,,0.3,0.093
36.774,24.2388,,,0.04072557575057267,,0.3,0.093
36.98899999999999,22.122,,,0.04093979322466978,,0.3,0.093
37.142,22.5216,,,0.04109223386633865,,0.3,0.093
37.313,23.2848,,,0.04126260625002054,,0.3,0.093
37.449000000000005,23.939999999999998,,,0.04139810524610965,,0.3,0.093
37.612,24.7788,,,0.04156050262219502,,0.3,0.093
37.789,24.4548,,,0.04173684557708413,,0.3,0.093
37.958,24.037200000000002,,,0.04190521564242111,,0.3,0.093
37.997,21.402,,,0.0419440699140754,,0.3,0.093
38.176,23.439600000000002,,,0.04212239933237072,,0.3,0.093
38.182,20.6712,,,0.04212837680567816,,0.3,0.093
38.368,20.9592,,,0.04231367689869892,,0.3,0.093
38.397,18.6012,,,0.04234256749766097,,0.3,0.093
38.515,20.2788,,,0.04246012158146861,,0.3,0.093
38.597,18.3888,,,0.04254181098221288,,0.3,0.093
38.797,15.9876,,,0.04274105092885705,,0.3,0.093
38.97399999999999,17.4816,,,0.04291737533077189,,0.3,0.093
39.05400000000001,19.7424,,,0.04299706906654599,,0.3,0.093
39.201,22.6512,,,0.04314350483051221,,0.3,0.093
39.371,24.174,,,0.04331284992981566,,0.3,0.093
39.58100000000001,23.2992,,,0.04352203740651284,,0.3,0.093
39.596,20.5272,,,0.04353697921991539,,0.3,0.093
