Q2center,nu,W2,Ex,RL,RLerr,RT,RTerr,Chi2,num_points
0.01,0.012704902610588514,0.8941975567032895,0.012257595399996279,0.022463831508265458,0.010047732447060675,8.5942476676012e-05,8.992019885499377e-05,3.8167502455311406,6.0
0.01,0.017431417562780365,0.9030670794307653,0.01698411035218813,-0.004008900985757881,0.0029358748756661587,0.003740783536745375,0.00031706331830535605,29.588607541688404,5.0
0.01,0.0225158270934314,0.9126082077978703,0.022068519882839165,0.021135254752311945,0.0048763347625691966,0.01029043904848902,0.00046378828047013385,9.199456140110646,5.0
0.01,0.02741718892888757,0.9218058387447483,0.026969881718295334,0.03247331485368648,0.007237581547964196,0.011464671917468897,0.000731253856842671,0.3360519185056928,5.0
0.01,0.017272475344142394,0.9027688170461491,0.01682516813355016,0.025945490991561234,0.005060183792176202,0.00041775057796576763,0.0005643681128277884,5.141025726134293,5.0
0.01,0.022339055813810068,0.912276488360182,0.021891748603217832,0.03343856732273996,0.005114611058500488,0.007037799941635819,0.0005756371466651894,7.26788763222844,5.0
0.01,0.027196057316905317,0.9213908751028095,0.02674875010631308,0.03504308592797037,0.0049479447824145395,0.011367552503363807,0.00056344470136679,0.7308917542808825,5.0
0.01,0.032299634963719924,0.9309679733216288,0.03185232775312769,0.03512499577683538,0.004653024563612345,0.0056278593434830595,0.000599347150150755,0.6432043510167457,5.0
0.01,0.037107839082094564,0.9399907895271482,0.03666053187150233,0.031254045948212524,0.004669846296677823,0.00412898412232743,0.0007708641822562752,0.7736061424428786,5.0
0.01,0.04365365715584896,0.9522743182501797,0.043206349945256725,0.02788874851803729,0.004605406391247466,0.001975661187827382,0.000860543947175755,2.5449187410589382,5.0
0.01,0.056539047353395475,0.9764543456838248,0.05609174014280324,0.020090607959094155,0.0047803317184430365,0.0008007708005734006,0.0008357936971889228,1.586035783812675,6.0
0.02,0.047532988138263156,0.9495540612879052,0.046638373717078685,0.024024876548951943,0.0006828177324656543,0.008356226403583362,0.00028358295993887724,168.71454006929164,23.0
0.02,0.07648824595619821,1.00388993452512,0.07559363153501375,0.016588629761643502,0.0005740807292915315,0.002018375072140923,0.0006529824449777165,2551.0520249042074,92.0
0.02,0.4637147672779066,1.7305383142052866,0.4628201528567221,-0.07629832097495964,0.014300113829817817,0.030672858779726263,0.0015842842004759586,49.07527078609596,23.0
0.026,0.07116986382521265,0.9879097458107475,0.07000686507767284,0.013155330712373695,0.0006544583218960298,0.0050071237827786904,0.0005377144418469633,13.168112491419219,21.0
0.026,0.2458280151811449,1.3156638011051167,0.24466501643360508,0.003678182650005417,0.0018669470927607694,0.015328844983268659,0.0009162876855905,19.755419810961968,21.0
0.04,0.06298030391439267,0.958541659918338,0.06119107507202373,0.023284398800598037,0.0006270282939236428,0.011198648696900093,0.00042258825989722315,10.167678186304157,28.0
0.04,0.11333404595773683,1.0530327731348073,0.11154481711536789,0.008209884544531454,0.00037679148880059176,0.003719062646041385,0.00014868966636199594,15.981883597225714,28.0
0.04,0.24495610964207132,1.3000276302533904,0.2431668807997024,0.0018317120518183208,0.0016340931785980828,0.016437990028054735,0.001122643805183582,8.330971469698321,27.0
0.056,0.04840411093578054,0.9151887632890953,0.04589919055646402,0.029981481768317095,0.0006131551879210753,0.01888065140194498,0.00034028238407457853,65.43162359332331,26.0
0.056,0.05923295507485584,0.9355095874429005,0.056728034695539324,0.02852087615405432,0.0004069308372764395,0.016421933269154153,0.0003225029215315147,130.61958079275456,26.0
0.056,0.07402225711570454,0.9632623930304469,0.07151733673638802,0.023241497399372504,0.00033692096585695024,0.012135963079637985,0.0003052344718309512,60.40709760429164,26.0
0.056,0.08672177072350508,0.9870936144931106,0.08421685034418856,0.018793941975227168,0.0003880490393885804,0.009164592076358287,0.00039173947729505233,56.31589272535091,26.0
0.056,0.09636781799818521,1.0051948659222225,0.0938628976188687,0.013967624634847794,0.0003530235410266379,0.009432236144157086,0.0003291621943420274,83.44190582582473,26.0
0.056,0.10738235943451044,1.0258641595963929,0.10487743905519392,0.01106103867688664,0.0002686039548192908,0.008593141605017453,0.00028684792638913176,50.65367274833094,27.0
0.056,0.12079213551665197,1.0510282212642312,0.11828721513733545,0.008620033829561875,0.0002841508923625663,0.007240888385576851,0.0003489931505127495,36.729109467685795,25.0
0.056,0.13654975574087577,1.0805981204655175,0.13404483536155926,0.007316837041552563,0.0003522656739705036,0.005370936226102154,0.0004402157380466726,31.349310352270454,26.0
0.056,0.1604318275818253,1.125413926850364,0.1579269072025088,0.005786898260339902,0.0003565775593218142,0.004572197227115336,0.00043384220996413607,9.579043644456961,26.0
0.056,0.1949229009685697,1.1901380126499657,0.1924179805892532,0.0023158917823592248,0.0005086720512339315,0.00863696834035905,0.0005562364000263143,38.84625379534762,26.0
0.056,0.22995274908861918,1.255873134020252,0.22744782870930266,-4.216129394842882e-05,0.0007320785956471842,0.015398312747217365,0.0006710218070445171,31.826385024791875,26.0
0.056,0.2687461080029136,1.3286706565174355,0.2662411876235971,0.0014733904433882595,0.001230330263264285,0.0213868427833471,0.0009555915351490102,32.62586456449526,26.0
0.056,0.3191883807094473,1.4233279015957905,0.3166834603301308,0.011413055940453894,0.0018962111759716278,0.025084983402042776,0.0011593319172508406,55.82912027363068,26.0
0.093,0.05435966500377893,0.8893646344531814,0.05019970794527115,0.02461255389986191,0.0002708208163993623,0.01794393018044156,0.00025921348005574163,248.07979993075156,61.0
0.093,0.06711172641574246,0.9132944642875559,0.06295176935723468,0.023448951733247188,0.0004309521060430159,0.019889301801459685,0.0004544250941259886,169.87792480308508,31.0
0.093,0.0768839002403613,0.9316323979894491,0.07272394318185352,0.022521464101473522,0.0004527674145596988,0.021124522484732434,0.00046386555653287473,150.50065065355534,30.0
0.093,0.08604938740963443,0.9488318562749999,0.08188943035112664,0.021356831937367822,0.0004676166145221558,0.019334022454626842,0.0004327974422120303,90.24793359990733,31.0
0.093,0.10593039145422709,0.9861394748908641,0.1017704343957193,0.01861344121135086,0.00024599643688046405,0.01528311653126077,0.0002613070778790853,108.4896500497725,61.0
0.093,0.13852904176592515,1.0473123417386798,0.13436908470741737,0.010736095577243567,0.0002720884458462352,0.010354895930007501,0.00036109850265813887,91.08133632466323,31.0
0.093,0.17041403157525628,1.107145991825421,0.1662540745167485,0.006480880870263924,0.0002876323433219445,0.00860785560867332,0.00035495975119955396,47.42617200725175,31.0
0.093,0.20121956130211208,1.1649539854122333,0.1970596042436043,0.0026206549472245883,0.0003279547149503435,0.011320999635457001,0.00040296368588210404,24.87903899304304,30.0
0.093,0.231302000234324,1.2214050658607198,0.22714204317581624,0.0012213040144692755,0.000372153708558192,0.014347253044991898,0.000402025813061659,41.75097471496718,31.0
0.093,0.2657879088058658,1.2861194596470122,0.261627951747358,0.0009138135412821049,0.0004966282860677478,0.01900637924001205,0.0005102797903904303,42.09199497193077,31.0
0.093,0.30246210267157164,1.3549402714489271,0.29830214561306384,0.002310673203076155,0.0007735870033337868,0.023798689610327762,0.0007034659347887924,37.461689178590994,30.0
0.093,0.3392821173185238,1.4240347226546066,0.335122160260016,0.0024230566706224216,0.0010754290537598131,0.028789395064296484,0.0008709170612075639,67.08239740948343,31.0
0.093,0.38260716166909087,1.5053361613304859,0.37844720461058307,0.00104788168145106,0.0019951147187118926,0.03321220594026059,0.0014213246978163922,44.363086051214175,31.0
0.093,0.5855188810366275,1.8861093366627593,0.5813589239781197,0.002545010036981168,0.0012167231613847218,0.02467808381161888,0.000422480038992916,261.36132073016853,123.0
0.12,0.009368086261706585,0.7779358673310605,0.004000399734599767,0.01899544753322114,0.0008976629192238876,-0.0019401314552378048,0.00014421095459730556,295.0776176891861,6.0
0.12,0.013606174479529883,0.785888834823864,0.008238487952423067,0.023624366569059904,0.0004277796641838093,-0.001787692677835652,9.00818099621905e-05,202.05399138225243,5.0
0.12,0.019599284066563655,0.7971351806469738,0.014231597539456839,0.031560470491578875,0.0009929525814916201,-0.002663117204493591,0.00016680168924466116,342.5810588941584,6.0
0.12,0.029006174479529884,0.8147876432238639,0.023638487952423067,0.01679356139077727,0.0005757935221819772,0.0058454124169257755,0.0002798766623738933,78.0751125722794,5.0
0.12,0.03456133776389479,0.8252121626644857,0.02919365123678798,0.015723934453705228,0.0005813828225704345,0.0077356074833716286,0.000257989806364374,52.566954978517714,6.0
0.12,0.005955483787453927,0.7715319618084115,0.0005877972603471103,0.01339374594095472,0.0004958326230401992,-0.004628244645991299,0.0004257949825497495,440.6031708516324,6.0
0.12,0.018529058651805104,0.7951268534258104,0.013161372124698287,0.019675255178391672,0.0009008918373143933,-0.0003556592865869071,0.00017040948420704333,20.827116247616903,5.0
0.12,0.023414968276588583,0.8042954875885593,0.018047281749481767,0.01786383464042909,0.0012707225434618347,0.006547054765146537,0.00032951233273287496,3.710104804238358,7.0
0.12,0.03355748530394079,0.8233283873461689,0.02818979877683397,0.01655325591109922,0.0012611670302393545,0.006349359682299135,0.0003637695471866856,0.9990811368387651,5.0
0.12,0.026006174479529885,0.8091580052238639,0.020638487952423068,0.005802768061527744,0.0017972356459082382,0.01821457589853988,0.000715152630610998,1.1794036774755714,5.0
0.12,0.03147206102600621,0.8194149927591079,0.026104374498899387,0.015067323073236235,0.0007215074448770317,0.00724728823568335,0.00030736745776056596,9.355957039650477,6.0
0.12,0.012956174479529882,0.7846690799238639,0.007588487952423066,0.02250340869677834,0.0006259153305503611,-0.0014936202119356081,0.00011748654601304998,22.32066534231143,5.0
0.12,0.017918256757079025,0.7939806555734696,0.012550570229972208,0.019425529521380283,0.00045694483610208403,0.0007590142198551151,0.00013805951444099227,7.553755262987968,5.0
0.12,0.02286496827658858,0.8032633872885593,0.017497281749481765,0.012769739249659335,0.0005144038597349583,0.007908126442820494,0.0004301800642836837,0.7250214883262396,4.0
0.12,0.028056174479529884,0.813004924523864,0.022688487952423068,0.014987203104215549,0.0004807154278228178,0.00530274363555243,0.0002472706275613871,1.2004387976649182,5.0
0.12,0.032502322019575876,0.8213483249055471,0.02713463549246906,0.015491298568435763,0.0005002138142007393,0.006597083645138875,0.00039243927863591796,1.454489295241948,4.0
0.12,0.012656174479529884,0.7841061161238639,0.007288487952423066,0.03019053988933694,0.0010387765435771925,-0.0015617797499543045,0.00018945452237645641,8.123344549802082,5.0
0.12,0.02146796087689573,0.8006418386406952,0.016100274349788914,0.01827609313360178,0.000762481663956986,0.0007556001540530531,0.0001610575251405236,4.910696542783458,5.0
0.12,0.029556174479529882,0.8158197435238639,0.024188487952423066,0.01555940036409737,0.0007166775765872734,0.005981638520634497,0.00027401347509414944,1.699136729950911,5.0
0.12,0.030593256860150537,0.8177658763168881,0.02522557033304372,0.015612247742465361,0.0004075099041100407,0.007793131344930653,0.0003060161837698489,1.0136157175698657,5.0
0.12,0.014556174479529883,0.787671553523864,0.009188487952423066,0.027169593548868044,0.0008869460106249577,-0.0021747370943734144,0.0001528849971415034,21.1630530148103,5.0
0.12,0.02447378804851807,0.8062824115962944,0.019106101521411255,0.02491414454023814,0.0008037597181684424,0.004062133556831637,0.00023404200682411997,138.91041883264927,7.0
0.12,0.035959183640616364,0.8278352847530641,0.030591497113509548,0.013999327558764091,0.00020358460576827366,0.007768691972567929,0.00015725346757732746,97.17723658529242,23.0
0.12,0.051242825516533884,0.8565157417807496,0.045875138989427064,0.017505823780230818,0.0002950722438249683,0.015773620677518328,0.0003479698369164713,82.71040167485066,22.0
0.12,0.06483764363555297,0.8820270433427224,0.05946995710844616,0.017214657025296846,0.00030763012100545027,0.020509360345290346,0.0003961285217351109,262.36789590984137,22.0
0.12,0.07939766886671125,0.9093496004501516,0.07402998233960444,0.01896999797809536,0.00034800416464762123,0.02375125229673979,0.000441388446332657,122.52718720646641,22.0
0.12,0.09428522069376856,0.9372867762810086,0.08891753416666175,0.018960538495560682,0.00043090244217194895,0.023501524739139038,0.0005809439866314588,26.330121125942192,22.0
0.12,0.10818275530301188,0.9633661392618458,0.10281506877590507,0.0179791071475706,0.00045827111544593396,0.021481787580577495,0.0006259235009923477,27.75051950303255,22.0
0.12,0.12255281030208016,0.9903322084901274,0.11718512377497335,0.015584143294908719,0.000354552506385916,0.01920902096462491,0.0004896300863258278,36.254882572534434,22.0
0.12,0.13770617474692207,1.0187681939256377,0.13233848821981525,0.012756355783617595,0.0003174690920134845,0.015903337137536996,0.00041155433664205897,34.70412769376587,22.0
0.12,0.1529411074472871,1.0473572459447769,0.14757342092018028,0.010356232317056385,0.00032157056295447164,0.013125127757815023,0.0004021759440351642,47.81848476402372,23.0
0.12,0.16900906661524073,1.0775095104495636,0.16364138008813392,0.007818319787875722,0.00027819542344625914,0.011372543477567883,0.00036843185547710984,14.687440640912342,22.0
0.12,0.1859567075314352,1.1093125382202846,0.1805890210043284,0.005912912093192753,0.0002552636628308533,0.010378972392652926,0.0003129447364918882,14.534160209961415,22.0
0.12,0.2036894314499495,1.142588810358677,0.19832174492284269,0.003961361917408116,0.00023627312583662807,0.010863354736191587,0.00028821161234033677,20.362187833517172,22.0
0.12,0.22097911499496492,1.1750336968563415,0.2156114284678581,0.0030236907032644886,0.00028353034616183985,0.011526601629884515,0.0003396732771042724,24.71565823134911,22.0
0.12,0.2378052200013603,1.2066086569016727,0.2324375334742535,0.0026873887948878506,0.00031211902615433865,0.012363401751248556,0.00036787116501859035,45.915165652695684,22.0
0.12,0.25653247564331966,1.241751213567569,0.2511647891162128,0.001937226255989704,0.00037919253499694826,0.015043914401949564,0.00043247180481980214,54.535738803512814,22.0
0.12,0.27794263529623336,1.2819283630236056,0.2725749487691265,0.0015120350821396977,0.0005335674036445356,0.017996261006613966,0.0005592680498534839,29.064324051240515,22.0
0.12,0.3404077820450624,1.3991470842945337,0.33504009551795555,0.0017040285984515448,0.000957617049535961,0.02684836526220981,0.0008651022700124391,59.91126445163038,22.0
0.12,0.43882230798711247,1.583826469292984,0.43345462146000563,0.005352032920614561,0.0012089135045758627,0.028121783004896823,0.000803529972216227,141.1743891267753,89.0
0.12,0.30307806847839014,1.3290961596198492,0.2977103819512833,0.001715602079742555,0.0007229799767051354,0.021633066779297157,0.0007127889243280173,36.379341864070604,23.0
0.12,0.635426265255126,1.9527628388884457,0.6300585787280192,8.615894150431624e-05,0.0012116762325614125,0.025304608625045525,0.0003855141447369922,180.67479187366894,66.0
0.16,0.012085577645155136,0.7430353649167053,0.004928662275679381,-0.00122521958728878,5.7204395963480574e-05,0.002318129199761661,0.00010823122107212386,826.7565343577783,5.0
0.16,0.01902693142865552,0.7560611345937178,0.011870016059179766,0.009871561573064326,0.0001950364078173817,-0.0007974837126913157,0.00014760203059373971,131.1727660771325,5.0
0.16,0.02334118571867765,0.7641570312246416,0.016184270349201894,0.007836675752918406,0.0002859328995404604,0.002681795375069856,0.0002670544280363035,73.44640796390716,5.0
0.16,0.027860046208423382,0.772636880801232,0.020703130838947627,0.00656530707303016,0.0004824622146347889,0.008393984871964338,0.0005468921027093776,115.45861900928466,5.0
0.16,0.03194691678761685,0.7803060814391353,0.024790001418141097,0.008383801277937109,0.0003623766055522846,0.006891211396158021,0.00037506535799053365,37.887039412370854,5.0
0.16,0.0350134369584867,0.7860605475997003,0.027856521589010943,0.007584406158625954,0.0003566770457601582,0.008007603206573097,0.00040455532839106913,116.44776204417134,6.0
0.16,0.008681780585750181,0.7366479831600672,0.0015248652162744253,-0.0025247008410814137,8.60083713652239e-05,0.0047790319434101915,0.0001628053490482146,1609.4362919615771,6.0
0.16,0.01477124943394502,0.7480751515692718,0.007614334064469265,0.006422148083823757,0.0005419263329264084,0.002362147880183919,0.0006850198712472798,55.15496563533925,5.0
0.16,0.03397428312358936,0.7841105276274392,0.026817367754113607,0.0049854552526586975,0.0001558910123248425,0.005987796069531271,0.00021013219630465146,231.4486988628562,24.0
0.16,0.057893266022572644,0.8289955993105946,0.05073635065309689,0.011110210175483045,0.0002383456762235847,0.013949270009013049,0.0002818069080927958,56.42986964811161,23.0
0.16,0.07258790425522596,0.8565707639075273,0.0654309888857502,0.01221700455804802,0.0002673597064823635,0.018437697244590903,0.00035490077298991124,41.743221592532734,23.0
0.16,0.08752572359450277,0.8846022690373698,0.08036880822502701,0.014246730650250668,0.0003549497828508949,0.021413969055089445,0.00042500769250171166,19.177134197773093,24.0
0.16,0.10468945737575686,0.9168108050096471,0.0975325420062811,0.015294731840114574,0.0004430199637842667,0.022643726019606382,0.0005112962130856235,29.18674668093888,23.0
0.16,0.12362243483329138,0.9523394081256736,0.11646551946381563,0.015393960912162032,0.00046568583156108195,0.021686455954692065,0.0005364997126148342,28.4190455940233,23.0
0.16,0.1462760293884959,0.9948499203738644,0.13911911401902016,0.01299429662422236,0.00039549860461413267,0.01886004992241788,0.0003718286606690463,45.25726929956862,23.0
0.16,0.17106648861311957,1.041370357469995,0.1639095732436438,0.009955406382989992,0.0003381747096927081,0.015083455804055129,0.0003542257007922931,24.7360036135992,24.0
0.16,0.1952789594196119,1.086806172712035,0.18812204405013616,0.006358653711331939,0.0002903774489455683,0.012958023004525736,0.0002870595349450804,38.66883791224485,23.0
0.16,0.2238103827856184,1.140346701103821,0.21665346741614266,0.004110486479348286,0.00028354400819269944,0.011726614979331007,0.0003053131297721549,19.52222031326941,23.0
0.16,0.25972373459049175,1.207739757779849,0.252566819221016,0.0023629977581188797,0.00026932464772764754,0.01314587095997109,0.00028422963423912643,4.694948140424319,23.0
0.16,0.30363542849336655,1.290142071326513,0.2964785131238908,0.0026199601928525444,0.0004169549297930325,0.017142984110150708,0.00039587859165812387,20.35939601580477,24.0
0.16,0.36881236771465864,1.4124495959144718,0.36165545234518287,0.005089868281936613,0.0008427359915501021,0.02286266398219745,0.0007315071505772325,10.405818547344621,23.0
0.16,0.5263394915900228,1.708056490114291,0.5191825762205471,0.000989788301301066,0.0014639222914320535,0.02728255201004471,0.0007902189955348225,155.91030465347464,46.0
0.16,1.213784770525429,2.9980791785194114,1.2066278551559533,0.04542366787608387,0.008248909941137908,0.028710177344173474,0.0010162014240901111,91.63195027339194,24.0
0.265,0.005193620993822863,0.6251022912304743,-0.006660020086871357,-3.4237224197513394e-09,5.001410215588262e-10,6.366112722570064e-09,9.29829627255028e-10,726.711855023985,6.0
0.265,0.022858802614436374,0.6582518171399101,0.011005161533742154,0.0002732201407003922,7.889124378591931e-05,0.0002258123154244414,9.036533625470811e-05,15.768474450505556,5.0
0.265,0.026195583524832197,0.6645134400101897,0.014341942444137976,0.0008387472287457609,4.925463428036337e-05,2.6607133047815363e-06,5.862638364367902e-05,958.204262106554,6.0
0.265,0.03290692339567871,0.6771075779994673,0.02105328231498449,0.0009261819632190805,0.000129275291268904,0.0023656040087051532,0.00014827648045850808,105.04997282140661,5.0
0.265,0.03676468121618509,0.6843468380065073,0.02491104013549087,0.0016844054267836585,0.0002387893484293199,0.001987426361627086,0.0001732437788884661,20.03079045929348,5.0
0.265,0.01426008834075219,0.6421159342644852,0.0024064472600579694,8.043852705024603e-05,3.285847787336566e-05,0.00019501491676537444,4.044955574987018e-05,231.22715062999893,5.0
0.265,0.019006067130834404,0.6510219817790988,0.0071524260501401845,0.00034969157854490064,4.0661440810187915e-05,-2.315246340785652e-06,5.87773082015947e-05,78.96796832671181,5.0
0.265,0.029233077870625637,0.6702134378748111,0.017379436789931417,0.000686814509717087,0.00019187165581590688,0.002066985209752385,0.00021737724434058373,232.47902180408317,5.0
0.265,0.04001883045191161,0.690453398738213,0.02816518937121739,0.0012076137054726017,0.00022530745223155304,0.0024907232956680116,0.0002343655539536595,3.8385290652725668,6.0
0.265,0.04632368482148841,0.7022847479860248,0.03447004374079419,0.0011184832370393176,6.843464252033666e-05,0.0031763887574332668,5.116571031364185e-05,210.05853590820905,26.0
0.265,0.0825189788242177,0.7702068821656705,0.07066533774352349,0.0031113991906410623,0.00013172570980740818,0.01006923355012606,0.00014717178070853065,301.4033052151245,25.0
0.265,0.10709565654341058,0.816326148432911,0.09524201546271635,0.005199557344972953,0.00020361116907449252,0.014426429161210938,0.00018016700518364872,22.985634615730717,25.0
0.265,0.13600849268732362,0.8705824154474264,0.1241548516066294,0.007030206330405724,0.0002742613315082306,0.01802132206036968,0.0002680825725081299,20.50096039678211,25.0
0.265,0.16293940320330413,0.9211195078525476,0.1510857621226099,0.00780690906084432,0.000278600000154156,0.019617305803058007,0.00028410087813796563,18.26664855624015,25.0
0.265,0.18910335571788062,0.970217368287966,0.1772497146371864,0.0071659698101886,0.00031221596306733304,0.019505757318663077,0.00031626904678676705,20.528241815372827,25.0
0.265,0.21586946343273153,1.0204452006558387,0.2040158223520373,0.00635017100075188,0.0002894458331941202,0.017573810666493737,0.0003233086652201744,9.203105344551357,25.0
0.265,0.24294864390951662,1.0712605284628278,0.2310950028288224,0.005341154007880128,0.00028472946730843924,0.015023974757196109,0.0003314001979120569,20.8765500814175,25.0
0.265,0.270531460850128,1.1230209532614643,0.2586778197694338,0.0038746467998148014,0.0002584862092302035,0.013281901056301964,0.00029364602350167836,24.258286194873033,25.0
0.265,0.2992405934791004,1.176894961259832,0.2873869523984062,0.003076718362785474,0.0002898797155950101,0.012926179351392548,0.00032761916908445517,40.366338150354984,26.0
0.265,0.3338385051570409,1.2418195340274245,0.3219848640763467,0.0027392161762292396,0.00039329761362372244,0.013576773523451274,0.00043845325050338447,37.6702740618147,25.0
0.265,0.3752829499637109,1.319591941151602,0.3634293088830167,0.002967237760979818,0.00046788214570500137,0.015400799856161548,0.0005040850268402739,34.1128437781709,25.0
0.265,0.42359915117709485,1.4102595152737727,0.41174551009640065,0.0036931892498864955,0.0007642889604122012,0.018025084335196093,0.000748213814147883,25.30360714147169,25.0
0.265,0.4768398148422526,1.5101680697119697,0.4649861737615584,0.0020625447423691778,0.0010068772748919813,0.022333258602099657,0.0008917480034544708,45.8790093317915,25.0
0.265,0.5364754483526982,1.6220770792334624,0.524621807272004,-6.032892893086657e-05,0.0015676392610228173,0.023708610740699673,0.0012721644549804209,35.92517157432645,25.0
0.265,0.6200164216996766,1.7788455586038414,0.6081627806189824,0.0003052994573435571,0.001174417875161568,0.02173338875609993,0.0007797226233333188,45.61834175983727,25.0
0.265,0.7286774136009114,1.9827529083121358,0.7168237725202172,0.007062661691640169,0.0006981661755568414,0.017695669353717833,0.00028508916106106545,67.6234377305081,25.0
0.265,1.034083432291154,2.555861351061236,1.0222297912104599,0.026182930155486533,0.001322427505570578,0.01936377209456278,0.0003210580151232142,23.10029774539525,25.0
0.265,1.6783892503984856,3.764930856807277,1.6665356093177914,0.05502057246172133,0.007389566024872429,0.027458691405055087,0.0008576724938453463,188.10531144334044,51.0
0.38,0.019295920115358772,0.536565904237796,0.0022982461128538516,2.7227050820752844e-05,2.4851512670049114e-06,-9.569675241088059e-07,2.6075096981529867e-07,132.9773647664237,7.0
0.38,0.04200756400254123,0.5791853487277128,0.025009890000036308,0.00033115839747271004,7.057603290153773e-05,0.0005000270571641454,3.405032499090914e-05,7.930275304686601,6.0
0.38,0.05549183474574844,0.6044892030537953,0.03849416074324352,0.00029459966287945656,2.8100333253835665e-05,0.0008073905237024695,2.3131207866317576e-05,61.7119527141127,25.0
0.38,0.10046667544054423,0.6888865604602515,0.08346900143803931,0.000977675574724274,6.175460718701985e-05,0.0038537906806299957,6.71665635351996e-05,45.366418847265834,25.0
0.38,0.12882343461555315,0.7420993234630778,0.11182576061304823,0.0020812278853432754,0.00011010518083912974,0.006862955695793133,0.00011679566529927232,43.53764060708713,24.0
0.38,0.15568524189382354,0.792506740463887,0.1386875678913186,0.0030775533870843726,0.00015444748387075677,0.010064450111528593,0.00016830100376521008,31.818373828476574,25.0
0.38,0.18293576231582384,0.84364359555971,0.1659380883133189,0.004385148592150881,0.00017962751525463732,0.012461445511399731,0.00020280581747653047,33.28994867125279,24.0
0.38,0.21180658606721645,0.8978210243870908,0.19480891206471151,0.004497171595465987,0.00023028544161524654,0.014756390187072498,0.000274171242444217,37.69903767979577,25.0
0.38,0.24623056102452595,0.9624191968973301,0.22923288702202102,0.004729533095862096,0.00024079709434766513,0.015214743137883456,0.0003170420718950783,20.168103885198864,24.0
0.38,0.30594106147554917,1.074468697676696,0.28894338747304427,0.003245052954058821,0.00024064475282200833,0.013337621949004879,0.00029741471787020433,34.1287584587605,25.0
0.38,0.39101433877069885,1.2341126158917999,0.37401666476819395,0.0028940526520934316,0.0002973255079932635,0.010590714794985434,0.0003382039540759008,55.75946365863743,24.0
0.38,0.48892455591601286,1.4178456422349703,0.47192688191350796,0.004098009426065343,0.0005070235604882248,0.013542563842188621,0.0003814799057959282,25.548154719393445,25.0
0.38,0.5796983749012526,1.588186889156446,0.5627007008987477,0.004063893068167643,0.0010152715005314432,0.01592021931944122,0.0006561538530039289,184.766883487007,24.0
0.38,0.6955170340326012,1.805525930674742,0.6785193600300963,0.0025061087894666127,0.001373850886062556,0.015882614964762478,0.0006876696470770022,232.00982477286706,25.0
0.38,0.9424836420285703,2.2689701310431456,0.9254859680260653,0.011596127614341908,0.001798708654769237,0.014279165735919929,0.0007953962457391766,15.995722272895055,24.0
0.38,1.3943466021851976,3.116911761473224,1.3773489281826927,0.029802735435826053,0.003629859340548328,0.019374177255762327,0.0009641426923981221,44.65869764498887,25.0
0.38,1.8214492300572735,3.9183894893960565,1.8044515560547687,0.056948890499346864,0.0037585005589795164,0.022403671880059255,0.0005844531497256899,62.62302337691227,25.0
0.5,0.044397480814834356,0.46367013756215414,0.02203212028522262,0.0012537041250576663,0.00023801724353780912,-0.0007425648261985213,0.00015945896556161018,0.020006041824631046,4.0
0.5,0.07804057680276165,0.5268029547659152,0.05567521627314991,0.000130604514204491,8.663571648705822e-06,0.0003355051477821887,1.1144745720566578e-05,39.39713308030555,21.0
0.5,0.12735149286413672,0.6193371570572244,0.10498613233452497,0.0003858532126896766,3.297481013742742e-05,0.0017859274358401382,4.100424697828042e-05,20.364606293104742,20.0
0.5,0.17371997519356933,0.7063497470985918,0.15135461466395758,0.0009692848135229348,8.434200059257738e-05,0.0048020109482403575,9.066519944723248e-05,15.263060024408933,19.0
0.5,0.22575204431516854,0.8039903182804523,0.2033866837855568,0.0022262054346843855,0.0001256912825288783,0.008616644593671105,0.00015184810392772867,81.761812532057,21.0
0.5,0.28783542018813746,0.9204926289413686,0.2654700596585257,0.0033229035274978474,0.00016785910302370095,0.01065393037313161,0.00022237175930543045,48.22632572676609,20.0
0.5,0.35380376985272693,1.0442852716310553,0.3314384093231152,0.0030648481971807646,0.0001579100693007173,0.010031509140304313,0.00019255527380358206,42.973182081243685,19.0
0.5,0.4152996009924581,1.1596850275729933,0.39293424046284636,0.0026640119301306587,0.00017166139253236356,0.008673914933925326,0.0001939657793980516,22.996959151365814,21.0
0.5,0.4677207984430783,1.2580558159641648,0.44535543791346655,0.0018832004780354728,0.00024898199816963257,0.009567084672837746,0.0002513360954296476,141.81024659409965,20.0
0.5,0.5063064385982974,1.3304635446548807,0.48394107806868564,0.0013137890366504484,0.0001994350867535178,0.010772076241375713,0.00018589345574312232,136.29067118578703,20.0
0.5,0.5397579085996453,1.39323676688003,0.5173925480700337,0.001177511480929217,0.0002476532471669803,0.0118513963421802,0.0001993803839662251,247.99674499377414,20.0
0.5,0.5731141496589944,1.4558312876149875,0.5507487891293827,0.001114242506075809,0.0002049971898882134,0.012714449783516204,0.00016655347761716004,201.8497963626432,20.0
0.5,0.6105799742011856,1.5261376307963381,0.5882146136715739,0.0010382413871500066,0.00019458350385614413,0.013605657100717258,0.00014997844762070178,210.33566800428136,19.0
0.5,0.6770652055523335,1.6509002257474092,0.6546998450227218,0.001426062793864505,0.0001777452797698112,0.013517812858870343,0.0001290698601518727,124.65539003902707,21.0
0.5,0.7680332327859019,1.821605913380453,0.7456678722562902,0.0031592188241003284,0.0001915768183883351,0.012191063963981497,0.00012725498769077152,29.353279410112037,20.0
0.5,0.9105353268735815,2.089017648032312,0.8881699663439698,0.005863503358109219,0.0009709079447671048,0.012055894371823873,0.0006782632132207025,78.44064277645631,20.0
0.5,1.1552294147272244,2.5481973598177143,1.1328640541976127,0.010107557180514325,0.0016835215700628581,0.015301710830301058,0.0008387369163144415,46.62490317576738,40.0
0.5,1.3531559783099747,2.91961566100267,1.330790617780363,0.013543047219429859,0.002533102922801541,0.017621470612032723,0.0009591458526104307,33.97825698503667,20.0
0.5,1.4597941016167695,3.1197270047415424,1.4374287410871578,0.01854858173034488,0.000931435541107086,0.017715953537708565,0.00026416764059094356,6.62244710301247,20.0
0.5,1.5806960009464848,3.346604980321122,1.558330640416873,0.02299886656120582,0.0007071854920815943,0.018449478398156922,0.00014749053379928937,7.45555088429907,20.0
0.5,1.7727551027481574,3.7070127195706437,1.7503897422185457,0.0297947256396416,0.001895719183075579,0.019684996494273663,0.0004328874074860722,21.451508543056406,20.0
0.5,2.0507284917986617,4.228642570899812,2.02836313126905,0.04658621596693901,0.0036065427216243804,0.021560912073041463,0.00047684212290163597,18.717903305006462,20.0
0.8,0.22007181681332597,0.4933311100827796,0.1842872399659472,0.00011257201767700142,2.222365287933306e-05,0.0005253323404726723,3.831283188395078e-05,61.830704614806365,23.0
0.8,0.2766758262740623,0.5995511376202864,0.2408912494266835,0.0003062031871766059,2.6962935019633324e-05,0.001544067692149315,4.155979222507794e-05,28.235543082860506,23.0
0.8,0.3269313227816071,0.6938578885695337,0.2911467459342283,0.0007458994341306226,5.1506825270608685e-05,0.0027988011006497516,7.473545599497056e-05,40.51157840573668,22.0
0.8,0.3843651854957495,0.8016351739103067,0.3485806086483707,0.0009213468263174464,5.491543113470535e-05,0.004649800114168917,7.526160521113617e-05,80.61312475808077,23.0
0.8,0.4410667417935098,0.9080382525746437,0.405282164946131,0.0010504859451561286,4.8094021882390916e-05,0.005698186170100813,5.5556753881889154e-05,43.63915184758034,23.0
0.8,0.4925674510969042,1.0046817026150912,0.4567828742495254,0.0009527164613789495,5.7922047840978716e-05,0.0059722640181496985,6.720640005767132e-05,30.62172655767983,22.0
0.8,0.538996243102212,1.0918074665374835,0.5032116662548332,0.0009160942955209658,5.458993254856497e-05,0.005914062247126115,5.6670442278811025e-05,47.16258495100734,23.0
0.8,0.5791066914375718,1.1670765679194095,0.543322114590193,0.0009168522780722178,6.197240271178584e-05,0.005878419986600107,5.710367140033954e-05,94.58282381897662,23.0
0.8,0.09805407301588966,0.2643592010306757,0.06226949616851088,-3.634376326108151e-05,1.8968874191074237e-05,0.00010624702686154348,3.6043484375576344e-05,884.9270255819312,23.0
0.8,0.6234767737819579,1.250339068462438,0.5876921969345791,0.0009542784610095216,6.018385481513428e-05,0.005960963877372237,5.234460863428603e-05,221.0051728647143,22.0
0.8,0.6975564666986804,1.389353019886542,0.6617718898513016,0.0012355763341427943,6.465702201216443e-05,0.006437121982664792,6.06681996985822e-05,61.432181974982996,23.0
0.8,0.8071473097683024,1.5950052780854689,0.7713627329209236,0.0015162061286299038,8.688842082863244e-05,0.0071972409239310165,7.816020250763102e-05,32.73681870708312,23.0
0.8,1.059432608378423,2.068430246051096,1.0236480315310441,0.0008217059780667202,0.00038471364947480934,0.010097255861930741,0.0002832231145842941,186.54885984045424,90.0
0.8,1.2940177233540024,2.5086400052180595,1.2582331465066237,0.006199365533842193,0.00031223067952127495,0.010329238057389193,0.0001468136413720741,20.430553395746674,23.0
0.8,1.3787090184371806,2.6675671162412176,1.3429244415898018,0.007156172503383244,0.0003315661358244832,0.011092830542944236,0.00014393226421274106,13.56931736292992,23.0
0.8,1.4633495549886564,2.826398976544743,1.4275649781412776,0.008688403859415689,0.0003403465976560258,0.01182564247942215,0.0001317870744956096,19.653477111926044,22.0
0.8,1.5377417588725157,2.9659993691741837,1.501957182025137,0.01052397534356195,0.0003427218426067189,0.012017421299424296,0.0001102377463952306,17.577194982260217,23.0
0.8,1.6023006138823197,3.0871470303074116,1.566516037034941,0.010606564027349942,0.0004213802122820995,0.012793472919929733,0.0001388482923225223,48.50804827185773,23.0
0.8,1.6757563323204125,3.224990064919541,1.6399717554730338,0.01096838089829196,0.0010773466590754907,0.013601388233901534,0.0003777515743847342,17.660588203798735,22.0
0.8,1.7505385048759514,3.365322251699947,1.7147539280285726,0.01378930357610667,0.000986084485332256,0.013645357709949417,0.0003092138867449165,20.72946281076517,23.0
0.8,1.8162179288380709,3.4885727120183665,1.780433351990692,0.015377831555512337,0.0009385750596016699,0.01408535132891656,0.0002909892724065122,31.185117776903137,24.0
0.8,1.8908554113818856,3.628633381336032,1.8550708345345068,0.017148623134218503,0.0011082409589790378,0.014696217250165365,0.0003062847540836655,25.48357751226374,21.0
0.8,1.9969376834502621,3.8277016446568557,1.9611531066028833,0.016714477965857438,0.0011665653718158696,0.015928118009128158,0.00029418119916273814,28.217605590571754,23.0
0.8,2.114224815610023,4.047796343362727,2.0784402387626444,0.022341933720105737,0.001009056748047469,0.016024759550586985,0.0002119856742638599,31.680710376971042,23.0
0.8,2.2738009539451958,4.347248307451041,2.238016377097817,0.027653257770846918,0.0009855770449791008,0.01703970818300129,0.0001696967969346894,26.36408323154086,23.0
1.25,0.6377108087627527,0.8270498898695084,0.5817974074387233,0.0002669705353452305,2.5057437657059987e-05,0.0022272082822423715,2.8784347976580724e-05,81.68856222915286,20.0
1.25,0.8211084592400052,1.1712040172819949,0.7651950579159759,0.00014694497993628469,0.000131191473303093,0.0032264566011115012,0.00015568325583695654,72.0686424785663,61.0
1.25,0.2440241425751448,0.08827875118181774,0.18811074125111546,-6.889640323896616e-07,3.935034485703526e-06,3.2207128133782934e-05,7.006256451356156e-06,807.1490817276931,61.0
1.25,0.5023209396256626,0.5729845724997787,0.44640753830163327,0.00017234535742947712,1.3717307605207171e-05,0.0008462570876118744,1.6734921412372538e-05,53.95125885143141,20.0
1.25,0.5824346210779454,0.7233215809743343,0.5265212197539161,0.00029147691180542374,1.954957863856621e-05,0.0016555445694656588,2.1237432196934878e-05,14.085642707821687,20.0
1.25,1.0636861570987821,1.626412225888091,1.0077727557747527,0.00039770245256564457,0.0003131995569886899,0.004218414508919887,0.00029741066760039485,20.31353886072893,20.0
1.25,1.2231476147917684,1.925648986476034,1.167234213467739,0.0011819993122162795,8.324345950839838e-05,0.004742531980598656,6.144478862117404e-05,32.926326946520575,20.0
1.25,1.3676190683655831,2.1967563147941616,1.3117056670415537,0.001767305813705144,9.225481942493738e-05,0.0055483127214847475,5.096823904096347e-05,23.259079917574297,20.0
1.25,1.4959264807442323,2.4375310762636664,1.4400130794202028,0.0028397332556123777,0.0001234274901619838,0.006319926723201315,5.7342266060037196e-05,11.423634348764155,20.0
1.25,1.5973293293389772,2.6278181861827403,1.5414159280149478,0.003900210935638469,0.00015380237642311385,0.0068289186281962205,6.638643371585987e-05,25.500710700847257,20.0
1.25,1.6720914014109365,2.7681126534810874,1.616178000086907,0.004933953299849496,0.0001850683765041844,0.0072081810705446,7.577266912433113e-05,5.919816430923549,20.0
1.25,1.7461263104584899,2.9070425659146375,1.6902129091344604,0.004335693706360804,0.0003639606316682313,0.008181737749085212,0.00014643224014448958,22.308973110327166,21.0
1.25,1.8414054366360326,3.0858382290266007,1.7854920353120032,0.005039379931224461,0.0004071074549348595,0.00875588066038386,0.00015379614691077138,31.089569040254354,20.0
1.25,1.948269243526378,3.2863730783914504,1.8923558422023485,0.005655625814423431,0.0005003793095890035,0.009444352932657466,0.00016998573956492825,18.783784143994232,20.0
1.25,2.05534720330949,3.48730979551061,1.9994338019854605,0.00707361890586663,0.0005829308811420201,0.009981352841281734,0.00018526814291212196,27.19039444271359,20.0
1.25,2.172037137129907,3.7062838240615785,2.1161237358058775,0.009833649113907694,0.0005114926815203903,0.010227078934239155,0.00013545904649516107,28.53044655850652,20.0
1.25,2.2782852284297963,3.9056632547980206,2.222371827105767,0.010782241228801937,0.000580402024761836,0.010871747478427498,0.0001292654626120242,20.705028419057918,20.0
1.25,2.5234829107537378,4.365787984772284,2.4675695094297083,0.014662047589235606,0.00054049195325813,0.012057107082398575,9.874799787547163e-05,17.225421120649543,21.0
1.25,2.3846219297895064,4.105208966387779,2.328708528465477,0.011862723267781214,0.0005193661848188811,0.01146019830550454,9.737130138076454e-05,17.023870344533485,20.0
1.75,0.6470195907396691,0.34451824745316306,0.5687408288860281,2.616309613806342e-05,3.6429847503701664e-05,0.00017821193685750136,5.2283095584326763e-05,16.29103349029592,23.0
1.75,0.8820212018577708,0.7855095807903925,0.8037424400041298,0.00014507384088385792,8.926277212684869e-05,0.000928153899704203,0.00010928075791937435,26.236283892499628,23.0
1.75,0.9960649820998322,0.9995179804285118,0.917786220246191,0.00018974850820578887,4.076320646634281e-05,0.001248170441437082,4.496520085967641e-05,37.98280528332,22.0
1.75,1.0799171127914124,1.156870360869274,1.0016383509377713,0.00029655865381967444,2.9087735273249005e-05,0.0014141713182429648,2.684730971214928e-05,14.905657299593347,23.0
1.75,1.1488112750768507,1.2861534255293638,1.0705325132232095,0.00031084379043664365,3.5556350608766835e-05,0.0016139140489992128,3.1916927180870564e-05,19.968629001900872,23.0
1.75,1.2241100940055962,1.4274551229948256,1.145831332151955,0.0002524231516124513,6.42842201108429e-05,0.0019106831712901327,5.7272829688367756e-05,24.872312235173517,22.0
1.75,1.3839447892393497,1.7273922809969449,1.3056660273857086,0.000711082010843751,4.18015555174947e-05,0.0022080848516283468,2.7687644330658565e-05,10.544291660509321,22.0
1.75,1.4477305519945223,1.847089198952113,1.3694517901408811,0.0008042385926091168,4.4841018168188165e-05,0.0025001526075885913,2.6247250952108738e-05,26.35926728811387,23.0
1.75,1.5111549923268415,1.966108078759965,1.4328762304732003,0.0009873418965058774,4.6584417433350425e-05,0.0027156045647827036,2.60456748732496e-05,24.281322875236096,23.0
1.75,1.5752393361150847,2.0863652977584177,1.4969605742614436,0.0012149037153795657,5.8732479662628545e-05,0.0029661484389913334,3.4531687885170997e-05,11.483560136026304,23.0
1.75,1.6481849815676772,2.2232511569498987,1.569906219714036,0.0015049776389607814,6.44711636299672e-05,0.0032820636202887396,3.2453963334261986e-05,12.201987577428694,22.0
1.75,1.7223316334070569,2.362390759872479,1.6440528715534157,0.0017721186013812053,0.0001246971804606333,0.0036435793161055923,6.495559815505143e-05,14.1989743990808,22.0
1.75,1.7884428401011134,2.486451480349384,1.7101640782474723,0.001851413918853491,0.0002207376194135527,0.004069160919754573,0.00011388753272511034,19.792113322223575,23.0
1.75,1.8600402705874075,2.6208073521387174,1.7817615087337664,0.0018113855771324525,0.00024097679533496635,0.0046024074756760005,0.00011793367443667243,11.566725089959817,23.0
1.75,1.9344629055798148,2.760464850143179,1.8561841437261737,0.00199272092526332,0.00023561574393292993,0.0049926979779945,9.835734441011972e-05,6.570314965758665,22.0
1.75,2.0128947961516195,2.907645900668137,1.9346160342979783,0.002429372621593312,0.00020264569272261215,0.005351985399934282,8.059328551358606e-05,13.858514034461194,23.0
1.75,2.097582533376453,3.066566335206449,2.0193037715228117,0.002914668691972363,0.0002497381640261218,0.0057702705204238855,8.492626214642076e-05,19.189876263085296,22.0
1.75,2.182395976084099,3.2257226618657118,2.104117214230458,0.0028910144341734137,0.00022610763547820448,0.006255828018966164,7.93680804734191e-05,24.668773872252427,23.0
1.75,1.3093151651444472,1.587346358420152,1.231036403290806,0.0005541402077947126,4.24851877115574e-05,0.0019734936414622438,3.251997001388575e-05,20.670293092536422,23.0
1.75,2.2677435727803714,3.3858813530557157,2.1894648109267303,0.0038784261450441147,0.0002964730200445514,0.006494301308967298,8.733858814171649e-05,23.29546914349083,23.0
1.75,2.3581527235486193,3.5555382832932683,2.279873961694978,0.004210556844837702,0.000330804200395827,0.006952207742415715,7.92347844881674e-05,17.059745061346373,22.0
1.75,2.463535525372211,3.7532939585241216,2.3852567635185697,0.0067177817737348235,0.00031712203797669306,0.007151893213300622,6.531792023447143e-05,22.313762139851566,23.0
1.75,2.571884558322961,3.956615902911719,2.49360579646932,0.007302804879329594,0.0003913931267061524,0.007613231130389576,7.577771651928315e-05,27.49260720095811,22.0
1.75,2.6694606309965208,4.1397218917829965,2.5911818691428796,0.006681360694587869,0.00040296967352751624,0.008222345735950432,6.95065962823005e-05,22.005957205119927,23.0
1.75,2.8223548070130007,4.4266348462100185,2.7440760451593595,0.010954125662670618,0.0005236488611127639,0.008443231801869322,0.00010678973975511792,43.062224756878074,23.0
2.25,0.47695823044345714,-0.47460971796525225,0.3763141080602043,5.2827568541581834e-06,1.2789868045544488e-07,-8.411303622210835e-06,2.1076354540019505e-07,28124.38722658368,61.0
2.25,0.8681983850631622,0.2595704292257368,0.7675542626799093,4.55160695417875e-05,3.278065639644812e-05,5.0660560874739176e-05,4.4538974658924396e-05,14.332230203157087,20.0
2.25,0.9578713057255573,0.427845789803072,0.8572271833423045,0.0001342126315312704,3.9013605328090544e-05,6.441046594298174e-05,4.979391597185701e-05,18.53280059483718,20.0
2.25,1.051405983672282,0.603367915565286,0.9507618612890292,0.0002476108111485445,5.054209553101628e-05,0.00011626786541328383,6.063955201200476e-05,14.401830037993154,20.0
2.25,1.1362450932942922,0.7625724073700311,1.0356009709110394,0.00010951625191617279,1.1994763992905034e-05,0.0004643160367439776,1.1725410088135098e-05,14.61190145896296,20.0
2.25,1.2020686260749678,0.8860932945154767,1.101424503691715,0.00012284895979815542,9.122375387554825e-06,0.0005730389063133641,8.250820265525588e-06,27.625276257307895,20.0
2.25,1.2739406876788135,1.0209645242299266,1.1732965652955607,0.0001498737064225209,1.0400968618506114e-05,0.0006805351701419884,8.907564977240193e-06,26.28343903292951,20.0
2.25,1.3588430339767348,1.1802876825659059,1.258198911593482,0.0001876001952816661,1.1594439346064637e-05,0.0008036863309044046,9.549007947244482e-06,23.266026666908754,21.0
2.25,1.4555066188508476,1.3616813461070831,1.3548624964675948,0.00025155567573369213,1.3675571448171072e-05,0.0009545280354692123,1.0270323917488948e-05,11.227996000712569,20.0
2.25,1.5536371021427513,1.5458277120065715,1.4529929797594985,0.00030907346183278153,2.1036557049756498e-05,0.001156540678927177,1.3409983971350262e-05,25.88321104363265,20.0
2.25,1.6502357918857218,1.727099596848984,1.549591669502469,8.34232279194389e-05,4.908434894287984e-05,0.0016093878440677342,3.564041634149964e-05,9.692584007130877,20.0
2.25,1.7432218293796393,1.9015921735640449,1.6425777069963865,0.00017672681162261473,5.2902012013634177e-05,0.0018540596856219504,3.227499173043618e-05,19.58492018748212,21.0
2.25,1.8183584098112613,2.0425894230266834,1.7177142874280085,0.0001714948041236717,6.78065337801319e-05,0.0021661877564380944,3.931800173087448e-05,14.78342384372766,19.0
2.25,2.0435668911482234,2.465203497845634,1.9429227687649706,0.0007146373662128673,9.637633137686966e-05,0.0028566875255716623,4.95166357699997e-05,32.679585681481655,20.0
2.25,2.117394658431391,2.603744699229794,2.0167505360481384,0.0008011151944736204,0.00010423010600036241,0.003164929962663509,4.921725065869952e-05,28.911728491009352,20.0
2.25,2.2673461588576633,2.8851355875487137,2.1667020364744105,0.0016307241069071798,0.00011729993255410321,0.003560699002128448,4.754411383466469e-05,11.178155785555365,20.0
2.25,2.4295111016356117,3.1894455622589004,2.328866979252359,0.002100340531737288,0.00011361673724966541,0.004185167708155449,3.710740736145382e-05,15.582870913059443,20.0
2.25,1.893076789107059,2.182801898820695,1.7924326667238062,0.0005038103157987114,7.64913912843978e-05,0.0023005072929567043,4.1185690820823085e-05,12.167521270623753,20.0
2.25,1.9685969760433966,2.3245190035353316,1.8679528536601437,0.0004680026864421522,0.00013959885506565728,0.0026490015146711714,6.376403814080136e-05,8.439738333941722,20.0
2.25,2.1860813604416607,2.732638455140356,2.085437238058408,0.00122979117178066,0.00010950997490253939,0.003310472158963735,5.094949738884344e-05,24.085638062850798,21.0
2.25,2.3478217349246915,3.036151707914991,2.2471776125414387,0.0019143350273290811,0.00010068759413148005,0.0038322012423756715,3.659854203635917e-05,15.584045271537002,20.0
2.25,2.5340197530165076,3.3855608539731152,2.433375630633255,0.0025892269935996314,0.00013251955252302884,0.004517731543059185,3.184125984009762e-05,17.718010375379663,20.0
2.25,2.636964061675987,3.578740584610827,2.536319939292734,0.0028575959305971632,0.00016842568865890325,0.005010181754825711,3.7538224339212e-05,45.152653822716864,20.0
2.25,2.718667040154445,3.7320599820626628,2.6180229177711922,0.002783007542432405,0.0002171402056935684,0.005414088250828418,4.9630990401233014e-05,46.00390495511531,20.0
2.25,2.7943977872672376,3.874172212634186,2.693753664883985,0.002641955405999966,0.00020521174029727556,0.005820141867824784,5.1206331719206524e-05,34.5078113754231,21.0
2.25,2.896104072609256,4.065028735567609,2.7954599502260034,0.003104530882629001,0.00032677300089561316,0.006219476516689536,7.989469289998411e-05,23.489778397781066,19.0
2.25,3.096349936099649,4.440799309717052,2.995705813716396,0.005398954673894476,0.0004094307197188611,0.0066475049860391985,8.647651269619982e-05,14.306375113876959,20.0
2.25,3.352207913567309,4.92092857390208,3.251563791184056,0.007529865004490035,0.0006902269886630281,0.007580248730229186,0.0001163682117154729,24.959674529418503,21.0
2.75,1.627463697405493,1.1843667140404883,1.5044542144926285,8.185691109137544e-05,2.3913127539515024e-05,0.0005554387120491733,1.8109556016243568e-05,18.85292274222802,19.0
2.75,1.683456814494477,1.2894403739413527,1.5604473315816125,6.810690259231172e-05,2.4145056747064465e-05,0.0006398409299522992,1.7513025894050504e-05,45.90046092797172,19.0
2.75,1.0744024061846291,0.14652176024514088,0.9513929232717646,4.127026255873108e-05,5.442209857057808e-06,1.5252415880860843e-06,7.127616986680217e-06,4345.0068973337575,19.0
2.75,1.228776497853379,0.43621184446976724,1.1057670149405145,2.4843813762459506e-05,3.2045102423777658e-06,0.00013334757005070553,3.5832410075135176e-06,27.483027188630622,19.0
2.75,1.3176825164125963,0.6030480779729919,1.1946730334997318,4.189081172380944e-05,4.042424113181094e-06,0.00020894661054691403,4.0021307456781365e-06,37.3310435737118,19.0
2.75,1.3862874430969991,0.7317883787229014,1.2632779601841346,5.924196129443259e-05,5.225286896735851e-06,0.00027304188507449917,4.984044547344327e-06,18.679671685024005,19.0
2.75,1.4447946995837724,0.8415799368541297,1.3217852166709079,4.7170072372789806e-05,1.5022372377836766e-05,0.00034996959124689394,1.423388893593249e-05,21.241381835433938,19.0
2.75,1.5078333987302044,0.9598749555825699,1.3848239158173399,7.147328773631135e-05,1.962543064577366e-05,0.0004039427232613319,1.6881522390745126e-05,14.536857685181145,19.0
2.75,1.5701872374890236,1.0768848022900772,1.447177754576159,7.954757975882339e-05,2.0922198118449557e-05,0.00047516422189691494,1.738373970156172e-05,23.75768563428754,19.0
2.75,1.7339609669835652,1.384213739278141,1.6109514840707007,0.00011888101482038017,2.879477324521545e-05,0.0006844152255081369,2.0978030523148704e-05,25.67056010441136,20.0
2.75,1.7882109282045138,1.4860162870074678,1.6652014452916493,0.00012326840691189754,3.241613737014669e-05,0.0007726365894125752,2.2366615605113637e-05,44.15283573396873,18.0
2.75,1.8522421678305079,1.606173853602668,1.7292326849176434,0.00022845801154214806,3.74302773978192e-05,0.0008272027424317977,2.527093930381651e-05,25.79726878131492,19.0
2.75,1.9628468524809313,1.8137286321646817,1.8398373695680668,0.0003707610763830813,4.1975100305926126e-05,0.0009933108562891703,2.6717278503029068e-05,7.4553710499557955,19.0
2.75,2.110795062327095,2.091360253558661,1.9877855794142305,0.0003183089761048048,3.131177015266889e-05,0.0014253277416442234,1.7232410922393423e-05,25.44418676588934,19.0
2.75,2.24758277684783,2.348048692091688,2.1245732939349655,0.0004856455858985338,3.507375486215529e-05,0.0017546828803711354,1.6899687469531692e-05,8.178448700432046,19.0
2.75,2.5295508859410627,2.8771748193381574,2.406541403028198,0.0010708276860852285,6.0006200437636196e-05,0.002510358165435827,2.127505730838638e-05,24.76187221419157,19.0
2.75,2.63433458980065,3.073806259681051,2.5113251068877855,0.0012955452413652357,6.445895700769553e-05,0.0027933886431385562,2.0624645057264217e-05,8.074923120876589,19.0
2.75,2.7522042996776346,3.294994192271867,2.62919481676477,0.001307311400033369,8.579440578225587e-05,0.0032529829972202627,2.7070404249968454e-05,16.506393114795177,19.0
2.75,2.3525581713029484,2.545039848654863,2.229548688390084,0.0008069756065903981,8.316632314631088e-05,0.002005036841919516,2.13860869962213e-05,21.1394868432897,19.0
2.75,2.4342057213158284,2.6982552320413324,2.311196238402964,0.0008592176826067403,5.31738679937412e-05,0.002232060653182935,1.9123928042916444e-05,18.420269170471915,19.0
2.75,2.8709101971208058,3.51775126929526,2.7479007142079412,0.0016763425798581374,0.00017585708925317014,0.003576097981658301,5.529038925505941e-05,36.98662691024214,19.0
2.75,2.9573968572830416,3.680047465476063,2.834387374370177,0.0021365051096156194,0.0002381882062918926,0.0037718201218823032,5.778444129633636e-05,18.51182817903348,19.0
2.75,3.024094564001059,3.8052087802269323,2.9010850810881945,0.0020187402851459184,0.0002485873713584353,0.004097493340954797,6.160632607443124e-05,16.158120010790608,19.0
2.75,3.121985564436486,3.98890574553003,2.9989760815236215,0.002896037834064489,0.00023717439159364379,0.004255214418631061,5.2559241618438035e-05,24.137179832412766,19.0
2.75,3.227125439979774,4.1862055584212845,3.1041159570669095,0.003315121748961519,0.0003068141726485203,0.004581361607828229,5.59773631406339e-05,12.801352018525893,20.0
2.75,3.3011654713131584,4.325145083059823,3.178155988400294,0.003690882143650949,0.0003475899736935858,0.0047947958917313694,5.963450837565547e-05,11.195087344611071,18.0
2.75,3.407504873552151,4.524695862973794,3.2844953906392864,0.003694430430316828,0.00037047701963357577,0.005265020265094451,6.676628061230437e-05,21.523940742979484,19.0
2.75,0.6498461659860836,-0.6501775540744787,0.5268366830732191,4.8755014616198825e-05,7.922912450144855e-07,-7.893868996175668e-05,1.2900746048864796e-06,177.4436497516433,57.0
3.25,1.7619626014746153,0.9367600944757839,1.616587758032139,5.779274021694817e-05,6.974545853911934e-06,0.000252519406100191,5.7419296319830635e-06,28.846332904362846,17.0
3.25,0.9536461036713754,-0.580082996210895,0.8082712602288991,1.242227415920491e-06,7.214285870957808e-08,-1.0865587938407236e-06,9.326678259835686e-08,12304.78439271681,54.0
3.25,1.4706539909038614,0.3901060865436774,1.3252791474613852,1.0819483014775706e-05,1.0510158362950528e-05,9.354476923740837e-05,1.1001474892446356e-05,15.276152091202277,16.0
3.25,1.5869744433510837,0.6083867663017031,1.4415995999086075,2.1420180907773708e-05,9.31865020857157e-06,0.00015466354107447,9.004763485806424e-06,31.147898670618375,18.0
3.25,2.165964377928448,1.694888012073117,2.0205895344859717,7.230090791587853e-05,2.12943230742363e-05,0.0007035030775568876,1.2984933350172789e-05,33.86800033999391,17.0
3.25,2.2599603057104334,1.8712756943686908,2.114585462267957,0.00026655881266274224,1.916975168612522e-05,0.0007433488387040226,1.034225925655488e-05,22.464371483540006,19.0
3.25,2.3235638645551533,1.9906306983045143,2.178189021112677,0.00027019321340875855,2.782587288823219e-05,0.0008606137443050367,1.2119108341639161e-05,14.086901306621492,16.0
3.25,2.3819407635769583,2.1001776346562866,2.236565920134482,0.00032330985349949827,2.9902546527081498e-05,0.0009686264306654093,1.1837100520228726e-05,11.741219654161421,18.0
3.25,2.4900013994460455,2.3029583886538783,2.3446265560035693,0.00043452680414457576,3.688997011469433e-05,0.0011540871603123552,1.5156004488249884e-05,24.076039232604582,18.0
3.25,2.545168298168638,2.406481611784165,2.399793454726162,0.000417761060298489,3.782141072705414e-05,0.0012861750115437756,1.3177261186725725e-05,11.781155668517773,17.0
3.25,2.636532725233434,2.5779311619348997,2.491157881790958,0.0005528704311269546,4.421797777710052e-05,0.0014585042612476613,1.6146066312192304e-05,10.435763681911324,18.0
3.25,2.7427239641825896,2.7772039066199823,2.5973491207401134,0.0004913346329423651,6.547947029975423e-05,0.0017719317470385276,2.4083611029682814e-05,13.216620969062758,18.0
3.25,3.074463222995787,3.399727885788852,2.9290883795533107,0.0008829446805228531,0.00016697923507598856,0.002578673895246469,4.363675677623666e-05,13.688671109738786,18.0
3.25,3.211243261455192,3.656401919839695,3.0658684180127156,0.0015593306000648327,0.00013044005848686038,0.002806529665652633,3.153161324502846e-05,15.407844067735272,17.0
3.25,3.306937475496903,3.835976514422812,3.161562632054427,0.0018565215643169106,0.0001984290683528459,0.0030501129188545734,3.7061583615139034e-05,20.448365579369234,18.0
3.25,3.404638346886927,4.019316693826276,3.259263503444451,0.001946423447528306,0.00022888436898442898,0.0033309068158760714,4.1409175036732046e-05,21.552853628061417,17.0
3.25,2.436970158793454,2.2034428261322208,2.291595315350978,0.0003937218413788606,4.4228611040008384e-05,0.0010630051909309535,1.2265801990980072e-05,11.815092241847656,17.0
3.25,1.9960431391383862,1.376022991106582,1.85066829569591,9.86187696303575e-05,1.1990567365925296e-05,0.00045139482504142736,8.714201517880103e-06,16.993125431504847,18.0
3.25,2.8292188760237345,2.9395155874558347,2.6838440325812583,0.0007309384955907073,9.881049562123147e-05,0.0019300965526487615,3.338315765236248e-05,12.437703559855255,17.0
3.25,2.915072680586686,3.1006242009932237,2.76969783714421,0.0008992615071023466,0.00015363641259404125,0.0021307245581811867,4.336370412235789e-05,14.007054269408277,17.0
3.25,3.0005845248156517,3.2610911102337123,2.8552096813731755,0.0009746510860275195,0.00012433577438297796,0.0023415446307889784,3.832978018660528e-05,21.971500075517294,18.0
3.25,3.1374752681696725,3.5179728871117266,2.9921004247271963,0.001252793361801061,0.00012017724401915869,0.002652845794274476,3.0496963218270844e-05,13.339689950822743,17.0
3.25,3.5873789191569427,4.362237783757285,3.4420040757144665,0.002820733506812501,0.0004332450348159004,0.003748048337040013,7.745351130079564e-05,12.642572831998395,18.0
3.75,1.3436723962935435,-0.348180716895936,1.1759321923214554,1.6534968828742266e-06,6.225466744442255e-08,1.3309244491735694e-06,6.69931849238541e-08,8753.856477458885,75.0
3.75,2.0628594812329633,1.0014069305987927,1.8951192772608751,4.9588195258030685e-05,7.995565514628814e-06,0.00019419074755457912,5.364092284300276e-06,14.905886277298295,18.0
3.75,2.2511567594801347,1.3547554349044089,2.083416555508047,8.384631017704007e-05,1.0248941533168504e-05,0.0003073087402313152,5.99424415217933e-06,16.26452385574356,19.0
3.75,2.3173177594750567,1.47890959480088,2.149577555502969,0.00012135731236103448,1.3491470470648095e-05,0.0003446198990625343,6.883817789375626e-06,18.478511200932136,19.0
3.75,2.386578739768797,1.6088810103271776,2.218838535796709,0.00016084383409643358,1.2888353355324612e-05,0.0004013790058004307,6.60271319404622e-06,20.800888491808088,18.0
3.75,2.4607592198370134,1.748084093477269,2.2930190158649255,0.00015778246671242983,1.4223627099958501e-05,0.0004868017204508762,6.942690182151089e-06,10.014921217479381,18.0
3.75,2.745224106000723,2.281895537748234,2.5774839020286353,0.00030917084848158734,4.147563404228564e-05,0.0008453777040517954,1.7695695743088347e-05,25.004099543873494,19.0
3.75,2.8186955325810206,2.4197680494117835,2.6509553286089327,0.00037680308794301023,6.971718543715574e-05,0.0009569513309138714,2.3118495266055792e-05,7.40089822406398,19.0
3.75,2.902569157132211,2.577160764068822,2.734828953160123,0.0003507306633795508,5.053470934636394e-05,0.0011228518638681493,1.8475715492758748e-05,21.17073564570568,18.0
3.75,2.966435526748002,2.6970089445058556,2.798695322775914,0.0005275410848877318,8.311811439066836e-05,0.0011959811972899127,2.3903990410244578e-05,26.312332943441987,19.0
3.75,3.030612894805937,2.8174407278255016,2.862872690833849,0.0004180913922617372,7.291419667000054e-05,0.001343168241801432,1.9868101725140095e-05,8.106538272726462,18.0
3.75,3.1176712664630224,2.9808097669251197,2.9499310624909345,0.0005060752302418578,8.0060783594299e-05,0.0014991079989603317,1.9866500161873434e-05,19.704343874101202,19.0
3.75,2.179046822719685,1.2194378215163337,2.011306618747597,7.881314110686699e-05,1.130766220524924e-05,0.00025414488627224546,7.004309060106421e-06,19.481289402944455,19.0
3.75,3.221173893909564,3.1750372084494174,3.053433689937476,0.0005321091191918576,0.00011006336051359972,0.0016922742817195317,2.4149944011410477e-05,16.6349655791524,18.0
3.75,3.6660887050414095,4.0099403176196375,3.4983485010693216,0.0015128300141801357,0.0002040837895225913,0.002564823192828328,4.156776608864102e-05,28.491031481283475,16.0
3.75,2.5539990774075663,1.923052975241859,2.3862588734354784,0.00019469667362996285,1.833385136395983e-05,0.0005918537341664867,8.889999925481893e-06,26.86708374480115,20.0
3.75,2.6367430692372626,2.0783258821339086,2.4690028652651748,0.0002346867863768061,2.2544066034864605e-05,0.0007000669392356668,9.900349805612221e-06,15.114515723752007,19.0
3.75,2.6899755318781433,2.178219046972802,2.5222353279060554,0.0002494994357054624,6.015013855876683e-05,0.0007824715133064567,2.4150531417033433e-05,18.13886391553174,17.0
3.75,3.3234174423892093,3.366901930374702,3.1556772384171214,0.0010213965619887768,0.000140370433191806,0.0018347956130449847,2.504712998971014e-05,24.368066454890844,20.0
3.75,3.419421898144029,3.5470587078035853,3.2516816941719413,0.0016136507836842116,0.00013277343568297178,0.0018983073011799054,2.3636158155672727e-05,11.11092931843191,17.0
3.75,3.5047544120259944,3.707189095398731,3.3370142080539065,0.0016356471254426147,0.00011142948175823674,0.0020882757021845675,2.345911254121812e-05,14.612463328107301,22.0
