qvcenter,nu,W2,Ex,RL,RLerr,RT,RTerr,Chi2,num_points
0.1,0.01269605640548832,0.8943421462407448,0.0122559593330362,0.0219047580932483,0.009871550615421141,0.00034950564791876265,0.00020866002803049128,1.8517955670659596,5.0
0.1,0.017601008924954087,0.9036951209382632,0.017167559091136625,0.02199399370512952,0.008734309300174218,0.0009813758598242886,0.0009669703847501771,90.69820284281718,5.0
0.1,0.02249496951609231,0.913075091248075,0.02207029710839537,0.01983689871735658,0.004665137675088064,0.009853794047198706,0.00044356102809076103,9.334165603851464,5.0
0.1,0.02736539999535026,0.9224575195455801,0.02695159006141271,0.029470324193460115,0.006721046370305239,0.010777739984294073,0.0006773772236126574,0.31479801178958083,5.0
0.1,0.017256329760801492,0.9030363000331265,0.016822342505336298,0.008782944668323689,0.002553857170130156,0.002228278403429922,0.00027969649152710397,20.131383409592406,5.0
0.1,0.022319453141953716,0.9127378610332766,0.021894428897390884,0.03169092539888788,0.00485517770757403,0.006744998692695035,0.0005456162472749339,7.265399144548695,5.0
0.1,0.027148224137221177,0.9220381400146106,0.026733884634348393,0.03206599584238402,0.004553725499162354,0.01068646954139294,0.00051829466499793,0.7282573774656245,5.0
0.1,0.032908993172767964,0.9331944638630304,0.0325101294150129,0.01898627982579556,0.003102965900009155,0.004540286065948811,0.0006232662533168388,29.769661653723137,5.0
0.1,0.038199785889903026,0.9434991015835884,0.03781775080500489,0.017024621542923345,0.002641916707519303,0.002492078978160612,0.0005076547093294095,3.5754233552860146,5.0
0.1,0.04145478824589155,0.9498665390611866,0.04108435075566596,0.013352345482260273,0.0024269548014202143,0.0007912873993326339,0.0005192565782230156,0.28206955767281594,5.0
0.1,0.04688039740089245,0.9605272164105207,0.0465313981013963,0.008266801460619975,0.0019443731400206248,0.0004612374934593584,0.0002975675223301041,0.5013251596618163,5.0
0.148,0.056593806501176847,0.96785596267785,0.055757290976677504,0.01807866078940169,0.0010930350456666179,0.004543510426043638,0.00021968057444611238,141.09291868407075,21.0
0.167,0.046937766945264525,0.9427512553048762,0.04578882053113892,0.033065667863809795,0.0008423786036708391,0.008941676849974952,0.00040201076177620365,33.76435732926713,17.0
0.167,0.10121285863371876,1.0526418502994797,0.10042358697299274,0.015631106999017857,0.0007403819553402821,0.00029071597085567725,0.0006363327679467644,62.12010001406768,18.0
0.205,0.05255059953634866,0.9397064053981666,0.050794317800422276,0.027155721775044626,0.0008745004468331842,0.014738101851406317,0.0005380875078397938,3.0440088363404803,15.0
0.205,0.0695221459517249,0.9736260562038588,0.06785853568055532,0.01917642668159506,0.0008769649489008934,0.008407767596775827,0.0005496646676979915,5.7021968355846715,15.0
0.205,0.08432312039664869,1.0036778254502772,0.08276136465471935,0.01243728788737384,0.0007367672785183942,0.005694924863346694,0.00021866813923166985,5.348973039323721,15.0
0.205,0.09910010017540849,1.034117948967538,0.09765958442369871,0.008860819349209443,0.0007261272156987455,0.0035499381197273638,0.00023870529264177903,22.018267302057296,15.0
0.24,0.051004784663615466,0.9210705352289509,0.048544661567291515,0.029983208853012443,0.0005150635581241209,0.01788282308638751,0.0003583983962130616,95.2324270796072,21.0
0.24,0.0626958353040542,0.9443386092499548,0.06029517184746416,0.02723762714294424,0.0004206968433390548,0.014660787038579221,0.00031273935300111524,88.80895907568788,22.0
0.24,0.07853651315511201,0.9763015860427361,0.07623592198936514,0.020451208179174552,0.00033138912595154674,0.01012062643724118,0.0002743355084490612,30.90748605882949,21.0
0.24,0.09963549140196537,1.0196540365243036,0.09750305407627702,0.010764456453760054,0.00042143022597928025,0.008564366023513759,0.0005095908700162129,9.637933756381699,21.0
0.24,0.11911522797869367,1.060469864667922,0.11717339748739004,0.007299858842203568,0.00025382428581686495,0.00506859373249689,0.00027125090597884013,12.044734296066187,21.0
0.24,0.13325915836412838,1.0905811664084872,0.13147699712275765,0.005638991377886411,0.00037657377669114396,0.004037272061849546,0.000404228543034492,6.83213477896575,21.0
0.24,0.14981290736224973,1.1263309418003304,0.1482403499822323,0.0044375768783059865,0.0005924537692011214,0.0027736620206226152,0.0006670505794140888,5.530344963288286,22.0
0.3,0.0483955722183389,0.8835148714033756,0.04447457254980877,0.024954627286030193,0.0003818773484715881,0.016218873502761782,0.0004031616272745215,142.39523693552812,22.0
0.3,0.05372292251421373,0.894055910284826,0.049826257296977566,0.02498019058799698,0.00045642623642372826,0.018076591012988745,0.00047274636596703073,224.0974071029787,24.0
0.3,0.05943753712650812,0.9054263158932654,0.05556979785381466,0.02467009375235437,0.0004745415590357833,0.019363663639655828,0.0005216049580392997,153.43598176017832,22.0
0.3,0.06524074728719975,0.9170398409943976,0.06140537222487162,0.02440974828519488,0.000518006785058347,0.020709144241970553,0.0006182247351203172,138.75969809530358,22.0
0.3,0.07104860307267813,0.9287300984292006,0.0672486345630422,0.02258148613118834,0.0006289793423684459,0.02147263102332502,0.0006310370653899523,85.44245426385243,23.0
0.3,0.07637467272031817,0.9395098997567579,0.07260982617501202,0.025065604905486285,0.00043775259141628196,0.01902779237387072,0.0005167036998156159,93.07925404110415,23.0
0.3,0.08163531326537099,0.9502129674678141,0.0779076484045701,0.021698580465736715,0.0005448658672615942,0.01921789230552814,0.0005554136591237089,75.2338229132908,22.0
0.3,0.0867239934852585,0.9606188366538191,0.08303465062634059,0.023259300499336253,0.00040195793127370305,0.01675060559203978,0.00045288122907273266,49.17544099263945,24.0
0.3,0.09190931444773465,0.9712756010008914,0.08826140436016319,0.021144714331625764,0.0005109967464039421,0.01549840368687683,0.0005470274114435991,48.547744537848466,22.0
0.3,0.09722293927416514,0.9822518402532854,0.09361998256997424,0.019517340099845043,0.00044193526071353514,0.014180098596665344,0.00044985944962742735,84.62705914265787,22.0
0.3,0.10215643485899772,0.9924934089210133,0.09859747695879646,0.018019724904950744,0.0004312397336206454,0.012949236105530858,0.00043397545524971663,85.7369775854487,23.0
0.3,0.10832508692325982,1.0053675555514272,0.10482420682203114,0.014974280339502476,0.00042583168595622037,0.012116214335057357,0.0004066456220392955,104.8527968583514,23.0
0.3,0.11645662034276827,1.0224545720284002,0.11303749994652831,0.012300799913798585,0.0003299523446092197,0.011594501778206633,0.00038260382628926105,59.214003215949305,22.0
0.3,0.12685865351978298,1.0445054393297868,0.1235527453954697,0.01064472714503484,0.00032011840597293896,0.008240467641668825,0.0004074885680981648,49.344899404889574,23.0
0.3,0.1405877588117842,1.0739405369039388,0.13744609294703738,0.008788650311537534,0.0003811631710829581,0.006246112536361632,0.0004972494781442449,26.196301124183226,23.0
0.3,0.15606067023246173,1.1075661818044504,0.15312431904232957,0.006646848599586703,0.00037231192536502246,0.00542122286019526,0.0004512564034186166,17.584610812130826,22.0
0.3,0.1726249364213458,1.1440942251452042,0.16993211877393452,0.004940211902118763,0.00038866246070195983,0.005625122623912757,0.00045588708353839276,16.872320684398133,23.0
0.3,0.19502429818752354,1.1943627660791405,0.19269984286830436,0.0022169151336123207,0.0005598297886228337,0.008356068777805375,0.000594111220237815,30.859625181365068,23.0
0.3,0.23822642380352355,1.294150894210023,0.2367392091407134,-0.003402430895601641,0.0017692116258227033,0.018822757276809696,0.0011945736779049186,24.801197942583773,23.0
0.38,0.010044924672346411,0.7549068862548661,0.0035903219040367643,-0.0002758298633970003,7.519466503800964e-06,0.000521988206944836,1.4229934223322033e-05,180.46135468845506,6.0
0.38,0.015224888554410398,0.7647582234777188,0.008776140890763316,0.008540735041079781,0.0005284237982988405,-0.0003676963710332153,8.35640523844594e-05,150.24327626172962,6.0
0.38,0.03485642440250736,0.8025808766379553,0.02845165478012987,0.012023973430014922,0.00029557163633831267,0.0062526793631863965,0.0002494946494221128,63.49413579018814,6.0
0.38,0.006634866439416243,0.7484508760590898,0.00017771942978410697,-0.0015940790452420184,5.374797582946861e-05,0.0030179518211551244,0.00010175650422238572,802.4935752089281,6.0
0.38,0.012260332974664223,0.759113617095924,0.005807940586251777,0.010064738452403884,0.00045378863176551853,0.003624783288640564,0.00017528764759750667,4.0321223797304455,6.0
0.38,0.017437237335910183,0.7689820577486618,0.010991721914811091,0.0027788349627203097,0.0006900771057388467,0.003316828479736638,0.0001687983886733979,2.4888394296502847,5.0
0.38,0.022091600828760605,0.7779001665249847,0.01565431503645278,0.014796045849303375,0.0007194574040218993,-0.00015834531022277312,0.00013525818558230812,2.055422381398463,5.0
0.38,0.027064838574759165,0.7874771425841878,0.020638487952423068,0.0026298413451850623,0.0013584031064795862,0.014612840901397887,0.0005587091389535467,1.1794036774755716,5.0
0.38,0.03236019908863064,0.7977288071730293,0.02594792419531562,0.009430065647390849,0.0005415770776916747,0.00633587703693602,0.000323573419356242,7.261951648791775,4.0
0.38,0.014247715253628002,0.7628957129872831,0.007797679352301778,0.011300533624272855,0.00031438248459414,-0.0007475436001662249,5.9048780117570025e-05,22.322483060612765,5.0
0.38,0.019031402861402924,0.7720317197378272,0.012588487952423066,0.012314468187268696,0.00028455272967924534,0.00026344002316421825,8.158363849286811e-05,15.925157403209631,5.0
0.38,0.023825289851501452,0.7812331193351837,0.01739156487549999,0.008181298349614903,0.0003345054346325851,0.006602872916459014,0.00024437365092836436,2.3234404304789162,6.0
0.38,0.02904254531352457,0.7912993642052015,0.022621158188737882,0.009943351054110558,0.0003759197507647936,0.004358001799094016,0.00026435332530360637,0.496220701734707,3.0
0.38,0.01289017177205487,0.7603113793354757,0.006438487952423066,0.014620906462578898,0.0004562274222631631,0.0020775552445553803,0.00015318609512106836,1.8322041131799518,5.0
0.38,0.018159932751180108,0.7703639548510235,0.011715568068657246,0.013759385236126272,0.0003955298556367992,0.001490378190426966,0.00012885622690296351,3.6273133771754362,5.0
0.38,0.022807413055394576,0.7792755603587279,0.01637156487549999,0.01042701620531008,0.0003239488893328709,0.002086096843234341,0.00010678542607698649,9.978535560877196,7.0
0.38,0.027813002038914902,0.7889221633355343,0.02138848795242307,0.008733051022634792,0.0005096031867816349,0.010205585176531754,0.0003662106247610525,5.946637850592721,5.0
0.38,0.033432520894823625,0.7998116193374805,0.027023401797193806,0.012127351397119799,0.00042594510530314343,0.0053211391563955535,0.00023195836600044872,2.4564463396893594,5.0
0.38,0.030613345653629054,0.7943407507940436,0.02419615013260918,0.013828459389738774,0.0003514013509967793,0.004321971728111553,0.0002049162386139864,12.982550310628993,6.0
0.38,0.0137615200180079,0.7619697273059187,0.007310874975656433,0.015163519249663054,0.0005217713456843028,-0.0007828905999751159,9.518556047155608e-05,8.123633784852025,5.0
0.38,0.022543007270860116,0.7787673998279175,0.01610662272876047,0.012376405153779791,0.0005264203770548953,0.0008959579681678774,0.0001181702403611407,4.9106965427834535,5.0
0.38,0.01114674741567434,0.7569978567828429,0.0046931890858265685,0.007618309278037839,0.000577712874464714,0.000880676530179915,0.0001043465195094899,20.525917088169848,7.0
0.38,0.021108442799697258,0.7760127527884289,0.0146692571831923,0.015137779820655096,0.0004804457122095193,-0.000695736660382845,0.00010323914291100815,58.590756319805955,4.0
0.38,0.031504023290391814,0.7960674749019732,0.025089302565910184,0.010122046152783748,0.0002703733079740276,0.0063891225823514254,0.00023685496360503416,6.204958870075362,6.0
0.38,0.0255404520169904,0.7845363702889074,0.019110514402444982,0.017135995385859824,0.0006474486626792847,0.0035984012794245835,0.00018598241601950295,138.92619504454018,7.0
0.38,0.03585339458837611,0.8045222326337487,0.029451778284185277,0.007918568551758985,0.0001680703852289571,0.0076829630569125035,0.00020596021989851833,264.88604266305447,23.0
0.38,0.054308284307475474,0.8408176059574775,0.04798109651647626,0.013784396601958829,0.00026625062014127426,0.015519134137113423,0.00032800854456324147,100.50570000500687,22.0
0.38,0.06718342177512515,0.8665426160888383,0.060926202780735024,0.014434301015041335,0.0002756283238711063,0.019554428775420244,0.0003681064280524866,20.75497151980203,23.0
0.38,0.08102059209772039,0.894559426891474,0.07485510347470488,0.01713908265577564,0.0003772892349074632,0.022391708549863755,0.0004967429798554134,8.703766491257579,22.0
0.38,0.09612421016758932,0.9255775884024917,0.09007839981602118,0.01820284615957628,0.0003951005007680632,0.023457809662121014,0.0005214784143816097,18.995667766175067,23.0
0.38,0.11067542754479509,0.955892803648698,0.10476422027436313,0.017182084881157574,0.00038558829237573313,0.022587585104265097,0.0004930763026815252,16.97068095372975,22.0
0.38,0.12340823213513208,0.9827670386679721,0.1176303466349853,0.015669734661524513,0.000353482415477796,0.02009741138483386,0.00043982464716968786,37.22261427403786,22.0
0.38,0.13521472213329655,1.0079758895709336,0.12957341872846495,0.0135687851102479,0.0003243293207081841,0.017159595771453682,0.0004182812246749641,36.77492361602313,23.0
0.38,0.14654013691020118,1.0324195420129507,0.14104156881777233,0.011260330598968209,0.0003454170166272326,0.01480898749325152,0.0004401176456295218,40.28016193718573,22.0
0.38,0.1580977706130745,1.057628866654707,0.15275669461883692,0.009449714749807577,0.0003049689531935844,0.01240947016507935,0.0003671524839851689,33.523678753595284,23.0
0.38,0.16924043414865808,1.0821860068197542,0.16406250985767698,0.00785694257120971,0.0002764643251620954,0.010834787814180048,0.0003481073948224269,26.167518443916176,22.0
0.38,0.17905133693324726,1.1040136739033204,0.17402626005265964,0.006131626602398228,0.00028597568382324477,0.01032835526221203,0.0003608339654026844,29.008737912146387,22.0
0.38,0.18932438222296277,1.1270758563960785,0.18446858161928173,0.00514177190598623,0.0002671826681355922,0.009800038004306053,0.000327566227314852,20.359073402850594,23.0
0.38,0.19961648576753588,1.1503924818203073,0.1949397431208272,0.0036422708274411546,0.00025424718306530465,0.01052972146258426,0.0003114108567431002,22.70619548305703,22.0
0.38,0.20918760856835494,1.1722658482160593,0.20468588444859057,0.003054090442957826,0.00029021440063456107,0.010829780272023479,0.00034296739065197053,35.64779869735281,23.0
0.38,0.21898052690916614,1.194835725543704,0.21466635940001494,0.0022581284391089166,0.0003743610272721347,0.01203450578166854,0.00043551461233070553,43.819725193318874,22.0
0.38,0.22974663082656221,1.2198698579962188,0.2256485593636957,0.0019315757028429185,0.00036058823306657815,0.013287137011658422,0.0004025762255936893,33.96165447436417,22.0
0.38,0.24195143261061125,1.2485297113310392,0.23811087507537806,0.0008535306064193865,0.0004478481448546216,0.015777319681929927,0.00045651247888386096,37.628203975720446,23.0
0.38,0.25271547804454164,1.2740535548348535,0.2491130944715984,0.001013490940160369,0.0005647699126894302,0.017398206629273955,0.00055884476425989,44.558864750881995,22.0
0.38,0.26174935961857926,1.2956536635845426,0.25835486718973405,0.001312937118281502,0.0006726992362030774,0.018890531900381494,0.0006289118002411355,41.792099327198386,23.0
0.38,0.2710709925431295,1.3181128923001568,0.2678986666797513,0.002164176759782192,0.0008090851776846642,0.020014800380227293,0.0006995785108064895,32.43282024899706,22.0
0.38,0.32330328442027223,1.4471747214116597,0.3215196475316041,0.004643948267611354,0.0012066345030441572,0.02990507551014039,0.0005840173133058399,238.8588125644594,90.0
0.475,0.011815532391979744,0.677043219382746,0.0017294081660770367,0.0006233516010598127,6.955521673507906e-05,0.0005678015925262451,7.812453619217916e-05,188.5050302548406,5.0
0.475,0.01604206914993256,0.6850922512066406,0.005961211571770825,0.001090476223738618,2.695943731689346e-05,3.2128597061105886e-05,1.6049900803304075e-05,29.849191534631103,5.0
0.475,0.021543465059602696,0.6956226465995116,0.011471856582538888,0.0016127017542320228,7.506438322706903e-05,8.246872455079907e-06,5.145273550269523e-05,195.79956291380435,5.0
0.475,0.024432085569612738,0.7011760817815955,0.014366417597046346,0.0007967057660782125,9.121752922439116e-05,0.0012337000984874312,9.290248333489091e-05,810.3374753151284,5.0
0.475,0.0293910687963308,0.7107487500394701,0.01933733981641516,0.0006900908289880755,0.00023877531362349384,0.0048928994990577275,0.00025855381480042707,84.5640271246055,5.0
0.475,0.03610727055111518,0.7237919116392644,0.026073218618151144,0.0027433316737563054,0.0001690992080248337,0.0036085420476619262,0.00017040196127533603,66.51304214681358,5.0
0.475,0.03869767948990521,0.7288467085829671,0.028672295270810368,0.0019313952582832737,0.00029652035093475525,0.004606446437839423,0.00021291637478013404,2.9439960137974275,5.0
0.475,0.02712186449838505,0.7063622443998553,0.0170623992780359,0.0025714298976133093,0.00014479144307833516,0.002369316023933011,0.00017525955071444446,180.6599043108563,5.0
0.475,0.03208967242180627,0.7159787160295897,0.022043364812042696,0.002793109110592078,0.00022874554409955247,0.0034184147869190597,0.00023530971173276903,138.91846033619674,5.0
0.475,0.007566794395089005,0.6689879166613443,-0.0025230134248507385,-0.00015370338041522573,6.006241901672616e-06,0.0002857147887613146,1.1164716712127276e-05,889.8769298947334,5.0
0.475,0.018758073736728775,0.690283476097676,0.008681443987680993,0.0017099323688934084,0.00016016973541866172,-0.00026027641930374373,0.00017699500351378065,76.8061898457611,5.0
0.475,0.0460546054988733,0.7432758349471456,0.036057111613010756,0.002343106357442049,0.00010526770181128287,0.005653172963074258,0.00010378594100677814,574.997751203138,22.0
0.475,0.07112111763992612,0.793251484726085,0.06125500623244501,0.005492090710067193,0.0002009841564784043,0.011321639934072555,0.00022874590908751052,45.917477922894044,22.0
0.475,0.09006236258088418,0.8318486179343587,0.08033281477061627,0.008012698438109865,0.00025102582734802927,0.01590220702397934,0.0002732593573484841,34.18476149494869,22.0
0.475,0.10659446491698465,0.8661230192420462,0.0970103434261517,0.009507325806640989,0.00032229075067897485,0.01902515439193492,0.0003404863056029803,21.489688985281045,21.0
0.475,0.12143906294960527,0.8973646563609081,0.11200635790443074,0.010825349776502294,0.000334675138449013,0.020693360212429908,0.00035102478330340035,15.021952447979746,22.0
0.475,0.13803790603508725,0.9328201664500704,0.12879785698796575,0.011644817204438607,0.00039539114299002453,0.021387308501975563,0.0004226617490143649,28.096535366130645,22.0
0.475,0.15652924458678596,0.9729669547522647,0.14753284113406231,0.011054765070365284,0.0004153161979102098,0.020515837843443532,0.0004121340396825166,23.914051836359036,21.0
0.475,0.17675312800025955,1.0176582661232514,0.1680582214095401,0.010051606205838611,0.0003348352351252955,0.017612388229475126,0.00034476844122058797,43.81128889487347,22.0
0.475,0.1974555280010245,1.064254289315374,0.1891071510793106,0.007275451421466934,0.00030315824897592575,0.014750496659316933,0.0003263649707377511,29.22692078488338,22.0
0.475,0.2180784938825734,1.111523777404459,0.21011343884115685,0.004841618971517509,0.00028723617784004533,0.012670221181992396,0.0003110765583999347,29.910800617402316,21.0
0.475,0.23883689965822363,1.1599627158733936,0.23129610813193774,0.003301374011179214,0.0002695751284028744,0.01204308526914972,0.0003034843739709716,10.730041594765115,22.0
0.475,0.2560193681933868,1.200709260724968,0.24885891537938343,0.0024405068297284234,0.0002710074515084665,0.012781793594667433,0.00031030550708579683,21.762788249615877,22.0
0.475,0.27063938612246463,1.2358441573203112,0.26382334914450545,0.0019452494675767055,0.00033726929211938116,0.014620658115609553,0.0003811706231003581,15.59149631252039,21.0
0.475,0.2869319819163568,1.2755022477126603,0.28052229155343184,0.0013905063543693777,0.0004448057077078815,0.017372922043463912,0.00048634760306749117,17.282437539739636,22.0
0.475,0.3033679994354014,1.3160473714789425,0.2973922946170724,0.002315103979621456,0.0006109030831534528,0.02005270902449145,0.0006282611162134267,28.72811295520079,22.0
0.475,0.3189080782959134,1.3548792636252753,0.31336492936061155,0.0026892725738309614,0.000956803895101292,0.02263822470527613,0.0009384512131469287,37.201682701288426,21.0
0.475,0.3349472329900288,1.3954647616951834,0.32987318794116843,0.002005604439597428,0.000969079548878032,0.02691795310659581,0.0008605057016273647,37.271889586430845,22.0
0.475,0.35051102090059005,1.4353392525286925,0.34591417780579553,0.0030378670579196106,0.0013671032979022464,0.02854222942405511,0.0011378246628958796,58.304695142937256,22.0
0.475,0.36306112363313503,1.4678455013320195,0.3588648622041564,0.0002307344258610119,0.0018269372895359146,0.03280851560571538,0.001349634043901175,26.444001314817424,21.0
0.475,0.3755744341747337,1.500570080287531,0.3717916087858301,0.00236510660934809,0.0025752631143941317,0.03228451123823241,0.0017510298660718183,40.255509915144756,22.0
0.475,0.4284546203830627,1.6423193883179494,0.4265736202814164,0.009202196961285993,0.002182338501622225,0.02778420648657807,0.0007234006304291575,449.25357731209175,109.0
0.57,0.027114594068924802,0.6070732067821872,0.012614468877098882,0.000266082751952773,3.005555076059778e-05,4.574149897559605e-05,2.4499006313710575e-05,9.238525052077133,5.0
0.57,0.03591791295341551,0.6241479348810093,0.021442608626653547,0.0003856227891946203,7.389190345934241e-05,0.0009481698239519923,5.952390623058704e-05,21.095585354533032,5.0
0.57,0.04103495146000924,0.6341440637927999,0.026577260783739145,0.0005270468147074419,8.444971956313174e-05,0.0010813004390305722,6.72974309713153e-05,10.182937373903247,6.0
0.57,0.009566394846485693,0.5734995184229523,-0.0049625228529979765,-1.6679017122023344e-06,6.325488480792994e-07,3.449212434509219e-06,1.2155616622973468e-06,69.0006831623494,6.0
0.57,0.05399993613457832,0.659705579785137,0.03959735933651688,0.00047585567559275645,4.6751970959812755e-05,0.001968926312344959,4.640607084396597e-05,64.07539065657626,22.0
0.57,0.09099523208525107,0.7344930935798987,0.07683259709966549,0.0019369002108486713,0.00010836780100461209,0.0068450838462687374,0.00011194932284868189,63.90697230712447,21.0
0.57,0.11689451119096483,0.7884784766729349,0.10297271510698625,0.0034974621704109005,0.00015348373831155287,0.011236838077527789,0.00018534422332123877,34.866792015173296,21.0
0.57,0.1460691506736146,0.8508978997274798,0.13249052286803717,0.005183528206695222,0.00021294602857656965,0.015910139109147896,0.00024590194025104274,18.773194635417084,21.0
0.57,0.17312769265883488,0.910311499642538,0.15993540414413512,0.006257022071760176,0.00028568452865607185,0.018804777917184417,0.00034879093042837115,14.991730018660961,21.0
0.57,0.1954398777487839,0.9604048891734294,0.18261543445903886,0.006683434513740523,0.0003289415981826081,0.01892120080234075,0.00033592088551249154,15.37215293149291,21.0
0.57,0.21956322221237834,1.0156847174670318,0.2071865899234305,0.005994653311036716,0.0003267359252695287,0.017684375229709396,0.0003588249752047502,25.2716089073506,22.0
0.57,0.24474639887944682,1.074634898125088,0.23289279357279347,0.005393802216367777,0.0003242885276055769,0.014615923712757216,0.0003455477042005496,20.886871494436527,21.0
0.57,0.2690031784859651,1.132615771139676,0.25770700341151315,0.003915239385955015,0.00033525999619400085,0.012966860729355005,0.00032015954254380755,14.345621900284392,21.0
0.57,0.29604595259753597,1.1986432767414785,0.28543328512792526,0.003509881976219733,0.00044516599482251394,0.012660631429567365,0.000470708241916187,18.95863679076516,21.0
0.57,0.32792402610320315,1.2783549089125956,0.31820109565481053,0.0031915122324254032,0.0005019793569600431,0.015121110761534776,0.0004479706887407385,38.83196117771641,21.0
0.57,0.37078902302812955,1.388743380134499,0.36240579255747984,0.004074942342362137,0.0007067290244858614,0.02082136965844645,0.0006263518400570953,12.098027364783936,21.0
0.57,0.48315938366617994,1.6955700213349183,0.4790684456640634,0.002478414405934655,0.001181767055896658,0.028043145527272183,0.000567183679316222,682.898552782115,170.0
0.649,0.04014132976285545,0.5360936006852977,0.021372781111716303,0.0001727921405943949,8.349807436772623e-05,0.00014137241327723222,6.339303591866902e-05,25.297345741382156,4.0
0.649,0.050544491331688146,0.5565590311634931,0.03181814250381103,0.00011396937619973306,9.421854371069055e-06,0.0003385218064941296,1.334824075924708e-05,62.98261979700754,19.0
0.649,0.08724602988440633,0.6304882806550537,0.06874588986519854,0.00032131665899255284,3.327702663011621e-05,0.0017863251970790589,3.996762885623448e-05,13.45922358317881,18.0
0.649,0.11551970423797575,0.6892780635051858,0.09727600241596955,0.0009479455747157858,8.479767180609965e-05,0.0039799083235492055,7.767105858903584e-05,24.915580315942055,19.0
0.649,0.14217807218627032,0.7461735193884613,0.12424166156767148,0.001930528238260092,0.00012018105973372301,0.007090309587071847,0.0001179907484345129,34.70010422536464,18.0
0.649,0.16856907742040528,0.8038983843483186,0.15099950029848574,0.003392317326546378,0.00017613675357357197,0.010486688343275832,0.00018004347205959612,17.514748533843655,19.0
0.649,0.19440433684112957,0.8617569493935135,0.17725422260703758,0.00449072440648219,0.00024647768468822755,0.013171526005079493,0.00027702407829211775,31.229184919719852,18.0
0.649,0.22538214012156044,0.9328922851313284,0.2088137069978252,0.005111436647926398,0.00031756216597186545,0.015392931334818326,0.0003193990314002016,22.27562306549659,19.0
0.649,0.26263570707584283,1.0209807227305725,0.2468804966013048,0.004782840765971175,0.0003295207577944225,0.015364810065313109,0.0003240889673454053,16.37327205046466,18.0
0.649,0.3091445230207236,1.1348494767391575,0.29457882862609625,0.002591677213428755,0.0003425915776731373,0.013855668247748986,0.00038468957217183987,24.658907734995623,19.0
0.649,0.36298262090881483,1.2720651909467855,0.35003555448735446,0.0029809868470458416,0.0006211314409155383,0.013391945682819343,0.0006408047231237395,25.71759813661525,18.0
0.649,0.4103449628192023,1.3975694096386153,0.3990362308685444,0.0037353013943954923,0.000904057779843412,0.018529297626155843,0.0007865216256355942,18.336478691119698,18.0
0.649,0.4569026227633498,1.525314018353101,0.4473999839499676,0.006434172205891436,0.0013884689708619374,0.023075722597244892,0.0010728089775523045,30.93609328396348,19.0
0.649,0.5014462738513653,1.6515905874991028,0.4938531161111353,0.002136248254108334,0.0029275144643826924,0.027376886758930234,0.0018148829913611788,33.359003189311814,19.0
0.649,0.5366799787797149,1.754285289611154,0.5307229381473564,0.007407162678251527,0.002124047826793869,0.023341813772761698,0.0010571007381104342,59.60724392536777,36.0
0.649,0.5604519807008791,1.8249755677768507,0.5556615630354442,0.013193608135121666,0.004481492198845609,0.020776580175507035,0.0018718016077639847,18.612167828014567,19.0
0.649,0.6208297858544515,2.009600496859112,0.6192297063681428,0.0694745561718255,0.020697729818008728,0.020022774042775356,0.0026524763688358303,231.5966950147991,56.0
0.756,0.050850323787994256,0.40682894966140926,0.025400769101528057,-3.7566124497875885e-06,1.4145523881181514e-05,7.024305965050601e-05,2.1505614138403813e-05,0.020006041824631077,4.0
0.756,0.061668001610530765,0.42834600670187145,0.03627289257593766,1.7437486357041997e-05,2.4368638589784496e-06,8.69557253804206e-05,3.7780581670087438e-06,135.84241700086292,21.0
0.756,0.13705659954213767,0.5847977476514541,0.11233162689399193,0.00029394514098217314,2.3175074225835413e-05,0.0011703936822781739,3.2708676666185404e-05,26.265282408068213,21.0
0.756,0.17284822544725909,0.6630543776394187,0.14861940584805827,0.000647928641116648,4.678517341234901e-05,0.0030796950205086333,6.24887465497651e-05,6.35464321463847,20.0
0.756,0.21408835792329695,0.7564006992348249,0.19057332057306853,0.001466848342475808,8.678239509090075e-05,0.006686113667536412,0.00011681509017476825,37.78890106542114,21.0
0.756,0.25948773028037453,0.8630947670017759,0.23693440599007484,0.003211963655657609,0.0001425690985323278,0.009515107867150586,0.0001911029357877327,73.03840923039421,21.0
0.756,0.3065360146533035,0.9780134829621281,0.2851738894197881,0.0036000665764385335,0.00025020425194471245,0.011130525001662155,0.0002974836753364651,38.89812708071553,20.0
0.756,0.3526268243095855,1.0948863564025186,0.3326236787210483,0.0034285329882205347,0.0002556121940135648,0.010050453530978531,0.00027352228440470085,47.40084922892825,21.0
0.756,0.3927557559665492,1.20010154920986,0.37409056916411837,0.0030961061497635388,0.0002778436971683315,0.0097005030999736,0.00027533806141523127,35.11614677322159,21.0
0.756,0.42385582486967766,1.2838589355408492,0.40632664971651766,0.0018390912368621778,0.0004988720583657275,0.012235279384644098,0.00045902993844013394,127.74951311851444,21.0
0.756,0.4494025806476939,1.3541075171259147,0.43287129953715564,0.003379372544069408,0.0006330647126981235,0.013225792315588408,0.0005331950154720878,133.23062019275906,21.0
0.756,0.47450113430676344,1.4243947545662248,0.4590070980953842,0.003186105099432344,0.00106338392722947,0.016401966852246926,0.0008307592319802585,125.38049667262341,20.0
0.756,0.5011448225922529,1.5003876679962225,0.4868135528307133,0.004575424808225479,0.0009579528050649662,0.016857540701129506,0.0006828077039952912,28.28891771791945,20.0
0.756,0.5309987489342259,1.5872234722162393,0.5180457909529106,0.006443514018607027,0.0013332597888038025,0.018492613833459917,0.0008742004233536272,19.69604769936848,21.0
0.756,0.58902858765136,1.7611141396423649,0.5789829031402917,0.012539765179742658,0.002225612927523168,0.017647071074858932,0.0012359016428545153,124.20649241484763,41.0
0.991,0.1971878937958983,0.30719044133978024,0.15499797008233873,-8.413030244422182e-05,1.8916103767341202e-05,0.0002768296790712757,3.458658547568604e-05,76.91600249906216,21.0
0.991,0.2546341810453857,0.4409465425896488,0.21360526559345577,8.183667796843659e-05,3.4638857015946446e-05,0.0003357238201865827,6.0837618303777244e-05,33.4219741366058,21.0
0.991,0.3005815824923098,0.5526796765621955,0.2606937800112569,0.0002219719459312322,1.9919858415417464e-05,0.0009122150257412281,3.1836741763619865e-05,71.01015174957946,21.0
0.991,0.34123466407173664,0.655058862418312,0.3025139669865761,0.0005083582433753118,2.7164084808893465e-05,0.002080437495078733,3.4128308475273966e-05,37.355256591133625,21.0
0.991,0.37106967304626826,0.7322972354599471,0.33329957563414914,0.0007322792053938343,4.3000552593098445e-05,0.003264031938759929,5.511281462624129e-05,51.44653611830106,21.0
0.991,0.3954999685919284,0.7968693317465252,0.3585675667828488,0.0008353722477803618,4.54960672796446e-05,0.004397137112626859,5.59106921074936e-05,63.822688861445386,21.0
0.991,0.42191486979567394,0.8680300411392936,0.3859482906828944,0.0009710497244264925,5.554370328704972e-05,0.005360347791312234,6.452388712718685e-05,71.81228265496273,21.0
0.991,0.44572601057093586,0.9333722612613293,0.41068354664623924,0.0008557308581772105,5.724807452172418e-05,0.006313250516123524,7.243464825567122e-05,22.036364813500064,21.0
0.991,0.46762511893410375,0.9944685208224513,0.43347733989752,0.0011164327595681854,6.563452316677898e-05,0.006356432885280565,8.27596308705687e-05,31.63356333241542,21.0
0.991,0.49013572766640967,1.0582704932735716,0.45695233312065375,0.0010908811930209962,6.655970778624346e-05,0.006642203063452346,7.510195936256842e-05,35.12653586312823,21.0
0.991,0.5106220890415097,1.1172159790486047,0.47835575865222346,0.0012982531926115876,7.684253472903707e-05,0.006532967958834702,7.387269818146357e-05,52.23318248998405,21.0
0.991,0.5306285045770184,1.1755906301486285,0.49929399079412534,0.0010673602466831748,7.001836151909757e-05,0.006980720991149859,7.313224274651938e-05,79.12510495408839,21.0
0.991,0.5509188959008292,1.235611502816706,0.5205659986857902,0.0012468160340630527,7.644282018827588e-05,0.00697745753785557,6.918771836678094e-05,144.1556706724483,21.0
0.991,0.5746986075758581,1.3070020853306765,0.545543011295201,0.001133513527982437,8.31378149982403e-05,0.008021489514979996,8.078086728984341e-05,157.95725844049883,21.0
0.991,0.60065420557639,1.3862159440631563,0.5728632087378055,0.0013382088822781846,0.00010216532834637569,0.00881645898982996,8.957232128455425e-05,157.88741337366702,21.0
0.991,0.6228258757790076,1.4549486999584813,0.5962482711780006,0.0014468935338437638,0.0001272341576963363,0.009955275539128875,0.00011335756141790969,75.15694536030577,21.0
0.991,0.6416274678819262,1.514004488413529,0.6161132796345014,0.0015274246317848075,0.0001364159681926869,0.011150938964104844,0.00010649347420546225,192.82939522709037,21.0
0.991,0.6580659295606109,1.5662169780307171,0.6335074113842141,0.0015516466625187873,0.00016048200880697683,0.011685106279850626,0.00011746548826789733,200.8775047640286,21.0
0.991,0.677527011589378,1.6287286774522345,0.6541311380625052,0.0023453328391765294,0.00018559140329641978,0.012204969108629454,0.00014078005379049177,196.9080112567613,21.0
0.991,0.7021032206918086,1.7087531454111418,0.6802239906196048,0.0026014507192760063,0.0002033806933957568,0.012849499286413532,0.0001358457703288471,184.7867518252242,21.0
0.991,0.7271471700885636,1.7915433429378198,0.7068690347766923,0.003092319095511879,0.0002503466044830665,0.013507064685751302,0.00015398310498886488,59.61503399074857,21.0
0.991,0.756628886283223,1.8906114041264277,0.7383074634686851,0.0031961334439104465,0.0003505956710003207,0.014611714938300517,0.00019611049700316005,25.352092425743653,21.0
0.991,0.7894731253141457,2.003025673538044,0.7734231528500772,0.0037286494952917274,0.00044856116753732266,0.016277331593461654,0.0002526456345334276,56.14276239312367,20.0
0.991,0.824173313364503,2.124136007492128,0.8106279855089932,0.007982419388706545,0.0004348935645365131,0.016956843071528175,0.0001786835840548474,61.34600673958821,22.0
1.619,0.7316156758457536,0.1673671897178846,0.6383118870258949,8.184676928125606e-06,2.199876136285177e-05,5.951858582568575e-05,3.1752832769469286e-05,21.330403963233625,26.0
1.619,0.7852971652107844,0.34953311440473134,0.695635805293451,2.1893346562480738e-05,3.261036332564281e-05,0.00016060575044186788,4.5390779713105656e-05,12.319452424714015,26.0
1.619,0.8352549480913024,0.5242403826609455,0.7492149511469028,-2.7430497602181912e-05,5.171950514476025e-05,0.0004804377575408435,6.892025916800905e-05,20.34055113103058,25.0
1.619,0.8793254760441674,0.6825032201180804,0.7966654426222808,6.775120484751219e-05,5.681831965022606e-05,0.000706511380863076,7.286004297987808e-05,21.20868194443174,27.0
1.619,0.9185112822250879,0.8264868707181351,0.8390025139112024,0.00020143459772249916,7.348731373325782e-05,0.00090080312700444,9.011730985701824e-05,38.06378666775831,25.0
1.619,0.9647628346234672,1.0003843878610372,0.8891503067593909,0.0003928425758473768,8.466175915883343e-05,0.0011348955694440352,9.862994414648772e-05,36.73132794446717,26.0
1.619,1.0118700913018,1.1818970765521408,0.9404226088215313,0.00027681255356374853,0.00010859551721619332,0.001788209634973779,0.00012054181277869066,12.301545612169168,26.0
1.619,1.0588758511004102,1.3674425334516886,0.9917823222063155,0.0002261209313938338,0.00013171274630193928,0.002487881800689076,0.00013658051543012523,23.479213473367277,25.0
1.619,1.113209464914687,1.5874193038524411,1.0513949324748788,0.0007159159296996241,0.0001521414360855946,0.003083184589868403,0.00014334896273402744,25.33084410730335,26.0
1.619,1.1614430717716449,1.7876465820561487,1.1045361568032406,0.0008907927526018667,0.0002141303754083078,0.004181069346383548,0.0001880474575905312,45.8443094280146,26.0
1.619,1.3133996998490312,2.4488689472454253,1.2733146117994483,0.004667832868091557,0.0002771837948985222,0.009217396286279421,0.00015806208090460988,29.094753299378073,27.0
1.619,1.339932398598723,2.5690588382043664,1.302996356051511,0.006396463242358267,0.00031367705169692793,0.010270394799458368,0.0001526258580442811,23.24641377008687,25.0
1.619,1.3660959416681089,2.688955219324601,1.3323268023695796,0.007859783182364926,0.00035935534496675574,0.011764418957101454,0.00016073041287526714,12.175806342462089,26.0
1.619,1.3919654319161494,2.808850149579036,1.361387813542984,0.009052836392711119,0.000513242179207326,0.013829496671035297,0.0002102600039805901,32.746214579681855,25.0
1.619,1.4214524889473164,2.947143383187651,1.3945857050116623,0.013181508530687478,0.0005309463376100383,0.015135225754373361,0.00017719330561942448,34.624744537200336,27.0
1.619,1.4540812251439155,3.1021977385639445,1.4314113024974684,0.017367990531150863,0.0008077494869946098,0.0177501166773598,0.00022340756767891414,15.542855001035324,25.0
1.619,1.4917500329916416,3.2838509408698973,1.4740436973739355,0.029690814887019756,0.001563614660261255,0.020042598556810176,0.0003796907994079562,15.447997500091939,26.0
1.619,1.5657351752602944,3.6488959417703897,1.5581473079784633,0.09296914965320037,0.007445318194264049,0.02705530691752599,0.0007389128995072716,18.366484824241226,26.0
1.921,0.985578164706754,0.010962303943533036,0.8639608502831868,0.0002099390802662455,7.916639720499723e-06,-0.0002581199766819761,1.0891397214229204e-05,16345.442133050832,20.0
1.921,1.099834337642041,0.4636405197503277,0.9888750681061896,3.3759196012449246e-05,3.055648740427774e-06,0.00017233794611200954,3.554647867734342e-06,9.741700064495813,20.0
1.921,1.151942796424719,0.6787610756234228,1.0462320792228406,6.967166952000693e-05,5.230895373547886e-06,0.00035451918937694395,5.4814713224937185e-06,21.425682079908903,21.0
1.921,1.1901270988036465,0.8398459805873727,1.088416663632184,0.00010473850015331178,8.534561792089162e-06,0.0005221238906005086,7.654957202476585e-06,24.2212755344906,20.0
1.921,1.2181053834940427,0.95972673280038,1.119408824418053,0.0001465702881575738,1.1450239173089896e-05,0.000669307776138247,9.825281932818274e-06,14.143023918854576,20.0
1.921,1.2415998609126206,1.0616046897433737,1.1454882673636064,0.0001906875334620355,1.4560862282111983e-05,0.000786721326024408,1.1652687439266422e-05,16.425859405538763,20.0
1.921,1.2609707855926633,1.146432228467949,1.1670276080169868,0.0002147407126106542,1.730887906697289e-05,0.0009134777577027189,1.4565221596475666e-05,10.869791238184035,20.0
1.921,1.2829630478796101,1.24364858039983,1.1915224136974907,0.00029715740649423995,1.89460326999903e-05,0.0010430001146781941,1.4305023612206834e-05,12.102587260689178,20.0
1.921,1.3050912619730135,1.3424422118977244,1.2162123123433084,0.00030880241607814183,2.3862214085795762e-05,0.0012504859182813097,1.757567015763521e-05,24.67284022820996,20.0
1.921,1.3270604992073092,1.4414948626308317,1.2407681646464017,0.00041412065392964896,2.6241759281609335e-05,0.0014095678713233345,2.023220149496276e-05,24.739581190857827,21.0
1.921,1.3502134506627916,1.546929234867183,1.2666938300844557,0.0004803010729902001,3.057916191439297e-05,0.0016862035135181766,2.149630670843126e-05,25.386170993808093,20.0
1.921,1.3743978189045234,1.6582053166125177,1.2938256398299801,0.000613061159334094,3.9498718065481e-05,0.001973362128160445,2.7813282314358224e-05,19.773967823431978,20.0
1.921,1.4012173192421669,1.7829739538278169,1.3239749223797677,0.0007786555066460246,4.352288311554128e-05,0.0023785838567771927,2.7415859123587536e-05,16.290147131588622,20.0
1.921,1.425283821931259,1.8961598504977943,1.3510841875180801,0.0009314556319525173,5.051310163225121e-05,0.002849976566874393,2.7651808863621627e-05,25.91858685411313,20.0
1.921,1.4486390182490685,2.0071079828618412,1.377441756001512,0.0011740564854049438,5.677458568222673e-05,0.003329425486698174,3.064263725989108e-05,18.444156891542445,20.0
1.921,1.4775336993577244,2.145881008661662,1.4101184565923692,0.0016265887095708903,7.603884326246664e-05,0.003957895948324491,3.352083417439803e-05,15.708119071656528,21.0
1.921,1.5152345393039357,2.329458245421253,1.452866258265271,0.002405364384410719,0.00010083506872824317,0.004997107213468473,4.319323477608987e-05,24.35413875739995,20.0
1.921,1.5595274397615957,2.5487660368732206,1.5032510412721234,0.0034911135566068935,0.00012644842460824245,0.006551674818442441,5.4171718900833686e-05,33.92018963198677,20.0
1.921,1.5986125222463188,2.7455471529829785,1.5478575122392844,0.00537796029735677,0.0001838740665250476,0.00797246211710708,7.791593329360213e-05,5.612774312342104,20.0
1.921,1.6302759707897536,2.9072028153451024,1.58409412882046,0.006974766713948732,0.0002494288809421584,0.00942620089695045,9.81520997207538e-05,21.40528241713838,20.0
1.921,1.6572908738559886,3.0467108232663067,1.6150817148188776,0.009369986008772353,0.0003689273083935702,0.010523892947702104,0.00014176983467588494,42.001128314913146,20.0
1.921,1.6804355678922014,3.167393563552025,1.6416818864571139,0.009767937908343433,0.0006356194814477105,0.012438781699942265,0.00022560677648907654,14.057485219124064,20.0
1.921,1.7033526613335122,3.2879451346157165,1.6680676948310948,0.012356414786564102,0.0005151626894897554,0.013800747425501242,0.00014782465483924542,14.111210686477634,21.0
1.921,1.7260652148160274,3.4084571229290566,1.6942643616132138,0.01644819701283249,0.0006326649195983817,0.015076497395717325,0.0001670130149990484,10.3640969065176,21.0
1.921,1.7485787963291983,3.528931575437441,1.7202770789813753,0.020454337252191607,0.0013736362954709085,0.01680374312986625,0.00036897745059269764,31.7074473872451,20.0
1.921,1.7708468189184545,3.649089193256759,1.7460506772148228,0.026799159509907973,0.0017922420085473918,0.018387340196723074,0.0004128958066091939,26.209629433252594,19.0
1.921,1.796578036696622,3.789169192920587,1.775887915115869,0.036642864900717664,0.0023070317600405415,0.020887527049201673,0.0004411431012964285,49.11408534467317,20.0
1.921,1.8256859506918284,3.9492280811094744,1.8097120819565236,0.05211707535941267,0.00410448551260811,0.02436902977968202,0.0005964812351376908,43.78063338742596,20.0
1.921,1.872317391367857,4.209177348049323,1.864057032359919,0.09260995292468568,0.013097355174779817,0.032875361041690906,0.0009134833799444122,37.887865202311026,21.0
2.213,1.4158325304634074,0.6444438485584005,1.286436071093145,4.084734572475271e-05,1.3301223278387805e-05,0.0002117211948852631,1.2747278147660122e-05,16.814395671387846,18.0
2.213,1.4411986159746957,0.7645161712292298,1.315043867839402,7.096862989828002e-05,1.5133422192049498e-05,0.0002637137733929183,1.3823409455711378e-05,17.939956050583753,19.0
2.213,1.4657917892707286,0.8821585110113135,1.342834935159684,4.3302418740909893e-05,1.5917501890206546e-05,0.00037982245110093486,1.4820572121369276e-05,10.185999987822601,18.0
2.213,1.488021416168913,0.9895355939324473,1.368001678066271,5.950258876502541e-05,1.6671164192610676e-05,0.00046228867905614057,1.4956169878493529e-05,19.4558592371573,19.0
2.213,1.5164540974433298,1.1283161229225556,1.400255494368212,6.562166080211356e-05,1.9640610257476342e-05,0.0006009037312473385,1.7435990864352026e-05,24.511003948978043,18.0
2.213,1.554432653288743,1.3162124739376604,1.4434508977694318,0.00010521523683442863,2.2762982704779388e-05,0.0008092869128330105,1.8614139408176038e-05,18.599482011287915,19.0
2.213,1.5908167214780606,1.4989258192859745,1.4849538140408718,0.00013720241383157914,3.611261387772662e-05,0.001086229938433,2.6824561200747477e-05,7.005511100523839,18.0
2.213,1.6333438594470326,1.7158442717922189,1.5336141744941487,2.7163664966889075e-05,6.979818218583633e-05,0.0016656229920254347,5.322837031541276e-05,15.100909113700029,19.0
2.213,1.6799140204636176,1.957534274124155,1.5870862389351794,0.0001172557672873582,0.0001164921207437949,0.0023418196872127895,8.018353316176433e-05,14.329742836129322,18.0
2.213,1.7191918691214347,2.1647505306146053,1.632336066779927,0.0008057054408435036,0.00013228141015083017,0.0028304868549398374,8.441666266536548e-05,36.2164885893569,19.0
2.213,1.74917301206398,2.324997067758591,1.6669685580531093,0.0013313750227665305,0.00019183220039002263,0.003388258835241898,0.00010733405609142149,8.510628669369293,18.0
2.213,1.771863529780989,2.4474710100533423,1.6932327983517506,0.0017051529724701516,0.00021779255910162282,0.003958710615301141,0.00011343450310473972,13.73889116455347,19.0
2.213,1.7929996050016968,2.562481042832755,1.7177392088456866,0.002165135480119454,0.00028297352050832286,0.004523984052032996,0.00014473937123571655,12.286713001947797,18.0
2.213,1.8111652265032712,2.6620415613574533,1.7388334353820798,0.002221412287692897,0.0003161469321631567,0.0052398101149704205,0.0001454433268834286,6.837061745405251,19.0
2.213,1.8299022323225085,2.7654251168437733,1.7606220918617328,0.0027262208529355387,0.0003517521632787643,0.005832852909473116,0.00015740484600376472,8.640551524235596,18.0
2.213,1.847993135127561,2.865909975758676,1.7816892179455333,0.00286890285599753,0.00042184511080485245,0.006669863036540573,0.00017285005473372826,14.221583461810559,19.0
2.213,1.8659943644205392,2.9665464511541177,1.8026809795596166,0.003997543435129565,0.0004438613732892432,0.007212515613419927,0.00017278779869911857,19.34753501741148,18.0
2.213,1.8906888376932969,3.105656079125036,1.831525091091849,0.005373407018783628,0.0004491666511604748,0.00807673646191887,0.00016793350630809538,17.491117143232092,19.0
2.213,1.9223797902904622,3.285965386596607,1.8686212940530853,0.007053569328367636,0.0005103183125005186,0.009534642805603673,0.00017120886839007226,8.683871903101608,18.0
2.213,1.9541196433872345,3.468566203520594,1.9058647937125097,0.009388782367477548,0.0005977633429759753,0.011209190799794051,0.00018459640164649897,23.855070188474258,19.0
2.213,1.9887062718953312,3.669838658104923,1.9465513083900452,0.014021725958089839,0.0008735073456572199,0.01309767588518164,0.0002483373874712267,38.72177523382239,18.0
2.213,2.0257868678503494,3.8882819002010307,1.990290510449872,0.017251009967658878,0.0014379635226193389,0.01634709116843013,0.00034696683642014705,14.159678611454442,19.0
2.213,2.0592747512757854,4.087923521178518,2.029897559526007,0.024994104840647666,0.002041578673522598,0.019307160902815788,0.000384840725520133,21.60085299230825,18.0
2.213,2.102442518147846,4.348581862305124,2.0811012917261182,0.04899407767002609,0.003615965227041052,0.023548266061805052,0.00047138682099412605,98.15130456970957,19.0
2.5,1.6854536025602127,0.6339412849821568,1.532955563840549,1.729081262266841e-05,4.180302313175791e-06,0.0001479572016386735,3.719936711825857e-06,48.50473077994633,18.0
2.5,1.7604136683608127,1.032909733988384,1.6194696839159914,5.365837376378459e-05,9.64287914444163e-06,0.00032694037877495824,7.913293148227083e-06,6.687317700961131,18.0
2.5,1.8029439444681392,1.2642703366392432,1.6687789268842392,2.2995339360865285e-05,1.7580844672134586e-05,0.0005400267306131471,1.343330226723633e-05,35.67434478153736,19.0
2.5,1.8323061180751155,1.426108649513886,1.7029156059233665,0.00013660649535222292,3.0759233415613086e-05,0.0006288965186378414,2.274358198911708e-05,33.29125993183628,18.0
2.5,1.8642865786430391,1.6043401918438505,1.7401840758388063,0.0001874671056244826,3.687901801561846e-05,0.0008429175950479096,2.525755168571615e-05,26.971548020521634,17.0
2.5,1.8924057189935426,1.7627420101629236,1.7730283440284087,0.00023494158930149423,4.946753931623027e-05,0.0010767119726848647,2.9584023821929028e-05,9.867520124343073,18.0
2.5,1.9135627565052897,1.8829671820820983,1.797787234188423,0.0003285676653955492,5.456858948026528e-05,0.0012832242828231801,3.220758797834313e-05,13.663444221272359,18.0
2.5,1.9327101526304156,1.9925442626876801,1.8202288739616324,0.000328768495365798,6.680804562925209e-05,0.0015626886891289792,3.853263382120545e-05,17.001931926799262,18.0
2.5,1.950177840725139,2.093148259285762,1.840730426628492,0.00029609857050162013,7.952211466485278e-05,0.001871092904651436,4.240055058334999e-05,15.744007950278373,18.0
2.5,1.9692455509903786,2.2036641243531934,1.8631410618194804,0.000510105876646765,7.130397853597629e-05,0.0020994487171959817,4.0174180295214744e-05,11.771599768886603,18.0
2.5,1.989721718818346,2.3231530734281254,1.8872433022115038,0.00043797492014324723,0.00011777148184076315,0.0025751102825998435,5.6762932941406206e-05,6.273864154041313,18.0
2.5,2.013649093621167,2.4638440468087746,1.9154554396688206,0.0006166780876048231,0.00010771930585848968,0.0030259684756119673,5.2922714641338435e-05,19.41626366697275,18.0
2.5,2.0373849091979284,2.6045399925721875,1.943492319657199,0.0008184027863336028,0.00012633642973331532,0.0035887703805605646,5.7042442949790955e-05,16.47314472238421,18.0
2.5,2.0606773550195987,2.743703231872177,1.9710544869524387,0.001259352159995413,0.00015216374278264886,0.004141061743804513,6.521204095754378e-05,10.158709485927732,18.0
2.5,2.0871177796715026,2.902989369721343,2.0024005058399093,0.0020982982297606,0.00031322115174740926,0.004760506571533323,0.00010458248599395025,10.653492132613735,18.0
2.5,2.1134827381374595,3.06321308525491,2.033719331642783,0.00240771072803961,0.00020267768987846825,0.005714080288705261,7.380981352011537e-05,8.220435893310556,18.0
2.5,2.139575160977827,3.2231493020345923,2.0647756382310605,0.0034044658015990993,0.00027484923926321744,0.006571275818100165,9.504823474427155e-05,15.639932430889482,18.0
2.5,2.162566770294283,3.365207281038703,2.0921917048076595,0.004375014134337547,0.0002923617849744486,0.007397358200287129,9.536762906889966e-05,15.976024545502638,18.0
2.5,2.188279191980872,3.525328609180398,2.122908187420864,0.0064365483143212065,0.0003472597213801304,0.008331974876365982,0.00010683763053877308,12.322124093663726,18.0
2.5,2.219796493561734,3.723402926165267,2.1606399571880073,0.009153746265950856,0.000466384429290282,0.009711645318834118,0.00012305051059908605,18.278509357180248,18.0
2.5,2.245364898326306,3.885550267659541,2.1913151365905708,0.011452562563923501,0.0006739800289563241,0.011094048853892292,0.00015561164791436658,20.511639112677155,18.0
2.5,2.273685451244845,4.066677092523184,2.2253604168559775,0.014284287121875624,0.0008871676410319907,0.013040067826242703,0.00020074241698282247,32.359196812778904,17.0
2.5,2.319926721147026,4.365865422882557,2.281103138730314,0.025947652148249394,0.0010449768343073164,0.01611278597005243,0.00017379330022939969,19.43081095665021,19.0
2.783,1.963092532048306,0.6728329505579509,1.7890293404837967,2.059467649180322e-05,8.104951058151201e-06,0.00011162119946505308,6.146165725364608e-06,18.7276260146421,21.0
2.783,2.0335189741848154,1.086458537829285,1.872046010254312,5.656240327175428e-05,8.331930709957584e-06,0.00024231254976078438,5.453579191126024e-06,19.335941098365232,21.0
2.783,2.089746158091837,1.4238110217711972,1.9386435460529923,9.635241136968233e-05,1.0921527573094782e-05,0.0004377332633287725,7.233737686929793e-06,14.83808896002938,21.0
2.783,2.1414445406516207,1.7395711301972683,2.0001265821924434,8.313789495452917e-05,2.258184201295643e-05,0.0007828227114866915,1.4161404134716544e-05,31.50758052410762,21.0
2.783,2.193340100866465,2.061911613518478,2.062084589955252,0.00022779720544596188,2.8116257972192466e-05,0.0012213934397128652,1.2629346656193304e-05,16.890452407402694,21.0
2.783,2.241992403203001,2.368999034809948,2.1203892960290864,0.000537698362461936,3.511718523977201e-05,0.0018193681450438888,1.632693786436413e-05,22.580216632431867,21.0
2.783,2.28186642366842,2.6242089078635837,2.168332042538759,0.0008540333413016084,6.141052335371022e-05,0.00251787257957269,2.5732186302600463e-05,27.776573392267867,21.0
2.783,2.316389846449454,2.847741244058465,2.2099563574860497,0.0013383238139531943,8.227148685548052e-05,0.0031943599316261884,3.073360689322546e-05,9.61510579454848,21.0
2.783,2.3467865880582752,3.046527497093608,2.2466934716640274,0.0021349036313993677,0.00011654446379663047,0.0038538842713356494,4.283691705287205e-05,10.387527263889947,21.0
2.783,2.3758723394496752,3.238470330996006,2.2819235280953216,0.0023925449958321562,0.00012858013891056439,0.004741873268105337,4.562700344844626e-05,19.140985399150335,21.0
2.783,2.4064399353199533,3.442015619696618,2.319030030252083,0.003356655949825302,0.0001985198159378798,0.005685717074094373,5.79234706357816e-05,16.72509913665677,21.0
2.783,2.4364845502709374,3.6438995231107,2.355583135156828,0.004892229497366286,0.0003070658855495338,0.006801346650986164,7.03481011422445e-05,28.022364993971316,21.0
2.783,2.468694131708413,3.8623360365414516,2.3948598910540717,0.008237525372743918,0.00036564992047372676,0.007801805276336082,7.359876638285168e-05,22.258190759133914,21.0
2.783,2.49495001160515,4.041931247415138,2.426945295216196,0.008745645152991867,0.0009034008097749913,0.009271191904515124,0.0001252683963523669,13.551236952478233,21.0
2.783,2.5152569743603923,4.181780283805695,2.4518032548698123,0.011005659296251986,0.000496725093515868,0.010260624698886063,7.967422874913771e-05,21.08473809881191,21.0
2.783,2.544384265995822,4.383812632393494,2.487522675954987,0.014825406296198858,0.0005207876301702761,0.011837879530204647,9.006462024002114e-05,19.396414396767952,21.0
3.5,2.741952948141474,1.2940630293738145,2.5303008623399768,5.9087904867135165e-05,6.332926953991288e-06,0.00016256868314001621,3.4359154238144376e-06,21.044665024461143,29.0
3.5,2.776368755818038,1.5485633740669194,2.5732118166644598,9.749360249675782e-05,7.1830590322850845e-06,0.00024340228430982773,3.3260542730990167e-06,22.330138358499255,29.0
3.5,2.803780493311077,1.7529643468016367,2.607465636211046,0.00012954257650627887,8.959668197948948e-06,0.0003407538235763824,4.0498250797995065e-06,33.75997075564726,29.0
3.5,2.8258727983904266,1.9187935915403025,2.635121191335629,0.0001597346378055314,1.1111145589204879e-05,0.00043603893415698427,4.822644158053746e-06,39.3843976323391,28.0
3.5,2.8419598495327385,2.0401603966864092,2.655286732085796,0.00017243839494325114,1.5373495307811896e-05,0.0005317188261768532,5.456159522080094e-06,18.533467895914676,29.0
3.5,2.8548491754421033,2.137775837830637,2.6714605466409966,0.00018350960767202733,1.63105377740929e-05,0.0006188579682947389,6.7503558317781685e-06,19.461648617525334,29.0
3.5,2.86591773764971,2.2218671684198443,2.685361487827525,0.00021869964389835243,2.1459403073614266e-05,0.000689845254132601,8.249624702469547e-06,33.242233669619836,30.0
3.5,2.8776466429039447,2.311242721100168,2.700103710421226,0.0003045348699174739,2.2236808768020357e-05,0.000759903119910124,8.791052935313374e-06,33.08310112949888,27.0
3.5,2.8904307123137265,2.4089721166849127,2.716186200893367,0.00028282542431534,2.55408160033915e-05,0.0008858038854278671,8.453004911009831e-06,18.573497508969307,30.0
3.5,2.9041468987578996,2.5141906783706673,2.733457562989655,0.0003431634380123996,2.7173238359478587e-05,0.0010105120414691483,1.0233702569696158e-05,25.093591142399625,27.0
3.5,2.916964185471606,2.6128537562430316,2.749612246811919,0.0003862771407911744,2.7424670911427763e-05,0.0011417388875526846,9.318425111429472e-06,30.123369391022052,29.0
3.5,2.9279922292710476,2.698006823070309,2.763523562902808,0.00042887664219024094,3.610005941849246e-05,0.0012745818259654582,1.2486401362413244e-05,41.58155797613851,29.0
3.5,2.9405955432823183,2.7956211760650937,2.779435324512048,0.0005158374755573657,3.971231323539986e-05,0.0014244988319307616,1.3655169618783072e-05,19.651643181520452,28.0
3.5,2.9534883172532354,2.895806150468639,2.795727234776556,0.0006126277142656158,4.912846338732012e-05,0.0015798976113336105,1.3890287534525211e-05,20.675866146838327,29.0
3.5,2.9642547035855755,2.9797224772529085,2.809343536459489,0.0006678415588191843,5.314072063448022e-05,0.0017411176613006789,1.528895485732324e-05,35.31647605765521,30.0
3.5,2.9765890216006827,3.0761446481713843,2.824955554232357,0.0007679779333363312,5.092315081743908e-05,0.001925197485092038,1.6114511107091134e-05,19.451493708811313,27.0
3.5,2.989057058965628,3.17392139205496,2.8407506580778237,0.0008943500433505467,5.733673439266031e-05,0.002132695132887575,1.564108238556986e-05,38.14522122866012,29.0
3.5,2.9996493366116956,3.2572323291853182,2.8541803861122763,0.0008156468131317261,8.577206672908403e-05,0.0023639264876009164,2.0463361673430968e-05,37.61247183845568,29.0
3.5,3.010047649939126,3.3392359547357255,2.867373954059007,0.0010998410666899748,7.415305822893054e-05,0.0025137469764000015,2.059836008311979e-05,26.925416051791775,29.0
3.5,3.0199612501882647,3.417618379363454,2.8799615164540846,0.0012317142872179086,0.00010224742175178645,0.0027054917002333127,2.4698788769709795e-05,40.9073615903408,28.0
3.5,3.029449526508059,3.492822047359495,2.892017268217663,0.001748848655544431,9.363585204165009e-05,0.0027886233626003855,2.460589233195698e-05,48.20647880492314,30.0
3.5,3.0374438508203014,3.5563244778964958,2.902181064404398,0.0015852004988866093,9.460718812274252e-05,0.0030502774904675044,2.375031020264879e-05,53.198559791392015,28.0
3.5,3.045305362892873,3.618896573308262,2.9121815819510273,0.001754774395798702,0.00010554943545120766,0.0032339036922209193,2.628826033424754e-05,69.16671756319691,29.0
3.5,3.0526900758492106,3.677786272791793,2.9215806063192526,0.001910919224579995,0.00015276181933278145,0.003380893197101205,3.1301434695506564e-05,55.103492610072195,28.0
3.5,3.058234952044841,3.72207581075765,2.928641152702772,0.0022027951541151143,0.00013635578090721956,0.003494991501737672,3.318388344419518e-05,46.43768651715942,29.0
3.5,3.065408058905415,3.7794620214379844,2.9377790808951385,0.0019706680435315795,0.00015108945277777868,0.00376442689759878,3.29618989954647e-05,56.12338569997856,28.0
3.5,3.0730145106959363,3.840427493465198,2.947474082307485,0.00217577077288613,0.0001414097938679384,0.003973574023737037,3.3761679786538276e-05,39.07691241728681,30.0
3.5,3.080965556069169,3.9042785705929752,2.9576138275705377,0.0019998652383729793,0.00018867699046738244,0.004264464964065787,3.9532562554692344e-05,63.11440751216953,28.0
3.5,3.090906186260702,3.98428491499645,2.9702987901372753,0.002315035417964867,0.00019691123406965857,0.0045363140103764415,4.5554039131296996e-05,46.02073328859894,28.0
3.5,3.10206353767238,4.07431933765044,2.984546906421552,0.002968878078498203,0.00023791466360705403,0.004823320561678385,5.156849224939792e-05,36.996469085398395,29.0
3.5,3.114380543488973,4.17400074355373,3.0002888530999354,0.003675560970767005,0.00021793056125786543,0.0051066732275918255,4.806872855741964e-05,22.20865155733596,29.0
3.5,3.1277315967220587,4.282393380564914,3.0173677096731017,0.004070025984511992,0.00027423409351414233,0.0055936329151499466,5.451254980741946e-05,32.873538622317085,28.0
3.5,3.1424273833709573,4.402115618843881,3.0361852049740903,0.005224146711945586,0.0003414935003943377,0.006044012377234169,6.689828937448071e-05,22.12495254852654,29.0
3.5,3.1596862163725246,4.543269739052517,3.0583092699569994,0.0058146777858459845,0.00041058811274109704,0.006828116517619392,7.79598843396518e-05,33.60559999189457,29.0
3.5,3.2010041920965286,4.8836156730105245,3.11138296458801,0.009282424532671462,0.0006978792769655386,0.008540323691046792,0.00011751456155868502,33.602360063264186,29.0
