Z,A,E0,ThetaDeg,nu,cross,error,dataSet
6.0,12.0,0.68,36.0,0.0125,3770.0,240.0,25
6.0,12.0,0.68,36.0,0.0225,8200.0,390.0,25
6.0,12.0,0.68,36.0,0.0325,11500.0,500.0,25
6.0,12.0,0.68,36.0,0.0425,14740.0,610.0,25
6.0,12.0,0.68,36.0,0.0525,18490.0,740.0,25
6.0,12.0,0.68,36.0,0.0625,23630.0,910.0,25
6.0,12.0,0.68,36.0,0.0725,26870.0,1020.0,25
6.0,12.0,0.68,36.0,0.0825,29420.0,1120.0,25
6.0,12.0,0.68,36.0,0.0925,31890.0,1210.0,25
6.0,12.0,0.68,36.0,0.1025,31620.0,1230.0,25
6.0,12.0,0.68,36.0,0.1125,30230.0,1200.0,25
6.0,12.0,0.68,36.0,0.1225,28090.0,1150.0,25
6.0,12.0,0.68,36.0,0.1325,26550.0,1040.0,25
6.0,12.0,0.68,36.0,0.1425,22520.0,930.0,25
6.0,12.0,0.68,36.0,0.1525,19110.0,830.0,25
6.0,12.0,0.68,36.0,0.1625,16730.0,760.0,25
6.0,12.0,0.68,36.0,0.1725,12990.0,650.0,25
6.0,12.0,0.68,36.0,0.1825,11710.0,600.0,25
6.0,12.0,0.68,36.0,0.1925,10240.0,550.0,25
6.0,12.0,0.68,36.0,0.2025,9260.0,510.0,25
6.0,12.0,0.68,36.0,0.2125,8380.0,480.0,25
6.0,12.0,0.68,36.0,0.2225,7460.0,450.0,25
6.0,12.0,0.68,36.0,0.2325,8010.0,460.0,25
6.0,12.0,0.68,36.0,0.2425,7940.0,410.0,25
6.0,12.0,0.68,36.0,0.2525,8260.0,420.0,25
6.0,12.0,0.68,36.0,0.2625,8380.0,470.0,25
6.0,12.0,0.68,36.0,0.2725,9170.0,500.0,25
6.0,12.0,0.68,36.0,0.2825,9680.0,520.0,25
6.0,12.0,0.68,36.0,0.2925,10210.0,540.0,25
6.0,12.0,0.68,36.0,0.3025,10200.0,550.0,25
6.0,12.0,0.68,36.0,0.3125,10870.0,580.0,25
6.0,12.0,0.68,36.0,0.3225,10930.0,590.0,25
6.0,12.0,0.68,36.0,0.3325,11280.0,570.0,25
6.0,12.0,0.68,36.0,0.3425,11430.0,640.0,25
6.0,12.0,0.68,36.0,0.3525,11700.0,670.0,25
6.0,12.0,0.68,36.0,0.3625,11680.0,680.0,25
6.0,12.0,0.68,36.0,0.3725,11920.0,710.0,25
6.0,12.0,0.68,36.0,0.3825,10860.0,700.0,25
6.0,12.0,0.68,36.0,0.3925,10860.0,720.0,25
6.0,12.0,0.68,36.0,0.4025,9460.0,710.0,25
6.0,12.0,0.68,36.0,0.4125,9500.0,740.0,25
6.0,12.0,0.68,36.0,0.4225,9060.0,770.0,25
6.0,12.0,0.68,36.0,0.4325,8550.0,790.0,25
6.0,12.0,0.68,36.0,0.4425,8350.0,840.0,25
6.0,12.0,0.68,36.0,0.4525,8390.0,840.0,25
6.0,12.0,0.68,36.0,0.4625,7650.0,930.0,25
6.0,12.0,0.68,36.0,0.4725,7200.0,1000.0,25
6.0,12.0,0.68,36.0,0.4825,7200.0,1090.0,25
6.0,12.0,0.68,36.0,0.4925,7090.0,1210.0,25
6.0,12.0,0.68,36.0,0.5025,7050.0,1400.0,25
6.0,12.0,0.62,36.0,0.0125,16870.0,590.0,25
6.0,12.0,0.62,36.0,0.0225,18290.0,660.0,25
6.0,12.0,0.62,36.0,0.0325,18310.0,690.0,25
6.0,12.0,0.62,36.0,0.0425,25880.0,930.0,25
6.0,12.0,0.62,36.0,0.0525,30210.0,1080.0,25
6.0,12.0,0.62,36.0,0.0625,35980.0,1270.0,25
6.0,12.0,0.62,36.0,0.0725,41130.0,1370.0,25
6.0,12.0,0.62,36.0,0.0825,42830.0,1450.0,25
6.0,12.0,0.62,36.0,0.0925,42220.0,1460.0,25
6.0,12.0,0.62,36.0,0.1025,39590.0,1410.0,25
6.0,12.0,0.62,36.0,0.1125,36340.0,1350.0,25
6.0,12.0,0.62,36.0,0.1225,30800.0,1200.0,25
6.0,12.0,0.62,36.0,0.1325,26490.0,1080.0,25
6.0,12.0,0.62,36.0,0.1425,21550.0,930.0,25
6.0,12.0,0.62,36.0,0.1525,17850.0,810.0,25
6.0,12.0,0.62,36.0,0.1625,14580.0,710.0,25
6.0,12.0,0.62,36.0,0.1725,12240.0,630.0,25
6.0,12.0,0.62,36.0,0.1825,10630.0,560.0,25
6.0,12.0,0.62,36.0,0.1925,9760.0,520.0,25
6.0,12.0,0.62,36.0,0.2025,9100.0,570.0,25
6.0,12.0,0.62,36.0,0.2125,8380.0,550.0,25
6.0,12.0,0.62,36.0,0.2225,8540.0,550.0,25
6.0,12.0,0.62,36.0,0.2325,9150.0,580.0,25
6.0,12.0,0.62,36.0,0.2425,9730.0,590.0,25
6.0,12.0,0.62,36.0,0.2525,9880.0,600.0,25
6.0,12.0,0.62,36.0,0.2625,10880.0,640.0,25
6.0,12.0,0.62,36.0,0.2725,11160.0,610.0,25
6.0,12.0,0.62,36.0,0.2825,11500.0,700.0,25
6.0,12.0,0.62,36.0,0.2925,12170.0,740.0,25
6.0,12.0,0.62,36.0,0.3025,12420.0,770.0,25
6.0,12.0,0.62,36.0,0.3125,12290.0,790.0,25
6.0,12.0,0.62,36.0,0.3225,13420.0,850.0,25
6.0,12.0,0.62,36.0,0.3325,13190.0,880.0,25
6.0,12.0,0.62,36.0,0.3425,13440.0,860.0,25
6.0,12.0,0.62,36.0,0.3525,12860.0,970.0,25
6.0,12.0,0.62,36.0,0.3625,12710.0,1010.0,25
6.0,12.0,0.62,36.0,0.3725,11580.0,1030.0,25
6.0,12.0,0.62,36.0,0.3825,12510.0,1120.0,25
6.0,12.0,0.62,36.0,0.3925,12170.0,1180.0,25
6.0,12.0,0.62,36.0,0.4025,11130.0,1210.0,25
6.0,12.0,0.62,36.0,0.4125,11570.0,1320.0,25
6.0,12.0,0.62,36.0,0.4225,9990.0,1370.0,25
6.0,12.0,0.62,36.0,0.4325,9720.0,1500.0,25
6.0,12.0,0.62,36.0,0.4425,10150.0,1610.0,25
6.0,12.0,0.56,36.0,0.0125,52550.0,1650.0,25
6.0,12.0,0.56,36.0,0.0225,30650.0,1090.0,25
6.0,12.0,0.56,36.0,0.0325,35030.0,1250.0,25
6.0,12.0,0.56,36.0,0.0425,44090.0,1550.0,25
6.0,12.0,0.56,36.0,0.0525,51190.0,2000.0,25
6.0,12.0,0.56,36.0,0.0625,55510.0,2170.0,25
6.0,12.0,0.56,36.0,0.0725,58570.0,2300.0,25
6.0,12.0,0.56,36.0,0.0825,55270.0,2250.0,25
6.0,12.0,0.56,36.0,0.0925,53500.0,2220.0,25
6.0,12.0,0.56,36.0,0.1025,45030.0,2000.0,25
6.0,12.0,0.56,36.0,0.1125,37340.0,1770.0,25
6.0,12.0,0.56,36.0,0.1225,30420.0,1350.0,25
6.0,12.0,0.56,36.0,0.1325,23200.0,1130.0,25
6.0,12.0,0.56,36.0,0.1425,18790.0,1040.0,25
6.0,12.0,0.56,36.0,0.1525,15700.0,940.0,25
6.0,12.0,0.56,36.0,0.1625,12760.0,840.0,25
6.0,12.0,0.56,36.0,0.1725,10740.0,760.0,25
6.0,12.0,0.56,36.0,0.1825,9150.0,710.0,25
6.0,12.0,0.56,36.0,0.1925,9990.0,730.0,25
6.0,12.0,0.56,36.0,0.2025,9560.0,720.0,25
6.0,12.0,0.56,36.0,0.2125,9830.0,630.0,25
6.0,12.0,0.56,36.0,0.2225,9760.0,670.0,25
6.0,12.0,0.56,36.0,0.2325,10560.0,710.0,25
6.0,12.0,0.56,36.0,0.24252,10890.0,740.0,25
6.0,12.0,0.56,36.0,0.2525,12560.0,810.0,25
6.0,12.0,0.56,36.0,0.2625,11700.0,820.0,25
6.0,12.0,0.56,36.0,0.2725,13180.0,900.0,25
6.0,12.0,0.56,36.0,0.2825,14010.0,920.0,25
6.0,12.0,0.56,36.0,0.2925,14230.0,1050.0,25
6.0,12.0,0.56,36.0,0.3025,13360.0,1080.0,25
6.0,12.0,0.56,36.0,0.3125,14040.0,1160.0,25
6.0,12.0,0.56,36.0,0.3225,13960.0,1230.0,25
6.0,12.0,0.56,36.0,0.3325,14960.0,1350.0,25
6.0,12.0,0.56,36.0,0.3425,14280.0,1460.0,25
6.0,12.0,0.56,36.0,0.3525,14780.0,1590.0,25
6.0,12.0,0.56,36.0,0.3625,13730.0,1680.0,25
6.0,12.0,0.56,36.0,0.3725,14170.0,1860.0,25
6.0,12.0,0.56,36.0,0.3825,12780.0,1920.0,25
6.0,12.0,0.48,36.0,0.0125,101700.0,3380.0,25
6.0,12.0,0.48,36.0,0.0175,82540.0,2880.0,25
6.0,12.0,0.48,36.0,0.0225,62480.0,2380.0,25
6.0,12.0,0.48,36.0,0.0275,60700.0,2360.0,25
6.0,12.0,0.48,36.0,0.0325,74870.0,2790.0,25
6.0,12.0,0.48,36.0,0.0375,76930.0,2880.0,25
6.0,12.0,0.48,36.0,0.0425,82520.0,2820.0,25
6.0,12.0,0.48,36.0,0.0475,86680.0,2970.0,25
6.0,12.0,0.48,36.0,0.0525,90870.0,3130.0,25
6.0,12.0,0.48,36.0,0.0575,90590.0,3180.0,25
6.0,12.0,0.48,36.0,0.0625,88260.0,3150.0,25
6.0,12.0,0.48,36.0,0.0675,86560.0,3130.0,25
6.0,12.0,0.48,36.0,0.0725,80110.0,2970.0,25
6.0,12.0,0.48,36.0,0.0775,74390.0,2820.0,25
6.0,12.0,0.48,36.0,0.0825,68270.0,2660.0,25
6.0,12.0,0.48,36.0,0.0875,62230.0,2490.0,25
6.0,12.0,0.48,36.0,0.0925,55530.0,2290.0,25
6.0,12.0,0.48,36.0,0.0975,48520.0,2090.0,25
6.0,12.0,0.48,36.0,0.1025,42720.0,1910.0,25
6.0,12.0,0.48,36.0,0.1075,36610.0,1730.0,25
6.0,12.0,0.48,36.0,0.1125,32870.0,1610.0,25
6.0,12.0,0.48,36.0,0.1175,28140.0,1460.0,25
6.0,12.0,0.48,36.0,0.1225,24910.0,1360.0,25
6.0,12.0,0.48,36.0,0.1275,22050.0,1240.0,25
6.0,12.0,0.48,36.0,0.1325,19570.0,1160.0,25
6.0,12.0,0.48,36.0,0.1375,17090.0,1230.0,25
6.0,12.0,0.48,36.0,0.1425,14850.0,1150.0,25
6.0,12.0,0.48,36.0,0.1475,14320.0,1130.0,25
6.0,12.0,0.48,36.0,0.1525,12820.0,1090.0,25
6.0,12.0,0.48,36.0,0.1575,11860.0,1060.0,25
6.0,12.0,0.48,36.0,0.1625,11580.0,1050.0,25
6.0,12.0,0.48,36.0,0.1675,11460.0,1050.0,25
6.0,12.0,0.48,36.0,0.1725,11510.0,1060.0,25
6.0,12.0,0.48,36.0,0.1775,11320.0,1060.0,25
6.0,12.0,0.48,36.0,0.1825,10280.0,1040.0,25
6.0,12.0,0.48,36.0,0.1875,9870.0,1040.0,25
6.0,12.0,0.48,36.0,0.1925,9100.0,1030.0,25
6.0,12.0,0.48,36.0,0.1975,9870.0,960.0,25
6.0,12.0,0.48,36.0,0.2025,10450.0,990.0,25
6.0,12.0,0.48,36.0,0.2075,11760.0,1130.0,25
6.0,12.0,0.48,36.0,0.2125,12070.0,1170.0,25
6.0,12.0,0.48,36.0,0.2175,12000.0,1190.0,25
6.0,12.0,0.48,36.0,0.2225,12410.0,1240.0,25
6.0,12.0,0.48,36.0,0.2275,13280.0,1300.0,25
6.0,12.0,0.48,36.0,0.2325,13460.0,1350.0,25
6.0,12.0,0.48,36.0,0.2375,13960.0,1410.0,25
6.0,12.0,0.48,36.0,0.2425,13920.0,1450.0,25
6.0,12.0,0.48,36.0,0.2475,14660.0,1520.0,25
6.0,12.0,0.48,36.0,0.2525,15660.0,1610.0,25
6.0,12.0,0.48,36.0,0.2575,14070.0,1610.0,25
6.0,12.0,0.48,36.0,0.2625,15270.0,1710.0,25
6.0,12.0,0.48,36.0,0.2675,14210.0,1740.0,25
6.0,12.0,0.48,36.0,0.2725,16379.999999999998,1980.0,25
6.0,12.0,0.48,36.0,0.2775,16540.0,1970.0,25
6.0,12.0,0.48,36.0,0.2825,16230.0,2040.0,25
6.0,12.0,0.48,36.0,0.2875,16309.999999999998,2140.0,25
6.0,12.0,0.48,36.0,0.2925,16800.0,2260.0,25
6.0,12.0,0.48,36.0,0.2975,15240.0,2240.0,25
6.0,12.0,0.48,36.0,0.3025,16810.0,2420.0,25
6.0,12.0,0.48,36.0,0.3075,19220.0,2720.0,25
6.0,12.0,0.4,36.0,0.0125,181000.0,7550.0,25
6.0,12.0,0.4,36.0,0.0175,124500.0,5700.0,25
6.0,12.0,0.4,36.0,0.0225,110900.0,5260.0,25
6.0,12.0,0.4,36.0,0.0275,125700.0,5650.0,25
6.0,12.0,0.4,36.0,0.0325,137900.0,5990.0,25
6.0,12.0,0.4,36.0,0.0375,139800.0,6060.0,25
6.0,12.0,0.4,36.0,0.0425,132400.0,5870.0,25
6.0,12.0,0.4,36.0,0.0475,134200.0,5510.0,25
6.0,12.0,0.4,36.0,0.0525,129900.0,5400.0,25
6.0,12.0,0.4,36.0,0.0575,122900.0,5190.0,25
6.0,12.0,0.4,36.0,0.0625,115400.0,4980.0,25
6.0,12.0,0.4,36.0,0.0675,96580.0,4440.0,25
6.0,12.0,0.4,36.0,0.0725,89120.0,4220.0,25
6.0,12.0,0.4,36.0,0.0775,77230.0,3850.0,25
6.0,12.0,0.4,36.0,0.0825,63340.0,3430.0,25
6.0,12.0,0.4,36.0,0.0875,56660.0,3210.0,25
6.0,12.0,0.4,36.0,0.0925,48490.0,2950.0,25
6.0,12.0,0.4,36.0,0.0975,41300.0,2720.0,25
6.0,12.0,0.4,36.0,0.1025,34030.0,2490.0,25
6.0,12.0,0.4,36.0,0.1075,30360.0,2370.0,25
6.0,12.0,0.4,36.0,0.1125,24060.0,2170.0,25
6.0,12.0,0.4,36.0,0.1175,21810.0,1970.0,25
6.0,12.0,0.4,36.0,0.1225,19590.0,2060.0,25
6.0,12.0,0.4,36.0,0.1275,16400.0,1960.0,25
6.0,12.0,0.4,36.0,0.1325,15700.0,1960.0,25
6.0,12.0,0.4,36.0,0.1375,13260.0,1900.0,25
6.0,12.0,0.4,36.0,0.1425,12450.0,1900.0,25
6.0,12.0,0.4,36.0,0.1475,13530.0,1960.0,25
6.0,12.0,0.4,36.0,0.1525,11870.0,1940.0,25
6.0,12.0,0.4,36.0,0.1575,10200.0,1920.0,25
6.0,12.0,0.32,36.0,0.0125,284100.0,17800.0,25
6.0,12.0,0.32,36.0,0.0175,154200.0,11790.0,25
6.0,12.0,0.32,36.0,0.0225,187100.0,11970.0,25
6.0,12.0,0.32,36.0,0.0275,260200.0,13810.0,25
6.0,12.0,0.32,36.0,0.0325,227700.0,12390.0,25
6.0,12.0,0.32,36.0,0.0375,204300.0,11440.0,25
6.0,12.0,0.32,36.0,0.0425,188000.0,10770.0,25
6.0,12.0,0.32,36.0,0.0475,175900.0,10270.0,25
6.0,12.0,0.32,36.0,0.0525,151700.0,9410.0,25
6.0,12.0,0.32,36.0,0.0575,133700.0,8770.0,25
6.0,12.0,0.32,36.0,0.0625,107500.0,7860.0,25
6.0,12.0,0.32,36.0,0.0675,91440.0,7270.0,25
6.0,12.0,0.32,36.0,0.0725,78750.0,6800.0,25
6.0,12.0,0.32,36.0,0.0775,61850.0,6190.0,25
6.0,12.0,0.32,36.0,0.0825,51520.0,5810.0,25
6.0,12.0,0.32,36.0,0.0875,43880.0,5520.0,25
6.0,12.0,0.32,36.0,0.0925,32750.0,4790.0,25
6.0,12.0,0.24,36.0,0.0125,361300.0,50450.0,25
6.0,12.0,0.24,36.0,0.0175,304100.0,41200.0,25
6.0,12.0,0.24,36.0,0.0225,497200.0,43530.0,25
6.0,12.0,0.24,36.0,0.0275,462100.0,39490.0,25
6.0,12.0,0.24,36.0,0.0325,361500.0,34100.0,25
6.0,12.0,0.24,36.0,0.0375,291200.0,30190.0,25
6.0,12.0,0.24,36.0,0.0425,260000.0,28030.0,25
6.0,12.0,0.24,36.0,0.0475,206600.0,25240.0,25
6.0,12.0,0.24,36.0,0.0525,137900.0,24360.0,25
6.0,12.0,0.24,36.0,0.0575,138300.0,19810.0,25
6.0,12.0,0.24,36.0,0.0625,102200.0,18420.0,25
6.0,12.0,0.2,36.0,0.0175,435600.0,78230.0,25
6.0,12.0,0.2,36.0,0.0225,601100.0,75240.0,25
6.0,12.0,0.2,36.0,0.0275,650100.0,70570.0,25
6.0,12.0,0.2,36.0,0.0325,455800.0,58990.0,25
6.0,12.0,0.2,36.0,0.0375,375600.0,53380.0,25
6.0,12.0,0.2,36.0,0.0425,276200.0,47410.0,25
6.0,12.0,0.2,36.0,0.0475,200300.0,42920.0,25
6.0,12.0,0.16,36.0,0.0125,410600.0,183200.0,25
6.0,12.0,0.16,36.0,0.0175,409000.0,147500.0,25
6.0,12.0,0.16,36.0,0.0225,790800.0,146500.0,25
6.0,12.0,0.16,36.0,0.0275,542100.0,123000.0,25
6.0,12.0,0.68,60.0,0.0475,50.0,10.0,25
6.0,12.0,0.68,60.0,0.0575,40.0,10.0,25
6.0,12.0,0.68,60.0,0.0675,120.0,10.0,25
6.0,12.0,0.68,60.0,0.0775,160.0,20.0,25
6.0,12.0,0.68,60.0,0.0875,310.0,20.0,25
6.0,12.0,0.68,60.0,0.0975,450.0,30.0,25
6.0,12.0,0.68,60.0,0.1075,610.0,40.0,25
6.0,12.0,0.68,60.0,0.1175,770.0,40.0,25
6.0,12.0,0.68,60.0,0.1275,1020.0,100.0,25
6.0,12.0,0.68,60.0,0.1375,1220.0,50.0,25
6.0,12.0,0.68,60.0,0.1475,1570.0,60.0,25
6.0,12.0,0.68,60.0,0.1575,1830.0,70.0,25
6.0,12.0,0.68,60.0,0.1675,1990.0,80.0,25
6.0,12.0,0.68,60.0,0.1775,2240.0,90.0,25
6.0,12.0,0.68,60.0,0.1875,2400.0,100.0,25
6.0,12.0,0.68,60.0,0.1975,2510.0,100.0,25
6.0,12.0,0.68,60.0,0.2075,2450.0,100.0,25
6.0,12.0,0.68,60.0,0.2175,2530.0,100.0,25
6.0,12.0,0.68,60.0,0.2275,2430.0,100.0,25
6.0,12.0,0.68,60.0,0.2375,2290.0,100.0,25
6.0,12.0,0.68,60.0,0.2475,2130.0,90.0,25
6.0,12.0,0.68,60.0,0.2575,1950.0,90.0,25
6.0,12.0,0.68,60.0,0.2675,1620.0,80.0,25
6.0,12.0,0.68,60.0,0.2775,1600.0,80.0,25
6.0,12.0,0.68,60.0,0.2875,1470.0,80.0,25
6.0,12.0,0.68,60.0,0.2975,1440.0,70.0,25
6.0,12.0,0.68,60.0,0.3075,1390.0,70.0,25
6.0,12.0,0.68,60.0,0.3175,1510.0,80.0,25
6.0,12.0,0.68,60.0,0.3275,1430.0,70.0,25
6.0,12.0,0.68,60.0,0.3375,1460.0,80.0,25
6.0,12.0,0.68,60.0,0.3475,1540.0,80.0,25
6.0,12.0,0.68,60.0,0.3575,1650.0,90.0,25
6.0,12.0,0.68,60.0,0.3675,1740.0,90.0,25
6.0,12.0,0.68,60.0,0.3775,1780.0,100.0,25
6.0,12.0,0.68,60.0,0.3875,1990.0,100.0,25
6.0,12.0,0.68,60.0,0.3975,1980.0,100.0,25
6.0,12.0,0.68,60.0,0.4075,1990.0,110.0,25
6.0,12.0,0.68,60.0,0.4175,2050.0,120.0,25
6.0,12.0,0.68,60.0,0.4275,2220.0,120.0,25
6.0,12.0,0.68,60.0,0.4375,2000.0,120.0,25
6.0,12.0,0.68,60.0,0.4475,2250.0,130.0,25
6.0,12.0,0.68,60.0,0.4575,2080.0,140.0,25
6.0,12.0,0.68,60.0,0.4675,2140.0,150.0,25
6.0,12.0,0.68,60.0,0.4775,1950.0,150.0,25
6.0,12.0,0.68,60.0,0.4875,2029.9999999999998,170.0,25
6.0,12.0,0.68,60.0,0.4975,1740.0,160.0,25
6.0,12.0,0.68,60.0,0.5075,1740.0,180.0,25
6.0,12.0,0.68,60.0,0.5175,1680.0,200.0,25
6.0,12.0,0.68,60.0,0.5275,1580.0,230.0,25
6.0,12.0,0.68,60.0,0.5375,1480.0,250.0,25
6.0,12.0,0.68,60.0,0.5475,1480.0,300.0,25
6.0,12.0,0.62,60.0,0.0375,90.0,10.0,25
6.0,12.0,0.62,60.0,0.0475,150.0,10.0,25
6.0,12.0,0.62,60.0,0.0575,260.0,10.0,25
6.0,12.0,0.62,60.0,0.0675,430.0,20.0,25
6.0,12.0,0.62,60.0,0.0775,660.0,30.0,25
6.0,12.0,0.62,60.0,0.0875,980.0,40.0,25
6.0,12.0,0.62,60.0,0.0975,1320.0,50.0,25
6.0,12.0,0.62,60.0,0.1075,1700.0,60.0,25
6.0,12.0,0.62,60.0,0.1175,2009.9999999999998,80.0,25
6.0,12.0,0.62,60.0,0.1275,2480.0,100.0,25
6.0,12.0,0.62,60.0,0.1375,2910.0,110.0,25
6.0,12.0,0.62,60.0,0.1475,3110.0,120.0,25
6.0,12.0,0.62,60.0,0.1575,3350.0,130.0,25
6.0,12.0,0.62,60.0,0.1675,3670.0,140.0,25
6.0,12.0,0.62,60.0,0.1775,3650.0,150.0,25
6.0,12.0,0.62,60.0,0.1875,3570.0,140.0,25
6.0,12.0,0.62,60.0,0.1975,3490.0,150.0,25
6.0,12.0,0.62,60.0,0.2075,3140.0,140.0,25
6.0,12.0,0.62,60.0,0.2175,2840.0,130.0,25
6.0,12.0,0.62,60.0,0.2275,2510.0,120.0,25
6.0,12.0,0.62,60.0,0.2375,2380.0,120.0,25
6.0,12.0,0.62,60.0,0.2475,2160.0,110.0,25
6.0,12.0,0.62,60.0,0.2575,1970.0,100.0,25
6.0,12.0,0.62,60.0,0.2675,1870.0,90.0,25
6.0,12.0,0.62,60.0,0.2775,1670.0,100.0,25
6.0,12.0,0.62,60.0,0.2875,1670.0,100.0,25
6.0,12.0,0.62,60.0,0.2975,1790.0,100.0,25
6.0,12.0,0.62,60.0,0.3075,1830.0,100.0,25
6.0,12.0,0.62,60.0,0.3175,1890.0,110.0,25
6.0,12.0,0.62,60.0,0.3275,2150.0,120.0,25
6.0,12.0,0.62,60.0,0.3375,2270.0,110.0,25
6.0,12.0,0.62,60.0,0.3475,2320.0,130.0,25
6.0,12.0,0.62,60.0,0.3575,2370.0,130.0,25
6.0,12.0,0.62,60.0,0.3675,2580.0,140.0,25
6.0,12.0,0.62,60.0,0.3775,2640.0,150.0,25
6.0,12.0,0.62,60.0,0.3875,2800.0,160.0,25
6.0,12.0,0.62,60.0,0.3975,2680.0,170.0,25
6.0,12.0,0.62,60.0,0.4075,2750.0,180.0,25
6.0,12.0,0.62,60.0,0.4175,2590.0,190.0,25
6.0,12.0,0.62,60.0,0.4275,2690.0,200.0,25
6.0,12.0,0.62,60.0,0.4375,2680.0,210.0,25
6.0,12.0,0.62,60.0,0.4475,2430.0,270.0,25
6.0,12.0,0.62,60.0,0.4575,2180.0,290.0,25
6.0,12.0,0.62,60.0,0.4675,2300.0,320.0,25
6.0,12.0,0.62,60.0,0.4775,2000.0,310.0,25
6.0,12.0,0.62,60.0,0.4875,2170.0,370.0,25
6.0,12.0,0.62,60.0,0.4975,1890.0,430.0,25
6.0,12.0,0.56,60.0,0.0125,30.0,10.0,25
6.0,12.0,0.56,60.0,0.0225,30.0,10.0,25
6.0,12.0,0.56,60.0,0.0325,320.0,20.0,25
6.0,12.0,0.56,60.0,0.0425,480.0,20.0,25
6.0,12.0,0.56,60.0,0.0525,750.0,40.0,25
6.0,12.0,0.56,60.0,0.0625,1170.0,60.0,25
6.0,12.0,0.56,60.0,0.0725,1620.0,70.0,25
6.0,12.0,0.56,60.0,0.0825,2210.0,90.0,25
6.0,12.0,0.56,60.0,0.0925,2780.0,110.0,25
6.0,12.0,0.56,60.0,0.1025,3430.0,140.0,25
6.0,12.0,0.56,60.0,0.1125,3930.0,150.0,25
6.0,12.0,0.56,60.0,0.1225,4540.0,160.0,25
6.0,12.0,0.56,60.0,0.1325,4760.0,170.0,25
6.0,12.0,0.56,60.0,0.1425,4960.0,190.0,25
6.0,12.0,0.56,60.0,0.1525,4950.0,190.0,25
6.0,12.0,0.56,60.0,0.1625,4800.0,190.0,25
6.0,12.0,0.56,60.0,0.1725,4670.0,190.0,25
6.0,12.0,0.56,60.0,0.1825,4260.0,180.0,25
6.0,12.0,0.56,60.0,0.1925,3970.0,170.0,25
6.0,12.0,0.56,60.0,0.2025,3510.0,160.0,25
6.0,12.0,0.56,60.0,0.2125,2930.0,130.0,25
6.0,12.0,0.56,60.0,0.2225,2560.0,140.0,25
6.0,12.0,0.56,60.0,0.2325,2380.0,130.0,25
6.0,12.0,0.56,60.0,0.2425,2120.0,120.0,25
6.0,12.0,0.56,60.0,0.2525,2100.0,120.0,25
6.0,12.0,0.56,60.0,0.2625,2050.0,120.0,25
6.0,12.0,0.56,60.0,0.2725,2210.0,130.0,25
6.0,12.0,0.56,60.0,0.2825,2240.0,120.0,25
6.0,12.0,0.56,60.0,0.2925,2330.0,140.0,25
6.0,12.0,0.56,60.0,0.3025,2520.0,150.0,25
6.0,12.0,0.56,60.0,0.3125,2760.0,160.0,25
6.0,12.0,0.56,60.0,0.3225,2820.0,170.0,25
6.0,12.0,0.56,60.0,0.3325,3110.0,180.0,25
6.0,12.0,0.56,60.0,0.3425,3240.0,200.0,25
6.0,12.0,0.56,60.0,0.3525,3100.0,210.0,25
6.0,12.0,0.56,60.0,0.3625,3420.0,230.0,25
6.0,12.0,0.56,60.0,0.3725,3630.0,260.0,25
6.0,12.0,0.56,60.0,0.3825,3400.0,260.0,25
6.0,12.0,0.56,60.0,0.3925,3360.0,300.0,25
6.0,12.0,0.56,60.0,0.4025,3280.0,330.0,25
6.0,12.0,0.56,60.0,0.4125,3130.0,360.0,25
6.0,12.0,0.56,60.0,0.4225,2890.0,420.0,25
6.0,12.0,0.56,60.0,0.4325,2860.0,490.0,25
6.0,12.0,0.56,60.0,0.4425,2490.0,590.0,25
6.0,12.0,0.5187999999999999,60.0,0.011300000000000001,250.0,20.0,25
6.0,12.0,0.5187999999999999,60.0,0.0213,90.0,10.0,25
6.0,12.0,0.5187999999999999,60.0,0.0313,820.0,30.0,25
6.0,12.0,0.5187999999999999,60.0,0.041299999999999996,1040.0,40.0,25
6.0,12.0,0.5187999999999999,60.0,0.0513,1590.0,40.0,25
6.0,12.0,0.5187999999999999,60.0,0.0613,2300.0,50.0,25
6.0,12.0,0.5187999999999999,60.0,0.0713,3130.0,70.0,25
6.0,12.0,0.5187999999999999,60.0,0.0813,3830.0,80.0,25
6.0,12.0,0.5187999999999999,60.0,0.09129999999999999,4660.0,90.0,25
6.0,12.0,0.5187999999999999,60.0,0.1013,5300.0,100.0,25
6.0,12.0,0.5187999999999999,60.0,0.1113,5980.0,120.0,25
6.0,12.0,0.5187999999999999,60.0,0.12129999999999999,6280.0,120.0,25
6.0,12.0,0.5187999999999999,60.0,0.1313,6400.0,120.0,25
6.0,12.0,0.5187999999999999,60.0,0.1413,6440.0,130.0,25
6.0,12.0,0.5187999999999999,60.0,0.15130000000000002,6060.0,130.0,25
6.0,12.0,0.5187999999999999,60.0,0.1613,5490.0,120.0,25
6.0,12.0,0.5187999999999999,60.0,0.1713,4910.0,120.0,25
6.0,12.0,0.5187999999999999,60.0,0.18130000000000002,4280.0,110.0,25
6.0,12.0,0.5187999999999999,60.0,0.1913,3530.0,100.0,25
6.0,12.0,0.5187999999999999,60.0,0.2013,3190.0,100.0,25
6.0,12.0,0.5187999999999999,60.0,0.21130000000000002,2880.0,90.0,25
6.0,12.0,0.5187999999999999,60.0,0.22130000000000002,2510.0,80.0,25
6.0,12.0,0.5187999999999999,60.0,0.2313,2360.0,80.0,25
6.0,12.0,0.5187999999999999,60.0,0.24130000000000001,2310.0,80.0,25
6.0,12.0,0.5187999999999999,60.0,0.2513,2430.0,80.0,25
6.0,12.0,0.5187999999999999,60.0,0.26130000000000003,2620.0,90.0,25
6.0,12.0,0.5187999999999999,60.0,0.2713,2650.0,100.0,25
6.0,12.0,0.5187999999999999,60.0,0.2813,3090.0,100.0,25
6.0,12.0,0.5187999999999999,60.0,0.2913,3200.0,110.0,25
6.0,12.0,0.5187999999999999,60.0,0.3013,3470.0,120.0,25
6.0,12.0,0.5187999999999999,60.0,0.3113,3560.0,120.0,25
6.0,12.0,0.5187999999999999,60.0,0.32130000000000003,3810.0,140.0,25
6.0,12.0,0.5187999999999999,60.0,0.33130000000000004,3850.0,150.0,25
6.0,12.0,0.5187999999999999,60.0,0.3413,3840.0,170.0,25
6.0,12.0,0.5187999999999999,60.0,0.3513,4130.0,200.0,25
6.0,12.0,0.5187999999999999,60.0,0.3613,4000.0,230.0,25
6.0,12.0,0.5187999999999999,60.0,0.3713,3920.0,270.0,25
6.0,12.0,0.4798,60.0,0.0123,380.0,10.0,25
6.0,12.0,0.4798,60.0,0.0173,350.0,20.0,25
6.0,12.0,0.4798,60.0,0.0223,490.0,20.0,25
6.0,12.0,0.4798,60.0,0.0273,1260.0,30.0,25
6.0,12.0,0.4798,60.0,0.032299999999999995,1700.0,30.0,25
6.0,12.0,0.4798,60.0,0.0373,1770.0,40.0,25
6.0,12.0,0.4798,60.0,0.0423,2250.0,40.0,25
6.0,12.0,0.4798,60.0,0.047299999999999995,2600.0,50.0,25
6.0,12.0,0.4798,60.0,0.0523,3140.0,60.0,25
6.0,12.0,0.4798,60.0,0.0573,3600.0,60.0,25
6.0,12.0,0.4798,60.0,0.062299999999999994,4150.0,70.0,25
6.0,12.0,0.4798,60.0,0.0673,4780.0,80.0,25
6.0,12.0,0.4798,60.0,0.0723,5270.0,90.0,25
6.0,12.0,0.4798,60.0,0.0773,5740.0,100.0,25
6.0,12.0,0.4798,60.0,0.0823,6260.0,100.0,25
6.0,12.0,0.4798,60.0,0.0873,6660.0,110.0,25
6.0,12.0,0.4798,60.0,0.0923,6990.0,120.0,25
6.0,12.0,0.4798,60.0,0.0973,7510.0,130.0,25
6.0,12.0,0.4798,60.0,0.1023,7690.0,130.0,25
6.0,12.0,0.4798,60.0,0.10729999999999999,7890.0,140.0,25
6.0,12.0,0.4798,60.0,0.1123,8189.999999999999,140.0,25
6.0,12.0,0.4798,60.0,0.1173,8010.0,150.0,25
6.0,12.0,0.4798,60.0,0.12229999999999999,8119.999999999999,150.0,25
6.0,12.0,0.4798,60.0,0.1273,8150.0,150.0,25
6.0,12.0,0.4798,60.0,0.1323,7930.0,150.0,25
6.0,12.0,0.4798,60.0,0.1373,7650.0,150.0,25
6.0,12.0,0.4798,60.0,0.1423,7140.0,150.0,25
6.0,12.0,0.4798,60.0,0.14730000000000001,6640.0,140.0,25
6.0,12.0,0.4798,60.0,0.15230000000000002,6290.0,140.0,25
6.0,12.0,0.4798,60.0,0.15730000000000002,5860.0,140.0,25
6.0,12.0,0.4798,60.0,0.1623,5500.0,130.0,25
6.0,12.0,0.4798,60.0,0.1673,5170.0,120.0,25
6.0,12.0,0.4798,60.0,0.1723,4680.0,110.0,25
6.0,12.0,0.4798,60.0,0.1773,4330.0,110.0,25
6.0,12.0,0.4798,60.0,0.18230000000000002,3990.0,110.0,25
6.0,12.0,0.4798,60.0,0.18730000000000002,3680.0,100.0,25
6.0,12.0,0.4798,60.0,0.1923,3410.0,100.0,25
6.0,12.0,0.4798,60.0,0.1973,3260.0,90.0,25
6.0,12.0,0.4798,60.0,0.2023,3100.0,90.0,25
6.0,12.0,0.4798,60.0,0.2073,2960.0,90.0,25
6.0,12.0,0.4798,60.0,0.21230000000000002,2850.0,90.0,25
6.0,12.0,0.4798,60.0,0.21730000000000002,2760.0,90.0,25
6.0,12.0,0.4798,60.0,0.2223,2690.0,90.0,25
6.0,12.0,0.4798,60.0,0.2273,2710.0,90.0,25
6.0,12.0,0.4798,60.0,0.2323,2700.0,90.0,25
6.0,12.0,0.4798,60.0,0.2373,2790.0,90.0,25
6.0,12.0,0.4798,60.0,0.24230000000000002,2770.0,100.0,25
6.0,12.0,0.4798,60.0,0.24730000000000002,2940.0,100.0,25
6.0,12.0,0.4798,60.0,0.2523,3070.0,110.0,25
6.0,12.0,0.4798,60.0,0.25730000000000003,3180.0,110.0,25
6.0,12.0,0.4798,60.0,0.26230000000000003,3210.0,120.0,25
6.0,12.0,0.4798,60.0,0.26730000000000004,3300.0,120.0,25
6.0,12.0,0.4798,60.0,0.2723,3330.0,140.0,25
6.0,12.0,0.4798,60.0,0.2773,3470.0,140.0,25
6.0,12.0,0.4798,60.0,0.2823,3650.0,140.0,25
6.0,12.0,0.4798,60.0,0.2873,3700.0,150.0,25
6.0,12.0,0.4798,60.0,0.2923,3820.0,170.0,25
6.0,12.0,0.4798,60.0,0.2973,4040.0,170.0,25
6.0,12.0,0.4798,60.0,0.3023,4000.0,180.0,25
6.0,12.0,0.4798,60.0,0.3073,4110.0,190.0,25
6.0,12.0,0.4798,60.0,0.3123,4340.0,210.0,25
6.0,12.0,0.4798,60.0,0.3173,4380.0,220.0,25
6.0,12.0,0.4798,60.0,0.32230000000000003,4260.0,240.0,25
6.0,12.0,0.4798,60.0,0.32730000000000004,4450.0,260.0,25
6.0,12.0,0.4798,60.0,0.3323,4550.0,290.0,25
6.0,12.0,0.4798,60.0,0.3373,4530.0,310.0,25
6.0,12.0,0.4798,60.0,0.3423,4620.0,400.0,25
6.0,12.0,0.44,60.0,0.0075,830.0,30.0,25
6.0,12.0,0.44,60.0,0.0125,1210.0,40.0,25
6.0,12.0,0.44,60.0,0.0175,1320.0,30.0,25
6.0,12.0,0.44,60.0,0.0225,1770.0,30.0,25
6.0,12.0,0.44,60.0,0.0275,2960.0,50.0,25
6.0,12.0,0.44,60.0,0.0325,3140.0,60.0,25
6.0,12.0,0.44,60.0,0.0375,3640.0,60.0,25
6.0,12.0,0.44,60.0,0.0425,4360.0,70.0,25
6.0,12.0,0.44,60.0,0.0475,4940.0,80.0,25
6.0,12.0,0.44,60.0,0.0525,5800.0,90.0,25
6.0,12.0,0.44,60.0,0.0575,6530.0,100.0,25
6.0,12.0,0.44,60.0,0.0625,7440.0,120.0,25
6.0,12.0,0.44,60.0,0.0675,8090.0,130.0,25
6.0,12.0,0.44,60.0,0.0725,8920.0,140.0,25
6.0,12.0,0.44,60.0,0.0775,9470.0,150.0,25
6.0,12.0,0.44,60.0,0.0825,9950.0,160.0,25
6.0,12.0,0.44,60.0,0.0875,10260.0,170.0,25
6.0,12.0,0.44,60.0,0.0925,10760.0,180.0,25
6.0,12.0,0.44,60.0,0.0975,10920.0,190.0,25
6.0,12.0,0.44,60.0,0.1025,11230.0,200.0,25
6.0,12.0,0.44,60.0,0.1075,11070.0,200.0,25
6.0,12.0,0.44,60.0,0.1125,10810.0,200.0,25
6.0,12.0,0.44,60.0,0.1175,10590.0,200.0,25
6.0,12.0,0.44,60.0,0.1225,10170.0,210.0,25
6.0,12.0,0.44,60.0,0.1275,9640.0,200.0,25
6.0,12.0,0.44,60.0,0.1325,8810.0,200.0,25
6.0,12.0,0.44,60.0,0.1375,8380.0,200.0,25
6.0,12.0,0.44,60.0,0.1425,7560.0,190.0,25
6.0,12.0,0.44,60.0,0.1475,7010.0,180.0,25
6.0,12.0,0.44,60.0,0.1525,6290.0,160.0,25
6.0,12.0,0.44,60.0,0.1575,5290.0,150.0,25
6.0,12.0,0.44,60.0,0.1625,5360.0,200.0,25
6.0,12.0,0.44,60.0,0.1675,4730.0,150.0,25
6.0,12.0,0.44,60.0,0.1725,4410.0,130.0,25
6.0,12.0,0.44,60.0,0.1775,3900.0,130.0,25
6.0,12.0,0.44,60.0,0.1825,3550.0,120.0,25
6.0,12.0,0.44,60.0,0.1875,3550.0,120.0,25
6.0,12.0,0.44,60.0,0.1925,3250.0,110.0,25
6.0,12.0,0.44,60.0,0.1975,3380.0,110.0,25
6.0,12.0,0.44,60.0,0.2025,3280.0,110.0,25
6.0,12.0,0.44,60.0,0.2075,3160.0,110.0,25
6.0,12.0,0.44,60.0,0.2125,3200.0,110.0,25
6.0,12.0,0.44,60.0,0.2175,3230.0,120.0,25
6.0,12.0,0.44,60.0,0.2225,3250.0,120.0,25
6.0,12.0,0.44,60.0,0.2275,3280.0,120.0,25
6.0,12.0,0.44,60.0,0.2325,3380.0,130.0,25
6.0,12.0,0.44,60.0,0.2375,3490.0,140.0,25
6.0,12.0,0.44,60.0,0.2425,3680.0,150.0,25
6.0,12.0,0.44,60.0,0.2475,3760.0,150.0,25
6.0,12.0,0.44,60.0,0.2525,3900.0,160.0,25
6.0,12.0,0.44,60.0,0.2575,3990.0,180.0,25
6.0,12.0,0.44,60.0,0.2625,4100.0,190.0,25
6.0,12.0,0.44,60.0,0.2675,4260.0,200.0,25
6.0,12.0,0.44,60.0,0.2725,4380.0,220.0,25
6.0,12.0,0.44,60.0,0.2775,4540.0,240.0,25
6.0,12.0,0.401,60.0,0.0085,1050.0,40.0,25
6.0,12.0,0.401,60.0,0.0135,4440.0,100.0,25
6.0,12.0,0.401,60.0,0.0185,4710.0,100.0,25
6.0,12.0,0.401,60.0,0.0235,4200.0,90.0,25
6.0,12.0,0.401,60.0,0.0285,6150.0,120.0,25
6.0,12.0,0.401,60.0,0.0335,5830.0,110.0,25
6.0,12.0,0.401,60.0,0.0385,6940.0,130.0,25
6.0,12.0,0.401,60.0,0.0435,7880.0,140.0,25
6.0,12.0,0.401,60.0,0.0485,8910.0,160.0,25
6.0,12.0,0.401,60.0,0.0535,10170.0,180.0,25
6.0,12.0,0.401,60.0,0.0585,10980.0,190.0,25
6.0,12.0,0.401,60.0,0.0635,11980.0,200.0,25
6.0,12.0,0.401,60.0,0.0685,12940.0,220.0,25
6.0,12.0,0.401,60.0,0.0735,13590.0,240.0,25
6.0,12.0,0.401,60.0,0.0785,13680.0,250.0,25
6.0,12.0,0.401,60.0,0.0835,14260.0,270.0,25
6.0,12.0,0.401,60.0,0.0885,14610.0,270.0,25
6.0,12.0,0.401,60.0,0.0935,14300.0,270.0,25
6.0,12.0,0.401,60.0,0.0985,13830.0,280.0,25
6.0,12.0,0.401,60.0,0.1035,13420.0,280.0,25
6.0,12.0,0.401,60.0,0.1085,12540.0,270.0,25
6.0,12.0,0.401,60.0,0.1135,12050.0,260.0,25
6.0,12.0,0.401,60.0,0.1185,11140.0,240.0,25
6.0,12.0,0.401,60.0,0.1235,10350.0,230.0,25
6.0,12.0,0.401,60.0,0.1285,9110.0,220.0,25
6.0,12.0,0.401,60.0,0.1335,8280.0,210.0,25
6.0,12.0,0.401,60.0,0.1385,7530.0,200.0,25
6.0,12.0,0.401,60.0,0.1435,6800.0,190.0,25
6.0,12.0,0.401,60.0,0.1485,6270.0,180.0,25
6.0,12.0,0.401,60.0,0.1535,5640.0,170.0,25
6.0,12.0,0.401,60.0,0.1585,5140.0,160.0,25
6.0,12.0,0.401,60.0,0.1635,4740.0,160.0,25
6.0,12.0,0.401,60.0,0.1685,4410.0,150.0,25
6.0,12.0,0.401,60.0,0.1735,4150.0,150.0,25
6.0,12.0,0.401,60.0,0.1785,3840.0,150.0,25
6.0,12.0,0.401,60.0,0.1835,3690.0,150.0,25
6.0,12.0,0.401,60.0,0.1885,3520.0,150.0,25
6.0,12.0,0.401,60.0,0.1935,3450.0,150.0,25
6.0,12.0,0.401,60.0,0.1985,3430.0,150.0,25
6.0,12.0,0.401,60.0,0.2035,3450.0,160.0,25
6.0,12.0,0.401,60.0,0.2085,3420.0,170.0,25
6.0,12.0,0.401,60.0,0.2135,3490.0,180.0,25
6.0,12.0,0.401,60.0,0.2185,3650.0,190.0,25
6.0,12.0,0.401,60.0,0.2235,3770.0,210.0,25
6.0,12.0,0.401,60.0,0.2285,3880.0,220.0,25
6.0,12.0,0.401,60.0,0.2335,4040.0,240.0,25
6.0,12.0,0.401,60.0,0.2385,4230.0,260.0,25
6.0,12.0,0.401,60.0,0.2435,4420.0,280.0,25
6.0,12.0,0.401,60.0,0.2485,4570.0,310.0,25
6.0,12.0,0.401,60.0,0.2535,4780.0,340.0,25
6.0,12.0,0.401,60.0,0.2585,5080.0,370.0,25
6.0,12.0,0.401,60.0,0.2635,5170.0,410.0,25
6.0,12.0,0.401,60.0,0.2685,5110.0,440.0,25
6.0,12.0,0.3609,60.0,0.0034,200.0,80.0,25
6.0,12.0,0.3609,60.0,0.008400000000000001,8010.0,270.0,25
6.0,12.0,0.3609,60.0,0.0134,8530.0,210.0,25
6.0,12.0,0.3609,60.0,0.0184,8810.0,160.0,25
6.0,12.0,0.3609,60.0,0.023399999999999997,9200.0,190.0,25
6.0,12.0,0.3609,60.0,0.028399999999999998,9240.0,170.0,25
6.0,12.0,0.3609,60.0,0.0334,10600.0,190.0,25
6.0,12.0,0.3609,60.0,0.0384,11880.0,210.0,25
6.0,12.0,0.3609,60.0,0.0434,13230.0,230.0,25
6.0,12.0,0.3609,60.0,0.0484,14690.0,260.0,25
6.0,12.0,0.3609,60.0,0.053399999999999996,16020.0,280.0,25
6.0,12.0,0.3609,60.0,0.0584,17330.0,300.0,25
6.0,12.0,0.3609,60.0,0.0634,18280.0,320.0,25
6.0,12.0,0.3609,60.0,0.0684,19050.0,330.0,25
6.0,12.0,0.3609,60.0,0.0734,19330.0,350.0,25
6.0,12.0,0.3609,60.0,0.07840000000000001,19400.0,360.0,25
6.0,12.0,0.3609,60.0,0.0834,18910.0,360.0,25
6.0,12.0,0.3609,60.0,0.0884,17980.0,350.0,25
6.0,12.0,0.3609,60.0,0.09340000000000001,17180.0,340.0,25
6.0,12.0,0.3609,60.0,0.0984,15760.0,330.0,25
6.0,12.0,0.3609,60.0,0.1034,14450.0,320.0,25
6.0,12.0,0.3609,60.0,0.10840000000000001,12910.0,300.0,25
6.0,12.0,0.3609,60.0,0.1134,11670.0,290.0,25
6.0,12.0,0.3609,60.0,0.1184,10250.0,270.0,25
6.0,12.0,0.3609,60.0,0.12340000000000001,9050.0,250.0,25
6.0,12.0,0.3609,60.0,0.12840000000000001,8070.0,240.0,25
6.0,12.0,0.3609,60.0,0.13340000000000002,7050.0,230.0,25
6.0,12.0,0.3609,60.0,0.1384,6350.0,220.0,25
6.0,12.0,0.3609,60.0,0.1434,5560.0,210.0,25
6.0,12.0,0.3609,60.0,0.1484,5020.0,210.0,25
6.0,12.0,0.3609,60.0,0.1534,4670.0,210.0,25
6.0,12.0,0.3609,60.0,0.1584,4230.0,200.0,25
6.0,12.0,0.3609,60.0,0.16340000000000002,3810.0,200.0,25
6.0,12.0,0.3609,60.0,0.1684,3710.0,210.0,25
6.0,12.0,0.3609,60.0,0.1734,3420.0,210.0,25
6.0,12.0,0.3609,60.0,0.1784,3330.0,220.0,25
6.0,12.0,0.3609,60.0,0.1834,3200.0,230.0,25
6.0,12.0,0.3609,60.0,0.1884,3180.0,250.0,25
6.0,12.0,0.3609,60.0,0.19340000000000002,3220.0,260.0,25
6.0,12.0,0.3609,60.0,0.1984,3240.0,280.0,25
6.0,12.0,0.3609,60.0,0.2034,3330.0,300.0,25
6.0,12.0,0.3609,60.0,0.2084,3400.0,330.0,25
6.0,12.0,0.3609,60.0,0.2134,3590.0,360.0,25
6.0,12.0,0.3609,60.0,0.2184,3870.0,390.0,25
6.0,12.0,0.3609,60.0,0.22340000000000002,4059.9999999999995,430.0,25
6.0,12.0,0.3609,60.0,0.2284,4290.0,480.0,25
6.0,12.0,0.32030000000000003,60.0,0.0028,4690.0,160.0,25
6.0,12.0,0.32030000000000003,60.0,0.0078,30210.0,780.0,25
6.0,12.0,0.32030000000000003,60.0,0.0128,23290.0,430.0,25
6.0,12.0,0.32030000000000003,60.0,0.0178,16329.999999999998,320.0,25
6.0,12.0,0.32030000000000003,60.0,0.0228,18660.0,360.0,25
6.0,12.0,0.32030000000000003,60.0,0.027800000000000002,17660.0,350.0,25
6.0,12.0,0.32030000000000003,60.0,0.032799999999999996,20770.0,400.0,25
6.0,12.0,0.32030000000000003,60.0,0.0378,21380.0,410.0,25
6.0,12.0,0.32030000000000003,60.0,0.0428,23300.0,440.0,25
6.0,12.0,0.32030000000000003,60.0,0.047799999999999995,24740.0,470.0,25
6.0,12.0,0.32030000000000003,60.0,0.0528,25830.0,490.0,25
6.0,12.0,0.32030000000000003,60.0,0.0578,26260.0,510.0,25
6.0,12.0,0.32030000000000003,60.0,0.0628,26370.0,530.0,25
6.0,12.0,0.32030000000000003,60.0,0.0678,25960.0,540.0,25
6.0,12.0,0.32030000000000003,60.0,0.0728,24810.0,540.0,25
6.0,12.0,0.32030000000000003,60.0,0.0778,22320.0,510.0,25
6.0,12.0,0.32030000000000003,60.0,0.0828,20460.0,490.0,25
6.0,12.0,0.32030000000000003,60.0,0.0878,18140.0,460.0,25
6.0,12.0,0.32030000000000003,60.0,0.0928,15960.0,440.0,25
6.0,12.0,0.32030000000000003,60.0,0.0978,14210.0,420.0,25
6.0,12.0,0.32030000000000003,60.0,0.1028,12220.0,400.0,25
6.0,12.0,0.32030000000000003,60.0,0.10779999999999999,10730.0,380.0,25
6.0,12.0,0.32030000000000003,60.0,0.1128,9320.0,370.0,25
6.0,12.0,0.32030000000000003,60.0,0.1178,8150.0,350.0,25
6.0,12.0,0.32030000000000003,60.0,0.12279999999999999,7140.0,340.0,25
6.0,12.0,0.32030000000000003,60.0,0.1278,6180.0,330.0,25
6.0,12.0,0.32030000000000003,60.0,0.1328,5680.0,320.0,25
6.0,12.0,0.32030000000000003,60.0,0.1378,5260.0,320.0,25
6.0,12.0,0.32030000000000003,60.0,0.1428,4600.0,320.0,25
6.0,12.0,0.32030000000000003,60.0,0.14780000000000001,4180.0,330.0,25
6.0,12.0,0.32030000000000003,60.0,0.15280000000000002,3810.0,340.0,25
6.0,12.0,0.32030000000000003,60.0,0.15780000000000002,3390.0,350.0,25
6.0,12.0,0.32030000000000003,60.0,0.1628,3050.0,360.0,25
6.0,12.0,0.32030000000000003,60.0,0.1678,2860.0,390.0,25
6.0,12.0,0.2803,60.0,0.0028,48190.0,1180.0,25
6.0,12.0,0.2803,60.0,0.0078,56900.0,1650.0,25
6.0,12.0,0.2803,60.0,0.0128,39620.0,810.0,25
6.0,12.0,0.2803,60.0,0.0178,21640.0,530.0,25
6.0,12.0,0.2803,60.0,0.0228,26140.0,580.0,25
6.0,12.0,0.2803,60.0,0.027800000000000002,26300.0,570.0,25
6.0,12.0,0.2803,60.0,0.032799999999999996,31910.0,650.0,25
6.0,12.0,0.2803,60.0,0.0378,34420.0,710.0,25
6.0,12.0,0.2803,60.0,0.0428,36160.0,740.0,25
6.0,12.0,0.2803,60.0,0.047799999999999995,38100.0,790.0,25
6.0,12.0,0.2803,60.0,0.0528,38150.0,810.0,25
6.0,12.0,0.2803,60.0,0.0578,36760.0,810.0,25
6.0,12.0,0.2803,60.0,0.0628,34670.0,800.0,25
6.0,12.0,0.2803,60.0,0.0678,31680.0,780.0,25
6.0,12.0,0.2803,60.0,0.0728,28410.0,740.0,25
6.0,12.0,0.2803,60.0,0.0778,24830.0,700.0,25
6.0,12.0,0.2803,60.0,0.0828,21360.0,660.0,25
6.0,12.0,0.2803,60.0,0.0878,18460.0,630.0,25
6.0,12.0,0.2803,60.0,0.0928,15560.0,590.0,25
6.0,12.0,0.2803,60.0,0.0978,13460.0,570.0,25
6.0,12.0,0.2803,60.0,0.1028,11320.0,550.0,25
6.0,12.0,0.2803,60.0,0.10779999999999999,10140.0,550.0,25
6.0,12.0,0.2803,60.0,0.1128,8640.0,540.0,25
6.0,12.0,0.2803,60.0,0.1178,7660.0,540.0,25
6.0,12.0,0.2803,60.0,0.12279999999999999,6490.0,540.0,25
6.0,12.0,0.2803,60.0,0.1278,5840.0,550.0,25
6.0,12.0,0.2803,60.0,0.1328,5370.0,570.0,25
6.0,12.0,0.2803,60.0,0.1378,4930.0,600.0,25
6.0,12.0,0.2404,60.0,0.0029,270700.0,7180.0,25
6.0,12.0,0.2404,60.0,0.0079,106700.0,4120.0,25
6.0,12.0,0.2404,60.0,0.0129,60580.0,1800.0,25
6.0,12.0,0.2404,60.0,0.0179,33090.0,1320.0,25
6.0,12.0,0.2404,60.0,0.0229,43270.0,1400.0,25
6.0,12.0,0.2404,60.0,0.027899999999999998,45830.0,1370.0,25
6.0,12.0,0.2404,60.0,0.0329,48900.0,1400.0,25
6.0,12.0,0.2404,60.0,0.037899999999999996,47980.0,1400.0,25
6.0,12.0,0.2404,60.0,0.0429,48650.0,1440.0,25
6.0,12.0,0.2404,60.0,0.0479,46250.0,1420.0,25
6.0,12.0,0.2404,60.0,0.052899999999999996,43750.0,1410.0,25
6.0,12.0,0.2404,60.0,0.0579,39630.0,1390.0,25
6.0,12.0,0.2404,60.0,0.0629,33680.0,1310.0,25
6.0,12.0,0.2404,60.0,0.0679,29580.0,1250.0,25
6.0,12.0,0.2404,60.0,0.0729,24830.0,1220.0,25
6.0,12.0,0.2404,60.0,0.07790000000000001,19880.0,1160.0,25
6.0,12.0,0.2404,60.0,0.0829,16970.0,1110.0,25
6.0,12.0,0.2404,60.0,0.0879,14830.0,1110.0,25
6.0,12.0,0.2404,60.0,0.09290000000000001,12020.0,1090.0,25
6.0,12.0,0.2404,60.0,0.0979,10710.0,1100.0,25
6.0,12.0,0.2404,60.0,0.1029,9650.0,1140.0,25
6.0,12.0,0.2404,60.0,0.10790000000000001,7140.0,1120.0,25
6.0,12.0,0.2,60.0,0.0075,164000.0,12880.0,25
6.0,12.0,0.2,60.0,0.0125,84410.0,5990.0,25
6.0,12.0,0.2,60.0,0.0175,51280.0,4270.0,25
6.0,12.0,0.2,60.0,0.0225,77990.0,4760.0,25
6.0,12.0,0.2,60.0,0.0275,82410.0,4700.0,25
6.0,12.0,0.2,60.0,0.0325,74080.0,4350.0,25
6.0,12.0,0.2,60.0,0.0375,68520.0,4170.0,25
6.0,12.0,0.2,60.0,0.0425,64950.0,4070.0000000000005,25
6.0,12.0,0.2,60.0,0.0475,56440.0,3840.0,25
6.0,12.0,0.2,60.0,0.0525,47050.0,3640.0,25
6.0,12.0,0.2,60.0,0.0575,39000.0,3570.0,25
6.0,12.0,0.2,60.0,0.0625,31660.0,3380.0,25
6.0,12.0,0.2,60.0,0.0675,26050.0,3200.0,25
6.0,12.0,0.16090000000000002,60.0,0.008400000000000001,146800.0,19250.0,25
6.0,12.0,0.16090000000000002,60.0,0.0134,81090.0,10790.0,25
6.0,12.0,0.16090000000000002,60.0,0.0184,96280.0,9250.0,25
6.0,12.0,0.16090000000000002,60.0,0.023399999999999997,147100.0,9330.0,25
6.0,12.0,0.16090000000000002,60.0,0.028399999999999998,132800.0,8350.0,25
6.0,12.0,0.16090000000000002,60.0,0.0334,101000.0,7350.0,25
6.0,12.0,0.16090000000000002,60.0,0.0384,84780.0,6800.0,25
6.0,12.0,0.16090000000000002,60.0,0.0434,71350.0,6380.0,25
6.0,12.0,0.16090000000000002,60.0,0.0484,58670.0,6040.0,25
6.0,12.0,0.5568,90.0,0.0793,14.0,2.0,25
6.0,12.0,0.5568,90.0,0.08929999999999999,24.0,2.0,25
6.0,12.0,0.5568,90.0,0.0993,40.0,3.0,25
6.0,12.0,0.5568,90.0,0.1093,60.0,4.0,25
6.0,12.0,0.5568,90.0,0.1193,100.0,10.0,25
6.0,12.0,0.5568,90.0,0.1293,140.0,10.0,25
6.0,12.0,0.5568,90.0,0.1393,190.0,10.0,25
6.0,12.0,0.5568,90.0,0.14930000000000002,270.0,10.0,25
6.0,12.0,0.5568,90.0,0.15930000000000002,360.0,10.0,25
6.0,12.0,0.5568,90.0,0.1693,470.0,20.0,25
6.0,12.0,0.5568,90.0,0.17930000000000001,560.0,20.0,25
6.0,12.0,0.5568,90.0,0.18930000000000002,670.0,30.0,25
6.0,12.0,0.5568,90.0,0.1993,740.0,30.0,25
6.0,12.0,0.5568,90.0,0.2093,800.0,30.0,25
6.0,12.0,0.5568,90.0,0.21930000000000002,860.0,30.0,25
6.0,12.0,0.5568,90.0,0.2293,880.0,40.0,25
6.0,12.0,0.5568,90.0,0.2393,890.0,40.0,25
6.0,12.0,0.5568,90.0,0.24930000000000002,850.0,40.0,25
6.0,12.0,0.5568,90.0,0.25930000000000003,840.0,40.0,25
6.0,12.0,0.5568,90.0,0.2693,810.0,40.0,25
6.0,12.0,0.5193,90.0,0.0518,10.0,2.0,25
6.0,12.0,0.5193,90.0,0.061799999999999994,20.0,3.0,25
6.0,12.0,0.5193,90.0,0.0718,30.0,4.0,25
6.0,12.0,0.5193,90.0,0.0818,60.0,10.0,25
6.0,12.0,0.5193,90.0,0.09179999999999999,80.0,10.0,25
6.0,12.0,0.5193,90.0,0.1018,130.0,10.0,25
6.0,12.0,0.5193,90.0,0.1118,200.0,10.0,25
6.0,12.0,0.5193,90.0,0.12179999999999999,290.0,10.0,25
6.0,12.0,0.5193,90.0,0.1318,390.0,20.0,25
6.0,12.0,0.5193,90.0,0.1418,500.0,20.0,25
6.0,12.0,0.5193,90.0,0.15180000000000002,660.0,30.0,25
6.0,12.0,0.5193,90.0,0.1618,780.0,30.0,25
6.0,12.0,0.5193,90.0,0.1718,880.0,30.0,25
6.0,12.0,0.5193,90.0,0.18180000000000002,1010.0,40.0,25
6.0,12.0,0.5193,90.0,0.1918,1100.0,40.0,25
6.0,12.0,0.5193,90.0,0.2018,1160.0,50.0,25
6.0,12.0,0.5193,90.0,0.21180000000000002,1160.0,50.0,25
6.0,12.0,0.5193,90.0,0.22180000000000002,1170.0,50.0,25
6.0,12.0,0.5193,90.0,0.2318,1140.0,50.0,25
6.0,12.0,0.4794,90.0,0.0419,20.0,2.0,25
6.0,12.0,0.4794,90.0,0.0519,30.0,3.0,25
6.0,12.0,0.4794,90.0,0.0619,60.0,4.0,25
6.0,12.0,0.4794,90.0,0.0719,100.0,10.0,25
6.0,12.0,0.4794,90.0,0.0819,170.0,10.0,25
6.0,12.0,0.4794,90.0,0.09190000000000001,260.0,10.0,25
6.0,12.0,0.4794,90.0,0.1019,380.0,10.0,25
6.0,12.0,0.4794,90.0,0.1119,510.0,20.0,25
6.0,12.0,0.4794,90.0,0.12190000000000001,700.0,20.0,25
6.0,12.0,0.4794,90.0,0.13190000000000002,860.0,30.0,25
6.0,12.0,0.4794,90.0,0.1419,1060.0,40.0,25
6.0,12.0,0.4794,90.0,0.1519,1270.0,60.0,25
6.0,12.0,0.4794,90.0,0.16190000000000002,1360.0,50.0,25
6.0,12.0,0.4794,90.0,0.1719,1460.0,60.0,25
6.0,12.0,0.4794,90.0,0.1819,1490.0,60.0,25
6.0,12.0,0.4794,90.0,0.19190000000000002,1470.0,50.0,25
6.0,12.0,0.4794,90.0,0.2019,1420.0,50.0,25
6.0,12.0,0.4794,90.0,0.2119,1420.0,50.0,25
6.0,12.0,0.4794,90.0,0.22190000000000001,1210.0,50.0,25
6.0,12.0,0.4794,90.0,0.2319,1170.0,50.0,25
6.0,12.0,0.4794,90.0,0.2419,1100.0,50.0,25
6.0,12.0,0.4794,90.0,0.2519,920.0,40.0,25
6.0,12.0,0.4794,90.0,0.26189999999999997,900.0,50.0,25
6.0,12.0,0.4794,90.0,0.2719,920.0,50.0,25
6.0,12.0,0.4794,90.0,0.2819,930.0,50.0,25
6.0,12.0,0.4794,90.0,0.2919,950.0,50.0,25
6.0,12.0,0.4794,90.0,0.3019,1050.0,60.0,25
6.0,12.0,0.4794,90.0,0.31189999999999996,1180.0,60.0,25
6.0,12.0,0.4794,90.0,0.32189999999999996,1310.0,70.0,25
6.0,12.0,0.4794,90.0,0.3319,1340.0,80.0,25
6.0,12.0,0.4794,90.0,0.3419,1420.0,100.0,25
6.0,12.0,0.4794,90.0,0.3519,1570.0,110.0,25
6.0,12.0,0.4794,90.0,0.3619,1600.0,130.0,25
6.0,12.0,0.4794,90.0,0.37189999999999995,1740.0,160.0,25
6.0,12.0,0.4005,90.0,0.023,14.0,2.0,25
6.0,12.0,0.4005,90.0,0.028,50.0,10.0,25
6.0,12.0,0.4005,90.0,0.033,170.0,10.0,25
6.0,12.0,0.4005,90.0,0.038,170.0,10.0,25
6.0,12.0,0.4005,90.0,0.043,260.0,20.0,25
6.0,12.0,0.4005,90.0,0.048,310.0,20.0,25
6.0,12.0,0.4005,90.0,0.053,390.0,20.0,25
6.0,12.0,0.4005,90.0,0.058,520.0,20.0,25
6.0,12.0,0.4005,90.0,0.063,640.0,30.0,25
6.0,12.0,0.4005,90.0,0.068,750.0,30.0,25
6.0,12.0,0.4005,90.0,0.073,910.0,40.0,25
6.0,12.0,0.4005,90.0,0.078,1060.0,40.0,25
6.0,12.0,0.4005,90.0,0.083,1230.0,50.0,25
6.0,12.0,0.4005,90.0,0.088,1420.0,50.0,25
6.0,12.0,0.4005,90.0,0.093,1560.0,60.0,25
6.0,12.0,0.4005,90.0,0.098,1750.0,70.0,25
6.0,12.0,0.4005,90.0,0.103,1910.0,70.0,25
6.0,12.0,0.4005,90.0,0.108,2009.9999999999998,80.0,25
6.0,12.0,0.4005,90.0,0.113,2170.0,90.0,25
6.0,12.0,0.4005,90.0,0.118,2310.0,90.0,25
6.0,12.0,0.4005,90.0,0.123,2460.0,100.0,25
6.0,12.0,0.4005,90.0,0.128,2540.0,100.0,25
6.0,12.0,0.4005,90.0,0.133,2610.0,100.0,25
6.0,12.0,0.4005,90.0,0.138,2640.0,110.0,25
6.0,12.0,0.4005,90.0,0.143,2710.0,110.0,25
6.0,12.0,0.4005,90.0,0.148,2620.0,110.0,25
6.0,12.0,0.4005,90.0,0.153,2660.0,110.0,25
6.0,12.0,0.4005,90.0,0.158,2490.0,110.0,25
6.0,12.0,0.4005,90.0,0.163,2440.0,110.0,25
6.0,12.0,0.4005,90.0,0.168,2290.0,110.0,25
6.0,12.0,0.4005,90.0,0.173,2100.0,100.0,25
6.0,12.0,0.4005,90.0,0.178,2060.0,100.0,25
6.0,12.0,0.4005,90.0,0.183,1880.0,90.0,25
6.0,12.0,0.4005,90.0,0.188,1760.0,90.0,25
6.0,12.0,0.4005,90.0,0.193,1620.0,90.0,25
6.0,12.0,0.4005,90.0,0.198,1450.0,90.0,25
6.0,12.0,0.4005,90.0,0.203,1390.0,90.0,25
6.0,12.0,0.4005,90.0,0.208,1350.0,90.0,25
6.0,12.0,0.4005,90.0,0.213,1250.0,80.0,25
6.0,12.0,0.4005,90.0,0.218,1190.0,80.0,25
6.0,12.0,0.4005,90.0,0.223,1200.0,80.0,25
6.0,12.0,0.4005,90.0,0.228,1130.0,80.0,25
6.0,12.0,0.4005,90.0,0.233,1160.0,80.0,25
6.0,12.0,0.4005,90.0,0.238,1190.0,90.0,25
6.0,12.0,0.4005,90.0,0.243,1180.0,80.0,25
6.0,12.0,0.4005,90.0,0.248,1270.0,90.0,25
6.0,12.0,0.4005,90.0,0.253,1360.0,100.0,25
6.0,12.0,0.4005,90.0,0.258,1340.0,110.0,25
6.0,12.0,0.4005,90.0,0.263,1360.0,120.0,25
6.0,12.0,0.4005,90.0,0.268,1470.0,120.0,25
6.0,12.0,0.4005,90.0,0.273,1530.0,140.0,25
6.0,12.0,0.4005,90.0,0.278,1600.0,150.0,25
6.0,12.0,0.4005,90.0,0.283,1600.0,170.0,25
6.0,12.0,0.4005,90.0,0.288,1770.0,190.0,25
6.0,12.0,0.4005,90.0,0.293,1860.0,210.0,25
6.0,12.0,0.4005,90.0,0.298,1840.0,230.0,25
6.0,12.0,0.36010000000000003,90.0,0.0101,160.0,20.0,25
6.0,12.0,0.36010000000000003,90.0,0.015099999999999999,50.0,10.0,25
6.0,12.0,0.36010000000000003,90.0,0.0201,60.0,10.0,25
6.0,12.0,0.36010000000000003,90.0,0.0251,100.0,10.0,25
6.0,12.0,0.36010000000000003,90.0,0.030100000000000002,590.0,20.0,25
6.0,12.0,0.36010000000000003,90.0,0.0351,490.0,30.0,25
6.0,12.0,0.36010000000000003,90.0,0.040100000000000004,640.0,20.0,25
6.0,12.0,0.36010000000000003,90.0,0.0451,850.0,30.0,25
6.0,12.0,0.36010000000000003,90.0,0.0501,1010.0,30.0,25
6.0,12.0,0.36010000000000003,90.0,0.0551,1210.0,40.0,25
6.0,12.0,0.36010000000000003,90.0,0.0601,1480.0,50.0,25
6.0,12.0,0.36010000000000003,90.0,0.06509999999999999,1680.0,50.0,25
6.0,12.0,0.36010000000000003,90.0,0.0701,1920.0,60.0,25
6.0,12.0,0.36010000000000003,90.0,0.0751,2200.0,60.0,25
6.0,12.0,0.36010000000000003,90.0,0.08009999999999999,2450.0,70.0,25
6.0,12.0,0.36010000000000003,90.0,0.0851,2770.0,120.0,25
6.0,12.0,0.36010000000000003,90.0,0.0901,2990.0,110.0,25
6.0,12.0,0.36010000000000003,90.0,0.09509999999999999,3120.0,130.0,25
6.0,12.0,0.36010000000000003,90.0,0.1001,3450.0,140.0,25
6.0,12.0,0.36010000000000003,90.0,0.1051,3450.0,130.0,25
6.0,12.0,0.36010000000000003,90.0,0.11009999999999999,3470.0,130.0,25
6.0,12.0,0.36010000000000003,90.0,0.1151,3640.0,140.0,25
6.0,12.0,0.36010000000000003,90.0,0.1201,3850.0,150.0,25
6.0,12.0,0.36010000000000003,90.0,0.1251,3720.0,150.0,25
6.0,12.0,0.36010000000000003,90.0,0.1301,3400.0,120.0,25
6.0,12.0,0.36010000000000003,90.0,0.1351,3460.0,130.0,25
6.0,12.0,0.36010000000000003,90.0,0.1401,3240.0,140.0,25
6.0,12.0,0.36010000000000003,90.0,0.1451,3110.0,140.0,25
6.0,12.0,0.36010000000000003,90.0,0.15009999999999998,2930.0,150.0,25
6.0,12.0,0.36010000000000003,90.0,0.1551,2700.0,130.0,25
6.0,12.0,0.36010000000000003,90.0,0.1601,2400.0,120.0,25
6.0,12.0,0.36010000000000003,90.0,0.1651,2270.0,120.0,25
6.0,12.0,0.36010000000000003,90.0,0.1701,2040.0,110.0,25
6.0,12.0,0.36010000000000003,90.0,0.1751,1770.0,90.0,25
6.0,12.0,0.36010000000000003,90.0,0.18009999999999998,1680.0,90.0,25
6.0,12.0,0.36010000000000003,90.0,0.1851,1590.0,90.0,25
6.0,12.0,0.36010000000000003,90.0,0.1901,1460.0,100.0,25
6.0,12.0,0.36010000000000003,90.0,0.1951,1320.0,90.0,25
6.0,12.0,0.36010000000000003,90.0,0.2001,1340.0,90.0,25
6.0,12.0,0.36010000000000003,90.0,0.2051,1270.0,90.0,25
6.0,12.0,0.36010000000000003,90.0,0.21009999999999998,1330.0,90.0,25
6.0,12.0,0.36010000000000003,90.0,0.21509999999999999,1320.0,100.0,25
6.0,12.0,0.36010000000000003,90.0,0.2201,1290.0,100.0,25
6.0,12.0,0.36010000000000003,90.0,0.2251,1330.0,110.0,25
6.0,12.0,0.36010000000000003,90.0,0.2301,1390.0,110.0,25
6.0,12.0,0.36010000000000003,90.0,0.2351,1480.0,130.0,25
6.0,12.0,0.36010000000000003,90.0,0.2401,1460.0,140.0,25
6.0,12.0,0.36010000000000003,90.0,0.24509999999999998,1520.0,160.0,25
6.0,12.0,0.36010000000000003,90.0,0.2501,1750.0,180.0,25
6.0,12.0,0.36010000000000003,90.0,0.2551,1680.0,190.0,25
6.0,12.0,0.36010000000000003,90.0,0.2601,1810.0,210.0,25
6.0,12.0,0.3207,90.0,0.008199999999999999,230.0,20.0,25
6.0,12.0,0.3207,90.0,0.0132,220.0,10.0,25
6.0,12.0,0.3207,90.0,0.0182,330.0,20.0,25
6.0,12.0,0.3207,90.0,0.0232,600.0,30.0,25
6.0,12.0,0.3207,90.0,0.0282,1520.0,60.0,25
6.0,12.0,0.3207,90.0,0.0332,1230.0,50.0,25
6.0,12.0,0.3207,90.0,0.038200000000000005,1630.0,60.0,25
6.0,12.0,0.3207,90.0,0.0432,1950.0,70.0,25
6.0,12.0,0.3207,90.0,0.0482,2260.0,90.0,25
6.0,12.0,0.3207,90.0,0.053200000000000004,2730.0,100.0,25
6.0,12.0,0.3207,90.0,0.0582,3100.0,120.0,25
6.0,12.0,0.3207,90.0,0.0632,3550.0,130.0,25
6.0,12.0,0.3207,90.0,0.0682,3820.0,140.0,25
6.0,12.0,0.3207,90.0,0.0732,4190.0,160.0,25
6.0,12.0,0.3207,90.0,0.0782,4480.0,170.0,25
6.0,12.0,0.3207,90.0,0.0832,4790.0,190.0,25
6.0,12.0,0.3207,90.0,0.0882,4970.0,200.0,25
6.0,12.0,0.3207,90.0,0.0932,5210.0,210.0,25
6.0,12.0,0.3207,90.0,0.09820000000000001,5330.0,220.0,25
6.0,12.0,0.3207,90.0,0.1032,5230.0,220.0,25
6.0,12.0,0.3207,90.0,0.1082,5240.0,220.0,25
6.0,12.0,0.3207,90.0,0.11320000000000001,5030.0,220.0,25
6.0,12.0,0.3207,90.0,0.1182,4750.0,210.0,25
6.0,12.0,0.3207,90.0,0.1232,4410.0,210.0,25
6.0,12.0,0.3207,90.0,0.12819999999999998,4130.0,200.0,25
6.0,12.0,0.3207,90.0,0.13319999999999999,3760.0,190.0,25
6.0,12.0,0.3207,90.0,0.1382,3380.0,180.0,25
6.0,12.0,0.3207,90.0,0.1432,3040.0,170.0,25
6.0,12.0,0.3207,90.0,0.1482,2720.0,160.0,25
6.0,12.0,0.3207,90.0,0.15319999999999998,2470.0,150.0,25
6.0,12.0,0.3207,90.0,0.15819999999999998,2190.0,150.0,25
6.0,12.0,0.3207,90.0,0.16319999999999998,2040.0,150.0,25
6.0,12.0,0.3207,90.0,0.1682,1800.0,140.0,25
6.0,12.0,0.3207,90.0,0.1732,1690.0,140.0,25
6.0,12.0,0.3207,90.0,0.1782,1620.0,140.0,25
6.0,12.0,0.3207,90.0,0.1832,1510.0,150.0,25
6.0,12.0,0.3207,90.0,0.18819999999999998,1500.0,160.0,25
6.0,12.0,0.3207,90.0,0.19319999999999998,1510.0,160.0,25
6.0,12.0,0.3207,90.0,0.1982,1450.0,170.0,25
6.0,12.0,0.3207,90.0,0.2032,1500.0,190.0,25
6.0,12.0,0.3207,90.0,0.2082,1520.0,210.0,25
6.0,12.0,0.3207,90.0,0.2132,1550.0,230.0,25
6.0,12.0,0.3207,90.0,0.21819999999999998,1660.0,260.0,25
6.0,12.0,0.2801,90.0,0.0076,140.0,20.0,25
6.0,12.0,0.2801,90.0,0.0126,1540.0,70.0,25
6.0,12.0,0.2801,90.0,0.0176,930.0,60.0,25
6.0,12.0,0.2801,90.0,0.022600000000000002,1910.0,70.0,25
6.0,12.0,0.2801,90.0,0.027600000000000003,3320.0,110.0,25
6.0,12.0,0.2801,90.0,0.032600000000000004,2840.0,100.0,25
6.0,12.0,0.2801,90.0,0.0376,3580.0,140.0,25
6.0,12.0,0.2801,90.0,0.0426,3960.0,130.0,25
6.0,12.0,0.2801,90.0,0.0476,4600.0,140.0,25
6.0,12.0,0.2801,90.0,0.0526,5220.0,150.0,25
6.0,12.0,0.2801,90.0,0.0576,5690.0,170.0,25
6.0,12.0,0.2801,90.0,0.0626,6180.0,190.0,25
6.0,12.0,0.2801,90.0,0.0676,6630.0,210.0,25
6.0,12.0,0.2801,90.0,0.0726,6810.0,210.0,25
6.0,12.0,0.2801,90.0,0.07759999999999999,7150.0,230.0,25
6.0,12.0,0.2801,90.0,0.08259999999999999,7210.0,250.0,25
6.0,12.0,0.2801,90.0,0.0876,6950.0,240.0,25
6.0,12.0,0.2801,90.0,0.09259999999999999,6680.0,230.0,25
6.0,12.0,0.2801,90.0,0.09759999999999999,6410.0,230.0,25
6.0,12.0,0.2801,90.0,0.1026,5950.0,240.0,25
6.0,12.0,0.2801,90.0,0.1076,5370.0,230.0,25
6.0,12.0,0.2801,90.0,0.11259999999999999,4620.0,220.0,25
6.0,12.0,0.2801,90.0,0.1176,4410.0,210.0,25
6.0,12.0,0.2801,90.0,0.1226,3810.0,210.0,25
6.0,12.0,0.2801,90.0,0.1276,3350.0,190.0,25
6.0,12.0,0.2801,90.0,0.1326,2920.0,180.0,25
6.0,12.0,0.2801,90.0,0.1376,2500.0,180.0,25
6.0,12.0,0.2801,90.0,0.1426,2350.0,180.0,25
6.0,12.0,0.2801,90.0,0.14759999999999998,2040.0,170.0,25
6.0,12.0,0.2801,90.0,0.15259999999999999,1850.0,180.0,25
6.0,12.0,0.2801,90.0,0.1576,1710.0,180.0,25
6.0,12.0,0.2801,90.0,0.1626,1530.0,180.0,25
6.0,12.0,0.2801,90.0,0.1676,1550.0,210.0,25
6.0,12.0,0.2801,90.0,0.1726,1510.0,220.0,25
6.0,12.0,0.2801,90.0,0.1776,1230.0,230.0,25
6.0,12.0,0.24109999999999998,90.0,0.0036,210.0,20.0,25
6.0,12.0,0.24109999999999998,90.0,0.0086,4570.0,160.0,25
6.0,12.0,0.24109999999999998,90.0,0.0136,4830.0,130.0,25
6.0,12.0,0.24109999999999998,90.0,0.018600000000000002,4019.9999999999995,140.0,25
6.0,12.0,0.24109999999999998,90.0,0.023600000000000003,5860.0,190.0,25
6.0,12.0,0.24109999999999998,90.0,0.0286,4980.0,180.0,25
6.0,12.0,0.24109999999999998,90.0,0.033600000000000005,6010.0,200.0,25
6.0,12.0,0.24109999999999998,90.0,0.0386,6790.0,220.0,25
6.0,12.0,0.24109999999999998,90.0,0.0436,8100.0,290.0,25
6.0,12.0,0.24109999999999998,90.0,0.048600000000000004,8690.0,290.0,25
6.0,12.0,0.24109999999999998,90.0,0.0536,9400.0,310.0,25
6.0,12.0,0.24109999999999998,90.0,0.0586,9920.0,330.0,25
6.0,12.0,0.24109999999999998,90.0,0.0636,10330.0,350.0,25
6.0,12.0,0.24109999999999998,90.0,0.0686,9950.0,360.0,25
6.0,12.0,0.24109999999999998,90.0,0.0736,9700.0,360.0,25
6.0,12.0,0.24109999999999998,90.0,0.07859999999999999,9330.0,360.0,25
6.0,12.0,0.24109999999999998,90.0,0.0836,8480.0,350.0,25
6.0,12.0,0.24109999999999998,90.0,0.0886,7560.0,330.0,25
6.0,12.0,0.24109999999999998,90.0,0.09359999999999999,6660.0,320.0,25
6.0,12.0,0.24109999999999998,90.0,0.0986,5880.0,310.0,25
6.0,12.0,0.24109999999999998,90.0,0.1036,4910.0,290.0,25
6.0,12.0,0.24109999999999998,90.0,0.10859999999999999,4320.0,280.0,25
6.0,12.0,0.24109999999999998,90.0,0.11359999999999999,3560.0,270.0,25
6.0,12.0,0.24109999999999998,90.0,0.1186,3130.0,260.0,25
6.0,12.0,0.24109999999999998,90.0,0.12359999999999999,2630.0,260.0,25
6.0,12.0,0.24109999999999998,90.0,0.1286,2460.0,280.0,25
6.0,12.0,0.24109999999999998,90.0,0.1336,2070.0,280.0,25
6.0,12.0,0.24109999999999998,90.0,0.1386,1990.0,310.0,25
6.0,12.0,0.1999,90.0,0.004900000000000001,1750.0,110.0,25
6.0,12.0,0.1999,90.0,0.0099,20370.0,810.0,25
6.0,12.0,0.1999,90.0,0.0149,12140.0,470.0,25
6.0,12.0,0.1999,90.0,0.019899999999999998,9460.0,420.0,25
6.0,12.0,0.1999,90.0,0.0249,11500.0,490.0,25
6.0,12.0,0.1999,90.0,0.0299,11750.0,520.0,25
6.0,12.0,0.1999,90.0,0.0349,12570.0,540.0,25
6.0,12.0,0.1999,90.0,0.0399,14300.0,630.0,25
6.0,12.0,0.1999,90.0,0.044899999999999995,15130.0,670.0,25
6.0,12.0,0.1999,90.0,0.0499,15350.0,670.0,25
6.0,12.0,0.1999,90.0,0.0549,15280.0,700.0,25
6.0,12.0,0.1999,90.0,0.0599,13750.0,680.0,25
6.0,12.0,0.1999,90.0,0.0649,12280.0,650.0,25
6.0,12.0,0.1999,90.0,0.0699,10840.0,630.0,25
6.0,12.0,0.1999,90.0,0.07490000000000001,9560.0,620.0,25
6.0,12.0,0.1999,90.0,0.0799,7970.0,570.0,25
6.0,12.0,0.1999,90.0,0.0849,6050.0,560.0,25
6.0,12.0,0.1999,90.0,0.08990000000000001,5340.0,570.0,25
6.0,12.0,0.1999,90.0,0.09490000000000001,4560.0,570.0,25
6.0,12.0,0.1999,90.0,0.0999,3700.0,570.0,25
6.0,12.0,0.15969999999999998,90.0,0.0022,122300.0,5450.0,25
6.0,12.0,0.15969999999999998,90.0,0.0072,45470.0,2170.0,25
6.0,12.0,0.15969999999999998,90.0,0.012199999999999999,22240.0,1400.0,25
6.0,12.0,0.15969999999999998,90.0,0.0172,13940.0,1140.0,25
6.0,12.0,0.15969999999999998,90.0,0.0222,19770.0,1330.0,25
6.0,12.0,0.15969999999999998,90.0,0.0272,22000.0,1360.0,25
6.0,12.0,0.15969999999999998,90.0,0.0322,23400.0,1470.0,25
6.0,12.0,0.15969999999999998,90.0,0.037200000000000004,22540.0,1420.0,25
6.0,12.0,0.15969999999999998,90.0,0.0422,21370.0,1400.0,25
6.0,12.0,0.15969999999999998,90.0,0.047200000000000006,19390.0,1380.0,25
6.0,12.0,0.15969999999999998,90.0,0.0522,17230.0,1350.0,25
6.0,12.0,0.15969999999999998,90.0,0.0572,14640.0,1310.0,25
6.0,12.0,0.15969999999999998,90.0,0.062200000000000005,12000.0,1270.0,25
6.0,12.0,0.1196,90.0,0.0070999999999999995,86760.0,9860.0,25
6.0,12.0,0.1196,90.0,0.0121,26350.0,5890.0,25
6.0,12.0,0.1196,90.0,0.0171,25810.0,4670.0,25
6.0,12.0,0.1196,90.0,0.0221,40060.0,4770.0,25
6.0,12.0,0.56,145.0,0.1925,10.0,2.0,25
6.0,12.0,0.56,145.0,0.2025,16.0,3.0,25
6.0,12.0,0.56,145.0,0.2125,23.0,1.0,25
6.0,12.0,0.56,145.0,0.2225,34.0,2.0,25
6.0,12.0,0.56,145.0,0.2325,49.0,3.0,25
6.0,12.0,0.56,145.0,0.2425,66.0,3.0,25
6.0,12.0,0.56,145.0,0.2525,92.0,4.0,25
6.0,12.0,0.56,145.0,0.2625,123.0,5.0,25
6.0,12.0,0.56,145.0,0.2725,151.0,7.0,25
6.0,12.0,0.56,145.0,0.2825,171.0,7.0,25
6.0,12.0,0.56,145.0,0.2925,185.0,10.0,25
6.0,12.0,0.56,145.0,0.3025,211.0,11.0,25
6.0,12.0,0.56,145.0,0.3125,220.0,12.0,25
6.0,12.0,0.56,145.0,0.3225,234.0,13.0,25
6.0,12.0,0.56,145.0,0.3325,241.0,13.0,25
6.0,12.0,0.56,145.0,0.3425,236.0,14.0,25
6.0,12.0,0.56,145.0,0.3525,217.0,13.0,25
6.0,12.0,0.56,145.0,0.3625,207.0,14.0,25
6.0,12.0,0.56,145.0,0.3725,205.0,14.0,25
6.0,12.0,0.56,145.0,0.3825,215.0,14.0,25
6.0,12.0,0.56,145.0,0.3925,235.0,17.0,25
6.0,12.0,0.56,145.0,0.4025,258.0,19.0,25
6.0,12.0,0.56,145.0,0.4125,290.0,20.0,25
6.0,12.0,0.56,145.0,0.4225,331.0,25.0,25
6.0,12.0,0.56,145.0,0.4325,361.0,28.0,25
6.0,12.0,0.56,145.0,0.4425,406.0,34.0,25
6.0,12.0,0.56,145.0,0.4525,401.0,37.0,25
6.0,12.0,0.56,145.0,0.4625,421.0,43.0,25
6.0,12.0,0.4794,145.0,0.12190000000000001,9.0,1.0,25
6.0,12.0,0.4794,145.0,0.13190000000000002,9.0,1.0,25
6.0,12.0,0.4794,145.0,0.1419,20.0,2.0,25
6.0,12.0,0.4794,145.0,0.1519,27.0,3.0,25
6.0,12.0,0.4794,145.0,0.16190000000000002,55.0,3.0,25
6.0,12.0,0.4794,145.0,0.1719,81.0,4.0,25
6.0,12.0,0.4794,145.0,0.1819,111.0,5.0,25
6.0,12.0,0.4794,145.0,0.19190000000000002,157.0,6.0,25
6.0,12.0,0.4794,145.0,0.2019,201.0,10.0,25
6.0,12.0,0.4794,145.0,0.2119,260.0,13.0,25
6.0,12.0,0.4794,145.0,0.22190000000000001,290.0,15.0,25
6.0,12.0,0.4794,145.0,0.2319,315.0,16.0,25
6.0,12.0,0.4794,145.0,0.2419,371.0,18.0,25
6.0,12.0,0.4794,145.0,0.2519,400.0,15.0,25
6.0,12.0,0.4794,145.0,0.26189999999999997,418.0,18.0,25
6.0,12.0,0.4794,145.0,0.2719,424.0,19.0,25
6.0,12.0,0.4794,145.0,0.2819,426.0,19.0,25
6.0,12.0,0.4794,145.0,0.2919,390.0,18.0,25
6.0,12.0,0.4794,145.0,0.3019,380.0,21.0,25
6.0,12.0,0.4794,145.0,0.31189999999999996,373.0,21.0,25
6.0,12.0,0.4794,145.0,0.32189999999999996,416.0,22.0,25
6.0,12.0,0.4794,145.0,0.3319,381.0,22.0,25
6.0,12.0,0.4794,145.0,0.3419,442.0,28.0,25
6.0,12.0,0.4794,145.0,0.3519,466.0,29.0,25
6.0,12.0,0.4794,145.0,0.3619,507.0,31.0,25
6.0,12.0,0.4794,145.0,0.37189999999999995,611.0,40.0,25
6.0,12.0,0.44,145.0,0.0975,10.0,2.0,25
6.0,12.0,0.44,145.0,0.1075,15.0,2.0,25
6.0,12.0,0.44,145.0,0.1175,30.0,3.0,25
6.0,12.0,0.44,145.0,0.1275,50.0,4.0,25
6.0,12.0,0.44,145.0,0.1375,83.0,5.0,25
6.0,12.0,0.44,145.0,0.1475,123.0,7.0,25
6.0,12.0,0.44,145.0,0.1575,186.0,8.0,25
6.0,12.0,0.44,145.0,0.1675,266.0,11.0,25
6.0,12.0,0.44,145.0,0.1775,317.0,14.0,25
6.0,12.0,0.44,145.0,0.1875,388.0,17.0,25
6.0,12.0,0.44,145.0,0.1975,441.0,20.0,25
6.0,12.0,0.44,145.0,0.2075,497.0,22.0,25
6.0,12.0,0.44,145.0,0.2175,521.0,26.0,25
6.0,12.0,0.44,145.0,0.2275,546.0,28.0,25
6.0,12.0,0.44,145.0,0.2375,536.0,28.0,25
6.0,12.0,0.44,145.0,0.2475,515.0,30.0,25
6.0,12.0,0.44,145.0,0.2575,471.0,26.0,25
6.0,12.0,0.44,145.0,0.2675,422.0,27.0,25
6.0,12.0,0.44,145.0,0.2775,428.0,28.0,25
6.0,12.0,0.44,145.0,0.2875,396.0,28.0,25
6.0,12.0,0.44,145.0,0.2975,421.0,30.0,25
6.0,12.0,0.44,145.0,0.3075,437.0,33.0,25
6.0,12.0,0.44,145.0,0.3175,472.0,37.0,25
6.0,12.0,0.44,145.0,0.3275,534.0,45.0,25
6.0,12.0,0.44,145.0,0.3375,613.0,54.0,25
6.0,12.0,0.3997,145.0,0.0597,7.0,1.0,25
6.0,12.0,0.3997,145.0,0.06470000000000001,8.0,1.0,25
6.0,12.0,0.3997,145.0,0.0697,10.0,1.0,25
6.0,12.0,0.3997,145.0,0.0747,18.0,3.0,25
6.0,12.0,0.3997,145.0,0.07970000000000001,22.0,2.0,25
6.0,12.0,0.3997,145.0,0.0847,34.0,3.0,25
6.0,12.0,0.3997,145.0,0.0897,43.0,3.0,25
6.0,12.0,0.3997,145.0,0.0947,60.0,4.0,25
6.0,12.0,0.3997,145.0,0.0997,66.0,4.0,25
6.0,12.0,0.3997,145.0,0.1047,86.0,5.0,25
6.0,12.0,0.3997,145.0,0.1097,113.0,5.0,25
6.0,12.0,0.3997,145.0,0.1147,130.0,5.0,25
6.0,12.0,0.3997,145.0,0.1197,163.0,6.0,25
6.0,12.0,0.3997,145.0,0.1247,186.0,9.0,25
6.0,12.0,0.3997,145.0,0.12969999999999998,216.0,10.0,25
6.0,12.0,0.3997,145.0,0.1347,247.0,11.0,25
6.0,12.0,0.3997,145.0,0.1397,300.0,12.0,25
6.0,12.0,0.3997,145.0,0.1447,354.0,13.0,25
6.0,12.0,0.3997,145.0,0.1497,405.0,15.0,25
6.0,12.0,0.3997,145.0,0.15469999999999998,426.0,15.0,25
6.0,12.0,0.3997,145.0,0.15969999999999998,480.0,17.0,25
6.0,12.0,0.3997,145.0,0.16469999999999999,509.0,18.0,25
6.0,12.0,0.3997,145.0,0.1697,563.0,19.0,25
6.0,12.0,0.3997,145.0,0.1747,625.0,26.0,25
6.0,12.0,0.3997,145.0,0.1797,700.0,34.0,25
6.0,12.0,0.3997,145.0,0.18469999999999998,728.0,34.0,25
6.0,12.0,0.3997,145.0,0.18969999999999998,717.0,41.0,25
6.0,12.0,0.3997,145.0,0.19469999999999998,710.0,34.0,25
6.0,12.0,0.3997,145.0,0.1997,745.0,35.0,25
6.0,12.0,0.3997,145.0,0.2047,795.0,37.0,25
6.0,12.0,0.3997,145.0,0.2097,751.0,37.0,25
6.0,12.0,0.3997,145.0,0.2147,706.0,30.0,25
6.0,12.0,0.3997,145.0,0.21969999999999998,690.0,33.0,25
6.0,12.0,0.3997,145.0,0.22469999999999998,647.0,33.0,25
6.0,12.0,0.3997,145.0,0.2297,625.0,35.0,25
6.0,12.0,0.3997,145.0,0.2347,580.0,32.0,25
6.0,12.0,0.3997,145.0,0.2397,610.0,33.0,25
6.0,12.0,0.3997,145.0,0.2447,528.0,31.0,25
6.0,12.0,0.3997,145.0,0.24969999999999998,543.0,30.0,25
6.0,12.0,0.3997,145.0,0.2547,503.0,30.0,25
6.0,12.0,0.3997,145.0,0.2597,481.0,30.0,25
6.0,12.0,0.3997,145.0,0.2647,522.0,31.0,25
6.0,12.0,0.3997,145.0,0.2697,506.0,30.0,25
6.0,12.0,0.3997,145.0,0.2747,518.0,31.0,25
6.0,12.0,0.3997,145.0,0.2797,546.0,31.0,25
6.0,12.0,0.3997,145.0,0.2847,558.0,36.0,25
6.0,12.0,0.3997,145.0,0.2897,626.0,41.0,25
6.0,12.0,0.3997,145.0,0.29469999999999996,644.0,42.0,25
6.0,12.0,0.3997,145.0,0.29969999999999997,685.0,45.0,25
6.0,12.0,0.36010000000000003,145.0,0.0451,10.0,6.0,25
6.0,12.0,0.36010000000000003,145.0,0.0501,15.0,6.0,25
6.0,12.0,0.36010000000000003,145.0,0.0551,39.0,8.0,25
6.0,12.0,0.36010000000000003,145.0,0.0601,25.0,7.0,25
6.0,12.0,0.36010000000000003,145.0,0.06509999999999999,48.0,9.0,25
6.0,12.0,0.36010000000000003,145.0,0.0701,69.0,8.0,25
6.0,12.0,0.36010000000000003,145.0,0.0751,95.0,6.0,25
6.0,12.0,0.36010000000000003,145.0,0.08009999999999999,120.0,7.0,25
6.0,12.0,0.36010000000000003,145.0,0.0851,140.0,9.0,25
6.0,12.0,0.36010000000000003,145.0,0.0901,195.0,10.0,25
6.0,12.0,0.36010000000000003,145.0,0.09509999999999999,239.0,13.0,25
6.0,12.0,0.36010000000000003,145.0,0.1001,271.0,14.0,25
6.0,12.0,0.36010000000000003,145.0,0.1051,360.0,15.0,25
6.0,12.0,0.36010000000000003,145.0,0.11009999999999999,407.0,17.0,25
6.0,12.0,0.36010000000000003,145.0,0.1151,441.0,18.0,25
6.0,12.0,0.36010000000000003,145.0,0.1201,554.0,21.0,25
6.0,12.0,0.36010000000000003,145.0,0.1251,613.0,23.0,25
6.0,12.0,0.36010000000000003,145.0,0.1301,678.0,23.0,25
6.0,12.0,0.36010000000000003,145.0,0.1351,762.0,30.0,25
6.0,12.0,0.36010000000000003,145.0,0.1401,792.0,36.0,25
6.0,12.0,0.36010000000000003,145.0,0.1451,855.0,37.0,25
6.0,12.0,0.36010000000000003,145.0,0.15009999999999998,882.0,45.0,25
6.0,12.0,0.36010000000000003,145.0,0.1551,941.0,40.0,25
6.0,12.0,0.36010000000000003,145.0,0.1601,994.0,42.0,25
6.0,12.0,0.36010000000000003,145.0,0.1651,970.0,42.0,25
6.0,12.0,0.36010000000000003,145.0,0.1701,1004.0,44.0,25
6.0,12.0,0.36010000000000003,145.0,0.1751,1002.9999999999999,39.0,25
6.0,12.0,0.36010000000000003,145.0,0.18009999999999998,1004.9999999999999,43.0,25
6.0,12.0,0.36010000000000003,145.0,0.1851,948.0,43.0,25
6.0,12.0,0.36010000000000003,145.0,0.1901,916.0,46.0,25
6.0,12.0,0.36010000000000003,145.0,0.1951,874.0,43.0,25
6.0,12.0,0.36010000000000003,145.0,0.2001,852.0,42.0,25
6.0,12.0,0.36010000000000003,145.0,0.2051,740.0,40.0,25
6.0,12.0,0.36010000000000003,145.0,0.21009999999999998,769.0,40.0,25
6.0,12.0,0.36010000000000003,145.0,0.21509999999999999,645.0,40.0,25
6.0,12.0,0.36010000000000003,145.0,0.2201,656.0,41.0,25
6.0,12.0,0.36010000000000003,145.0,0.2251,606.0,40.0,25
6.0,12.0,0.36010000000000003,145.0,0.2301,595.0,38.0,25
6.0,12.0,0.36010000000000003,145.0,0.2351,592.0,40.0,25
6.0,12.0,0.36010000000000003,145.0,0.2401,571.0,35.0,25
6.0,12.0,0.36010000000000003,145.0,0.24509999999999998,551.0,40.0,25
6.0,12.0,0.36010000000000003,145.0,0.2501,625.0,44.0,25
6.0,12.0,0.36010000000000003,145.0,0.2551,639.0,44.0,25
6.0,12.0,0.36010000000000003,145.0,0.2601,697.0,48.0,25
6.0,12.0,0.3201,145.0,0.030100000000000002,6.0,2.0,25
6.0,12.0,0.3201,145.0,0.0351,52.0,3.0,25
6.0,12.0,0.3201,145.0,0.040100000000000004,51.0,4.0,25
6.0,12.0,0.3201,145.0,0.0451,81.0,7.0,25
6.0,12.0,0.3201,145.0,0.0501,110.0,7.0,25
6.0,12.0,0.3201,145.0,0.0551,150.0,10.0,25
6.0,12.0,0.3201,145.0,0.0601,210.0,12.0,25
6.0,12.0,0.3201,145.0,0.06509999999999999,260.0,12.0,25
6.0,12.0,0.3201,145.0,0.0701,323.0,14.0,25
6.0,12.0,0.3201,145.0,0.0751,427.0,20.0,25
6.0,12.0,0.3201,145.0,0.08009999999999999,456.0,20.0,25
6.0,12.0,0.3201,145.0,0.0851,560.0,21.0,25
6.0,12.0,0.3201,145.0,0.0901,641.0,21.0,25
6.0,12.0,0.3201,145.0,0.09509999999999999,724.0,27.0,25
6.0,12.0,0.3201,145.0,0.1001,851.0,35.0,25
6.0,12.0,0.3201,145.0,0.1051,924.0,36.0,25
6.0,12.0,0.3201,145.0,0.11009999999999999,1046.0,45.0,25
6.0,12.0,0.3201,145.0,0.1151,1074.0,41.0,25
6.0,12.0,0.3201,145.0,0.1201,1237.0,47.0,25
6.0,12.0,0.3201,145.0,0.1251,1230.0,55.0,25
6.0,12.0,0.3201,145.0,0.1301,1300.0,51.0,25
6.0,12.0,0.3201,145.0,0.1351,1305.0,46.0,25
6.0,12.0,0.3201,145.0,0.1401,1388.0,51.0,25
6.0,12.0,0.3201,145.0,0.1451,1395.0,52.0,25
6.0,12.0,0.3201,145.0,0.15009999999999998,1357.0,54.0,25
6.0,12.0,0.3201,145.0,0.1551,1324.0,53.0,25
6.0,12.0,0.3201,145.0,0.1601,1330.0,56.0,25
6.0,12.0,0.3201,145.0,0.1651,1197.0,52.0,25
6.0,12.0,0.3201,145.0,0.1701,1144.0,50.0,25
6.0,12.0,0.3201,145.0,0.1751,1025.0,49.0,25
6.0,12.0,0.3201,145.0,0.18009999999999998,973.0,49.0,25
6.0,12.0,0.3201,145.0,0.1851,865.0,46.0,25
6.0,12.0,0.3201,145.0,0.1901,880.0,47.0,25
6.0,12.0,0.3201,145.0,0.1951,785.0,45.0,25
6.0,12.0,0.3201,145.0,0.2001,697.0,39.0,25
6.0,12.0,0.3201,145.0,0.2051,688.0,43.0,25
6.0,12.0,0.3201,145.0,0.21009999999999998,750.0,48.0,25
6.0,12.0,0.3201,145.0,0.21509999999999999,637.0,44.0,25
6.0,12.0,0.3201,145.0,0.2201,664.0,47.0,25
6.0,12.0,0.2801,145.0,0.022600000000000002,8.0,5.0,25
6.0,12.0,0.2801,145.0,0.027600000000000003,75.0,7.0,25
6.0,12.0,0.2801,145.0,0.032600000000000004,290.0,15.0,25
6.0,12.0,0.2801,145.0,0.0376,250.0,18.0,25
6.0,12.0,0.2801,145.0,0.0426,354.0,17.0,25
6.0,12.0,0.2801,145.0,0.0476,434.0,18.0,25
6.0,12.0,0.2801,145.0,0.0526,552.0,19.0,25
6.0,12.0,0.2801,145.0,0.0576,720.0,28.0,25
6.0,12.0,0.2801,145.0,0.0626,810.0,30.0,25
6.0,12.0,0.2801,145.0,0.0676,973.0,40.0,25
6.0,12.0,0.2801,145.0,0.0726,1042.0,37.0,25
6.0,12.0,0.2801,145.0,0.07759999999999999,1190.0,41.0,25
6.0,12.0,0.2801,145.0,0.08259999999999999,1322.0,53.0,25
6.0,12.0,0.2801,145.0,0.0876,1418.0,51.0,25
6.0,12.0,0.2801,145.0,0.09259999999999999,1584.0,54.0,25
6.0,12.0,0.2801,145.0,0.09759999999999999,1672.0,56.0,25
6.0,12.0,0.2801,145.0,0.1026,1811.0,65.0,25
6.0,12.0,0.2801,145.0,0.1076,1860.0,68.0,25
6.0,12.0,0.2801,145.0,0.11259999999999999,1892.0,71.0,25
6.0,12.0,0.2801,145.0,0.1176,1964.0,74.0,25
6.0,12.0,0.2801,145.0,0.1226,1916.0,77.0,25
6.0,12.0,0.2801,145.0,0.1276,1891.0,76.0,25
6.0,12.0,0.2801,145.0,0.1326,1753.0,77.0,25
6.0,12.0,0.2801,145.0,0.1376,1702.0,82.0,25
6.0,12.0,0.2801,145.0,0.1426,1550.0,81.0,25
6.0,12.0,0.2801,145.0,0.14759999999999998,1448.0,75.0,25
6.0,12.0,0.2801,145.0,0.15259999999999999,1303.0,76.0,25
6.0,12.0,0.2801,145.0,0.1576,1146.0,65.0,25
6.0,12.0,0.2801,145.0,0.1626,1048.0,62.0,25
6.0,12.0,0.2801,145.0,0.1676,897.0,61.0,25
6.0,12.0,0.2801,145.0,0.1726,922.0,61.0,25
6.0,12.0,0.2801,145.0,0.1776,863.0,62.0,25
6.0,12.0,0.24109999999999998,145.0,0.0086,27.0,4.0,25
6.0,12.0,0.24109999999999998,145.0,0.0136,29.0,3.0,25
6.0,12.0,0.24109999999999998,145.0,0.018600000000000002,15.0,4.0,25
6.0,12.0,0.24109999999999998,145.0,0.023600000000000003,186.0,14.0,25
6.0,12.0,0.24109999999999998,145.0,0.0286,816.0,47.0,25
6.0,12.0,0.24109999999999998,145.0,0.033600000000000005,652.0,30.0,25
6.0,12.0,0.24109999999999998,145.0,0.0386,908.0,40.0,25
6.0,12.0,0.24109999999999998,145.0,0.0436,1070.0,53.0,25
6.0,12.0,0.24109999999999998,145.0,0.048600000000000004,1280.0,52.0,25
6.0,12.0,0.24109999999999998,145.0,0.0536,1442.0,52.0,25
6.0,12.0,0.24109999999999998,145.0,0.0586,1661.0,56.0,25
6.0,12.0,0.24109999999999998,145.0,0.0636,1913.0,70.0,25
6.0,12.0,0.24109999999999998,145.0,0.0686,2051.0,75.0,25
6.0,12.0,0.24109999999999998,145.0,0.0736,2182.0,81.0,25
6.0,12.0,0.24109999999999998,145.0,0.07859999999999999,2410.0,90.0,25
6.0,12.0,0.24109999999999998,145.0,0.0836,2630.0,102.0,25
6.0,12.0,0.24109999999999998,145.0,0.0886,2657.0,102.0,25
6.0,12.0,0.24109999999999998,145.0,0.09359999999999999,2704.0,106.0,25
6.0,12.0,0.24109999999999998,145.0,0.0986,2750.0,114.0,25
6.0,12.0,0.24109999999999998,145.0,0.1036,2613.0,114.0,25
6.0,12.0,0.24109999999999998,145.0,0.10859999999999999,2400.0,110.0,25
6.0,12.0,0.24109999999999998,145.0,0.11359999999999999,2322.0,111.0,25
6.0,12.0,0.24109999999999998,145.0,0.1186,2063.0,101.0,25
6.0,12.0,0.24109999999999998,145.0,0.12359999999999999,1824.0,100.0,25
6.0,12.0,0.24109999999999998,145.0,0.1286,1582.0,100.0,25
6.0,12.0,0.24109999999999998,145.0,0.1336,1491.0,92.0,25
6.0,12.0,0.24109999999999998,145.0,0.1386,1253.0,87.0,25
6.0,12.0,0.1999,145.0,0.0099,238.0,19.0,25
6.0,12.0,0.1999,145.0,0.0149,207.0,13.0,25
6.0,12.0,0.1999,145.0,0.019899999999999998,840.0,45.0,25
6.0,12.0,0.1999,145.0,0.0249,2082.0,80.0,25
6.0,12.0,0.1999,145.0,0.0299,1520.0,67.0,25
6.0,12.0,0.1999,145.0,0.0349,1822.0,74.0,25
6.0,12.0,0.1999,145.0,0.0399,2130.0,90.0,25
6.0,12.0,0.1999,145.0,0.044899999999999995,2520.0,100.0,25
6.0,12.0,0.1999,145.0,0.0499,2940.0,110.0,25
6.0,12.0,0.1999,145.0,0.0549,3400.0,140.0,25
6.0,12.0,0.1999,145.0,0.0599,3660.0,150.0,25
6.0,12.0,0.1999,145.0,0.0649,3750.0,160.0,25
6.0,12.0,0.1999,145.0,0.0699,3860.0,170.0,25
6.0,12.0,0.1999,145.0,0.07490000000000001,3930.0,180.0,25
6.0,12.0,0.1999,145.0,0.0799,3730.0,170.0,25
6.0,12.0,0.1999,145.0,0.0849,3440.0,180.0,25
6.0,12.0,0.1999,145.0,0.08990000000000001,3100.0,170.0,25
6.0,12.0,0.1999,145.0,0.09490000000000001,2820.0,160.0,25
6.0,12.0,0.1999,145.0,0.0999,2480.0,150.0,25
6.0,12.0,0.15969999999999998,145.0,0.0022,718.0,71.0,25
6.0,12.0,0.15969999999999998,145.0,0.0072,1331.0,73.0,25
6.0,12.0,0.15969999999999998,145.0,0.012199999999999999,947.0,51.0,25
6.0,12.0,0.15969999999999998,145.0,0.0172,1055.0,58.0,25
6.0,12.0,0.15969999999999998,145.0,0.0222,3930.0,170.0,25
6.0,12.0,0.15969999999999998,145.0,0.0272,2770.0,120.0,25
6.0,12.0,0.15969999999999998,145.0,0.0322,3320.0,160.0,25
6.0,12.0,0.15969999999999998,145.0,0.037200000000000004,4030.0000000000005,180.0,25
6.0,12.0,0.15969999999999998,145.0,0.0422,4900.0,220.0,25
6.0,12.0,0.15969999999999998,145.0,0.047200000000000006,5420.0,250.0,25
6.0,12.0,0.15969999999999998,145.0,0.0522,5620.0,270.0,25
6.0,12.0,0.15969999999999998,145.0,0.0572,5500.0,280.0,25
6.0,12.0,0.15969999999999998,145.0,0.062200000000000005,5130.0,280.0,25
6.0,12.0,0.1196,145.0,0.0021000000000000003,17100.0,700.0,25
6.0,12.0,0.1196,145.0,0.0070999999999999995,4800.0,340.0,25
6.0,12.0,0.1196,145.0,0.0121,2390.0,210.0,25
6.0,12.0,0.1196,145.0,0.0171,3280.0,260.0,25
6.0,12.0,0.1196,145.0,0.0221,7220.0,410.0,25
